2026-08-17 15:15:17.628 [background-preinit] INFO  o.h.validator.internal.util.Version - HV000001: Hibernate Validator 8.0.2.Final
2026-08-17 15:15:17.669 [main] INFO  com.ragstudy.RagEngineApplication - Starting RagEngineApplication using Java 26.0.1 with PID 6560 (D:\RAG-study\rag-engine\target\classes started by Lenovo in D:\RAG-study\rag-engine)
2026-08-17 15:15:17.670 [main] DEBUG com.ragstudy.RagEngineApplication - Running with Spring Boot v3.4.4, Spring v6.2.5
2026-08-17 15:15:17.671 [main] INFO  com.ragstudy.RagEngineApplication - The following 1 profile is active: "dev"
2026-08-17 15:15:18.837 [main] INFO  o.s.b.w.e.tomcat.TomcatWebServer - Tomcat initialized with port 8002 (http)
2026-08-17 15:15:18.849 [main] INFO  o.a.coyote.http11.Http11NioProtocol - Initializing ProtocolHandler ["http-nio-8002"]
2026-08-17 15:15:18.850 [main] INFO  o.a.catalina.core.StandardService - Starting service [Tomcat]
2026-08-17 15:15:18.851 [main] INFO  o.a.catalina.core.StandardEngine - Starting Servlet engine: [Apache Tomcat/10.1.39]
2026-08-17 15:15:18.928 [main] INFO  o.a.c.c.C.[Tomcat].[localhost].[/] - Initializing Spring embedded WebApplicationContext
2026-08-17 15:15:18.928 [main] INFO  o.s.b.w.s.c.ServletWebServerApplicationContext - Root WebApplicationContext: initialization completed in 1214 ms
2026-08-17 15:15:19.226 [main] INFO  com.zaxxer.hikari.HikariDataSource - HikariPool-1 - Starting...
2026-08-17 15:15:20.734 [main] INFO  c.r.service.EmbeddingServiceImpl - 初始化 Embedding 服务...
2026-08-17 15:15:20.734 [main] INFO  c.r.service.EmbeddingServiceImpl - 加载 ONNX 模型: classpath:models/bge-small-zh-v1.5.onnx
2026-08-17 15:15:21.019 [main] ERROR c.r.service.EmbeddingServiceImpl - Embedding 服务初始化失败: Error code - ORT_INVALID_ARGUMENT - message: Load model from classpath:models/bge-small-zh-v1.5.onnx failed:Load model classpath:models/bge-small-zh-v1.5.onnx failed
ai.onnxruntime.OrtException: Error code - ORT_INVALID_ARGUMENT - message: Load model from classpath:models/bge-small-zh-v1.5.onnx failed:Load model classpath:models/bge-small-zh-v1.5.onnx failed
	at ai.onnxruntime.OrtSession.createSession(Native Method)
	at ai.onnxruntime.OrtSession.<init>(OrtSession.java:74)
	at ai.onnxruntime.OrtEnvironment.createSession(OrtEnvironment.java:236)
	at ai.onnxruntime.OrtEnvironment.createSession(OrtEnvironment.java:221)
	at com.ragstudy.service.EmbeddingServiceImpl.init(EmbeddingServiceImpl.java:45)
	at java.base/jdk.internal.reflect.DirectMethodHandleAccessor.invoke(DirectMethodHandleAccessor.java:104)
	at java.base/java.lang.reflect.Method.invoke(Method.java:565)
	at org.springframework.beans.factory.annotation.InitDestroyAnnotationBeanPostProcessor$LifecycleMethod.invoke(InitDestroyAnnotationBeanPostProcessor.java:457)
	at org.springframework.beans.factory.annotation.InitDestroyAnnotationBeanPostProcessor$LifecycleMetadata.invokeInitMethods(InitDestroyAnnotationBeanPostProcessor.java:401)
	at org.springframework.beans.factory.annotation.InitDestroyAnnotationBeanPostProcessor.postProcessBeforeInitialization(InitDestroyAnnotationBeanPostProcessor.java:219)
	at org.springframework.beans.factory.support.AbstractAutowireCapableBeanFactory.applyBeanPostProcessorsBeforeInitialization(AbstractAutowireCapableBeanFactory.java:423)
	at org.springframework.beans.factory.support.AbstractAutowireCapableBeanFactory.initializeBean(AbstractAutowireCapableBeanFactory.java:1804)
	at org.springframework.beans.factory.support.AbstractAutowireCapableBeanFactory.doCreateBean(AbstractAutowireCapableBeanFactory.java:601)
	at org.springframework.beans.factory.support.AbstractAutowireCapableBeanFactory.createBean(AbstractAutowireCapableBeanFactory.java:523)
	at org.springframework.beans.factory.support.AbstractBeanFactory.lambda$doGetBean$0(AbstractBeanFactory.java:339)
	at org.springframework.beans.factory.support.DefaultSingletonBeanRegistry.getSingleton(DefaultSingletonBeanRegistry.java:347)
	at org.springframework.beans.factory.support.AbstractBeanFactory.doGetBean(AbstractBeanFactory.java:337)
	at org.springframework.beans.factory.support.AbstractBeanFactory.getBean(AbstractBeanFactory.java:202)
	at org.springframework.beans.factory.config.DependencyDescriptor.resolveCandidate(DependencyDescriptor.java:254)
	at org.springframework.beans.factory.support.DefaultListableBeanFactory.doResolveDependency(DefaultListableBeanFactory.java:1667)
	at org.springframework.beans.factory.support.DefaultListableBeanFactory.resolveDependency(DefaultListableBeanFactory.java:1555)
	at org.springframework.beans.factory.support.ConstructorResolver.resolveAutowiredArgument(ConstructorResolver.java:913)
	at org.springframework.beans.factory.support.ConstructorResolver.createArgumentArray(ConstructorResolver.java:791)
	at org.springframework.beans.factory.support.ConstructorResolver.autowireConstructor(ConstructorResolver.java:240)
	at org.springframework.beans.factory.support.AbstractAutowireCapableBeanFactory.autowireConstructor(AbstractAutowireCapableBeanFactory.java:1381)
	at org.springframework.beans.factory.support.AbstractAutowireCapableBeanFactory.createBeanInstance(AbstractAutowireCapableBeanFactory.java:1218)
	at org.springframework.beans.factory.support.AbstractAutowireCapableBeanFactory.doCreateBean(AbstractAutowireCapableBeanFactory.java:563)
	at org.springframework.beans.factory.support.AbstractAutowireCapableBeanFactory.createBean(AbstractAutowireCapableBeanFactory.java:523)
	at org.springframework.beans.factory.support.AbstractBeanFactory.lambda$doGetBean$0(AbstractBeanFactory.java:339)
	at org.springframework.beans.factory.support.DefaultSingletonBeanRegistry.getSingleton(DefaultSingletonBeanRegistry.java:347)
	at org.springframework.beans.factory.support.AbstractBeanFactory.doGetBean(AbstractBeanFactory.java:337)
	at org.springframework.beans.factory.support.AbstractBeanFactory.getBean(AbstractBeanFactory.java:202)
	at org.springframework.beans.factory.support.DefaultListableBeanFactory.doResolveDependency(DefaultListableBeanFactory.java:1609)
	at org.springframework.beans.factory.support.DefaultListableBeanFactory.resolveDependency(DefaultListableBeanFactory.java:1555)
	at org.springframework.beans.factory.support.ConstructorResolver.resolveAutowiredArgument(ConstructorResolver.java:913)
	at org.springframework.beans.factory.support.ConstructorResolver.createArgumentArray(ConstructorResolver.java:791)
	at org.springframework.beans.factory.support.ConstructorResolver.autowireConstructor(ConstructorResolver.java:240)
	at org.springframework.beans.factory.support.AbstractAutowireCapableBeanFactory.autowireConstructor(AbstractAutowireCapableBeanFactory.java:1381)
	at org.springframework.beans.factory.support.AbstractAutowireCapableBeanFactory.createBeanInstance(AbstractAutowireCapableBeanFactory.java:1218)
	at org.springframework.beans.factory.support.AbstractAutowireCapableBeanFactory.doCreateBean(AbstractAutowireCapableBeanFactory.java:563)
	at org.springframework.beans.factory.support.AbstractAutowireCapableBeanFactory.createBean(AbstractAutowireCapableBeanFactory.java:523)
	at org.springframework.beans.factory.support.AbstractBeanFactory.lambda$doGetBean$0(AbstractBeanFactory.java:339)
	at org.springframework.beans.factory.support.DefaultSingletonBeanRegistry.getSingleton(DefaultSingletonBeanRegistry.java:347)
	at org.springframework.beans.factory.support.AbstractBeanFactory.doGetBean(AbstractBeanFactory.java:337)
	at org.springframework.beans.factory.support.AbstractBeanFactory.getBean(AbstractBeanFactory.java:202)
	at org.springframework.beans.factory.support.DefaultListableBeanFactory.instantiateSingleton(DefaultListableBeanFactory.java:1155)
	at org.springframework.beans.factory.support.DefaultListableBeanFactory.preInstantiateSingleton(DefaultListableBeanFactory.java:1121)
	at org.springframework.beans.factory.support.DefaultListableBeanFactory.preInstantiateSingletons(DefaultListableBeanFactory.java:1056)
	at org.springframework.context.support.AbstractApplicationContext.finishBeanFactoryInitialization(AbstractApplicationContext.java:987)
	at org.springframework.context.support.AbstractApplicationContext.refresh(AbstractApplicationContext.java:627)
	at org.springframework.boot.web.servlet.context.ServletWebServerApplicationContext.refresh(ServletWebServerApplicationContext.java:146)
	at org.springframework.boot.SpringApplication.refresh(SpringApplication.java:752)
	at org.springframework.boot.SpringApplication.refreshContext(SpringApplication.java:439)
	at org.springframework.boot.SpringApplication.run(SpringApplication.java:318)
	at org.springframework.boot.SpringApplication.run(SpringApplication.java:1361)
	at org.springframework.boot.SpringApplication.run(SpringApplication.java:1350)
	at com.ragstudy.RagEngineApplication.main(RagEngineApplication.java:10)
2026-08-17 15:15:21.024 [main] INFO  c.r.service.VectorStoreServiceImpl - 初始化向量数据库服务...
2026-08-17 15:15:21.370 [main] ERROR c.r.service.VectorStoreServiceImpl - 向量数据库连接失败: io.grpc.StatusRuntimeException: UNAVAILABLE: io exception
2026-08-17 15:15:21.370 [main] WARN  c.r.service.VectorStoreServiceImpl - Qdrant 服务不可用，将使用降级模式（仅 BM25 检索）
2026-08-17 15:15:21.380 [main] INFO  c.ragstudy.service.Bm25ServiceImpl - 初始化 BM25 索引服务...
2026-08-17 15:15:21.443 [main] WARN  o.a.l.i.v.VectorizationProvider - You are running with Java 23 or later. To make full use of the Vector API, please update Apache Lucene.
2026-08-17 15:15:21.476 [main] INFO  c.ragstudy.service.Bm25ServiceImpl - BM25 索引服务初始化完成, 索引路径: D:\RAG-study\rag-engine\.\data\bm25_index
2026-08-17 15:15:21.952 [main] INFO  o.s.b.a.e.web.EndpointLinksResolver - Exposing 1 endpoint beneath base path '/actuator'
2026-08-17 15:15:21.991 [main] INFO  o.a.coyote.http11.Http11NioProtocol - Starting ProtocolHandler ["http-nio-8002"]
2026-08-17 15:15:22.000 [main] INFO  o.s.b.w.e.tomcat.TomcatWebServer - Tomcat started on port 8002 (http) with context path '/'
2026-08-17 15:15:22.009 [main] INFO  com.ragstudy.RagEngineApplication - Started RagEngineApplication in 4.925 seconds (process running for 5.463)
2026-08-17 15:35:41.235 [background-preinit] INFO  o.h.validator.internal.util.Version - HV000001: Hibernate Validator 8.0.2.Final
2026-08-17 15:35:41.282 [main] INFO  com.ragstudy.RagEngineApplication - Starting RagEngineApplication using Java 26.0.1 with PID 24016 (D:\RAG-study\rag-engine\target\classes started by Lenovo in D:\RAG-study\rag-engine)
2026-08-17 15:35:41.283 [main] DEBUG com.ragstudy.RagEngineApplication - Running with Spring Boot v3.4.4, Spring v6.2.5
2026-08-17 15:35:41.283 [main] INFO  com.ragstudy.RagEngineApplication - The following 1 profile is active: "dev"
2026-08-17 15:35:42.790 [main] INFO  o.s.b.w.e.tomcat.TomcatWebServer - Tomcat initialized with port 8002 (http)
2026-08-17 15:35:42.819 [main] INFO  o.a.coyote.http11.Http11NioProtocol - Initializing ProtocolHandler ["http-nio-8002"]
2026-08-17 15:35:42.823 [main] INFO  o.a.catalina.core.StandardService - Starting service [Tomcat]
2026-08-17 15:35:42.823 [main] INFO  o.a.catalina.core.StandardEngine - Starting Servlet engine: [Apache Tomcat/10.1.39]
2026-08-17 15:35:42.913 [main] INFO  o.a.c.c.C.[Tomcat].[localhost].[/] - Initializing Spring embedded WebApplicationContext
2026-08-17 15:35:42.913 [main] INFO  o.s.b.w.s.c.ServletWebServerApplicationContext - Root WebApplicationContext: initialization completed in 1576 ms
2026-08-17 15:35:43.285 [main] INFO  com.zaxxer.hikari.HikariDataSource - HikariPool-1 - Starting...
2026-08-17 15:35:44.909 [main] INFO  c.r.service.EmbeddingServiceImpl - 初始化 Embedding 服务...
2026-08-17 15:35:44.910 [main] ERROR c.r.service.EmbeddingServiceImpl - Embedding 服务初始化失败: 无法解析 classpath 资源: models/model.onnx
java.lang.RuntimeException: 无法解析 classpath 资源: models/model.onnx
	at com.ragstudy.service.EmbeddingServiceImpl.resolvePath(EmbeddingServiceImpl.java:69)
	at com.ragstudy.service.EmbeddingServiceImpl.init(EmbeddingServiceImpl.java:42)
	at java.base/jdk.internal.reflect.DirectMethodHandleAccessor.invoke(DirectMethodHandleAccessor.java:104)
	at java.base/java.lang.reflect.Method.invoke(Method.java:565)
	at org.springframework.beans.factory.annotation.InitDestroyAnnotationBeanPostProcessor$LifecycleMethod.invoke(InitDestroyAnnotationBeanPostProcessor.java:457)
	at org.springframework.beans.factory.annotation.InitDestroyAnnotationBeanPostProcessor$LifecycleMetadata.invokeInitMethods(InitDestroyAnnotationBeanPostProcessor.java:401)
	at org.springframework.beans.factory.annotation.InitDestroyAnnotationBeanPostProcessor.postProcessBeforeInitialization(InitDestroyAnnotationBeanPostProcessor.java:219)
	at org.springframework.beans.factory.support.AbstractAutowireCapableBeanFactory.applyBeanPostProcessorsBeforeInitialization(AbstractAutowireCapableBeanFactory.java:423)
	at org.springframework.beans.factory.support.AbstractAutowireCapableBeanFactory.initializeBean(AbstractAutowireCapableBeanFactory.java:1804)
	at org.springframework.beans.factory.support.AbstractAutowireCapableBeanFactory.doCreateBean(AbstractAutowireCapableBeanFactory.java:601)
	at org.springframework.beans.factory.support.AbstractAutowireCapableBeanFactory.createBean(AbstractAutowireCapableBeanFactory.java:523)
	at org.springframework.beans.factory.support.AbstractBeanFactory.lambda$doGetBean$0(AbstractBeanFactory.java:339)
	at org.springframework.beans.factory.support.DefaultSingletonBeanRegistry.getSingleton(DefaultSingletonBeanRegistry.java:347)
	at org.springframework.beans.factory.support.AbstractBeanFactory.doGetBean(AbstractBeanFactory.java:337)
	at org.springframework.beans.factory.support.AbstractBeanFactory.getBean(AbstractBeanFactory.java:202)
	at org.springframework.beans.factory.config.DependencyDescriptor.resolveCandidate(DependencyDescriptor.java:254)
	at org.springframework.beans.factory.support.DefaultListableBeanFactory.doResolveDependency(DefaultListableBeanFactory.java:1667)
	at org.springframework.beans.factory.support.DefaultListableBeanFactory.resolveDependency(DefaultListableBeanFactory.java:1555)
	at org.springframework.beans.factory.support.ConstructorResolver.resolveAutowiredArgument(ConstructorResolver.java:913)
	at org.springframework.beans.factory.support.ConstructorResolver.createArgumentArray(ConstructorResolver.java:791)
	at org.springframework.beans.factory.support.ConstructorResolver.autowireConstructor(ConstructorResolver.java:240)
	at org.springframework.beans.factory.support.AbstractAutowireCapableBeanFactory.autowireConstructor(AbstractAutowireCapableBeanFactory.java:1381)
	at org.springframework.beans.factory.support.AbstractAutowireCapableBeanFactory.createBeanInstance(AbstractAutowireCapableBeanFactory.java:1218)
	at org.springframework.beans.factory.support.AbstractAutowireCapableBeanFactory.doCreateBean(AbstractAutowireCapableBeanFactory.java:563)
	at org.springframework.beans.factory.support.AbstractAutowireCapableBeanFactory.createBean(AbstractAutowireCapableBeanFactory.java:523)
	at org.springframework.beans.factory.support.AbstractBeanFactory.lambda$doGetBean$0(AbstractBeanFactory.java:339)
	at org.springframework.beans.factory.support.DefaultSingletonBeanRegistry.getSingleton(DefaultSingletonBeanRegistry.java:347)
	at org.springframework.beans.factory.support.AbstractBeanFactory.doGetBean(AbstractBeanFactory.java:337)
	at org.springframework.beans.factory.support.AbstractBeanFactory.getBean(AbstractBeanFactory.java:202)
	at org.springframework.beans.factory.support.DefaultListableBeanFactory.doResolveDependency(DefaultListableBeanFactory.java:1609)
	at org.springframework.beans.factory.support.DefaultListableBeanFactory.resolveDependency(DefaultListableBeanFactory.java:1555)
	at org.springframework.beans.factory.support.ConstructorResolver.resolveAutowiredArgument(ConstructorResolver.java:913)
	at org.springframework.beans.factory.support.ConstructorResolver.createArgumentArray(ConstructorResolver.java:791)
	at org.springframework.beans.factory.support.ConstructorResolver.autowireConstructor(ConstructorResolver.java:240)
	at org.springframework.beans.factory.support.AbstractAutowireCapableBeanFactory.autowireConstructor(AbstractAutowireCapableBeanFactory.java:1381)
	at org.springframework.beans.factory.support.AbstractAutowireCapableBeanFactory.createBeanInstance(AbstractAutowireCapableBeanFactory.java:1218)
	at org.springframework.beans.factory.support.AbstractAutowireCapableBeanFactory.doCreateBean(AbstractAutowireCapableBeanFactory.java:563)
	at org.springframework.beans.factory.support.AbstractAutowireCapableBeanFactory.createBean(AbstractAutowireCapableBeanFactory.java:523)
	at org.springframework.beans.factory.support.AbstractBeanFactory.lambda$doGetBean$0(AbstractBeanFactory.java:339)
	at org.springframework.beans.factory.support.DefaultSingletonBeanRegistry.getSingleton(DefaultSingletonBeanRegistry.java:347)
	at org.springframework.beans.factory.support.AbstractBeanFactory.doGetBean(AbstractBeanFactory.java:337)
	at org.springframework.beans.factory.support.AbstractBeanFactory.getBean(AbstractBeanFactory.java:202)
	at org.springframework.beans.factory.support.DefaultListableBeanFactory.instantiateSingleton(DefaultListableBeanFactory.java:1155)
	at org.springframework.beans.factory.support.DefaultListableBeanFactory.preInstantiateSingleton(DefaultListableBeanFactory.java:1121)
	at org.springframework.beans.factory.support.DefaultListableBeanFactory.preInstantiateSingletons(DefaultListableBeanFactory.java:1056)
	at org.springframework.context.support.AbstractApplicationContext.finishBeanFactoryInitialization(AbstractApplicationContext.java:987)
	at org.springframework.context.support.AbstractApplicationContext.refresh(AbstractApplicationContext.java:627)
	at org.springframework.boot.web.servlet.context.ServletWebServerApplicationContext.refresh(ServletWebServerApplicationContext.java:146)
	at org.springframework.boot.SpringApplication.refresh(SpringApplication.java:752)
	at org.springframework.boot.SpringApplication.refreshContext(SpringApplication.java:439)
	at org.springframework.boot.SpringApplication.run(SpringApplication.java:318)
	at org.springframework.boot.SpringApplication.run(SpringApplication.java:1361)
	at org.springframework.boot.SpringApplication.run(SpringApplication.java:1350)
	at com.ragstudy.RagEngineApplication.main(RagEngineApplication.java:10)
Caused by: java.io.FileNotFoundException: class path resource [models/model.onnx] cannot be resolved to URL because it does not exist
	at org.springframework.core.io.ClassPathResource.getURL(ClassPathResource.java:230)
	at org.springframework.core.io.AbstractFileResolvingResource.getFile(AbstractFileResolvingResource.java:200)
	at com.ragstudy.service.EmbeddingServiceImpl.resolvePath(EmbeddingServiceImpl.java:67)
	... 53 common frames omitted
2026-08-17 15:35:44.921 [main] INFO  c.r.service.VectorStoreServiceImpl - 初始化向量数据库服务...
2026-08-17 15:35:45.560 [main] INFO  c.r.service.VectorStoreServiceImpl - Qdrant 连接成功: localhost:6334
2026-08-17 15:35:45.562 [main] INFO  c.r.service.VectorStoreServiceImpl - 向量数据库服务初始化完成
2026-08-17 15:35:45.574 [main] INFO  c.ragstudy.service.Bm25ServiceImpl - 初始化 BM25 索引服务...
2026-08-17 15:35:45.671 [main] WARN  o.a.l.i.v.VectorizationProvider - You are running with Java 23 or later. To make full use of the Vector API, please update Apache Lucene.
2026-08-17 15:35:45.695 [main] ERROR c.ragstudy.service.Bm25ServiceImpl - BM25 索引初始化失败
org.apache.lucene.store.LockObtainFailedException: Lock held by another program: D:\RAG-study\rag-engine\data\bm25_index\write.lock
	at org.apache.lucene.store.NativeFSLockFactory.obtainFSLock(NativeFSLockFactory.java:117)
	at org.apache.lucene.store.FSLockFactory.obtainLock(FSLockFactory.java:43)
	at org.apache.lucene.store.BaseDirectory.obtainLock(BaseDirectory.java:44)
	at org.apache.lucene.index.IndexWriter.<init>(IndexWriter.java:956)
	at com.ragstudy.service.Bm25ServiceImpl.init(Bm25ServiceImpl.java:54)
	at java.base/jdk.internal.reflect.DirectMethodHandleAccessor.invoke(DirectMethodHandleAccessor.java:104)
	at java.base/java.lang.reflect.Method.invoke(Method.java:565)
	at org.springframework.beans.factory.annotation.InitDestroyAnnotationBeanPostProcessor$LifecycleMethod.invoke(InitDestroyAnnotationBeanPostProcessor.java:457)
	at org.springframework.beans.factory.annotation.InitDestroyAnnotationBeanPostProcessor$LifecycleMetadata.invokeInitMethods(InitDestroyAnnotationBeanPostProcessor.java:401)
	at org.springframework.beans.factory.annotation.InitDestroyAnnotationBeanPostProcessor.postProcessBeforeInitialization(InitDestroyAnnotationBeanPostProcessor.java:219)
	at org.springframework.beans.factory.support.AbstractAutowireCapableBeanFactory.applyBeanPostProcessorsBeforeInitialization(AbstractAutowireCapableBeanFactory.java:423)
	at org.springframework.beans.factory.support.AbstractAutowireCapableBeanFactory.initializeBean(AbstractAutowireCapableBeanFactory.java:1804)
	at org.springframework.beans.factory.support.AbstractAutowireCapableBeanFactory.doCreateBean(AbstractAutowireCapableBeanFactory.java:601)
	at org.springframework.beans.factory.support.AbstractAutowireCapableBeanFactory.createBean(AbstractAutowireCapableBeanFactory.java:523)
	at org.springframework.beans.factory.support.AbstractBeanFactory.lambda$doGetBean$0(AbstractBeanFactory.java:339)
	at org.springframework.beans.factory.support.DefaultSingletonBeanRegistry.getSingleton(DefaultSingletonBeanRegistry.java:347)
	at org.springframework.beans.factory.support.AbstractBeanFactory.doGetBean(AbstractBeanFactory.java:337)
	at org.springframework.beans.factory.support.AbstractBeanFactory.getBean(AbstractBeanFactory.java:202)
	at org.springframework.beans.factory.config.DependencyDescriptor.resolveCandidate(DependencyDescriptor.java:254)
	at org.springframework.beans.factory.support.DefaultListableBeanFactory.doResolveDependency(DefaultListableBeanFactory.java:1667)
	at org.springframework.beans.factory.support.DefaultListableBeanFactory.resolveDependency(DefaultListableBeanFactory.java:1555)
	at org.springframework.beans.factory.support.ConstructorResolver.resolveAutowiredArgument(ConstructorResolver.java:913)
	at org.springframework.beans.factory.support.ConstructorResolver.createArgumentArray(ConstructorResolver.java:791)
	at org.springframework.beans.factory.support.ConstructorResolver.autowireConstructor(ConstructorResolver.java:240)
	at org.springframework.beans.factory.support.AbstractAutowireCapableBeanFactory.autowireConstructor(AbstractAutowireCapableBeanFactory.java:1381)
	at org.springframework.beans.factory.support.AbstractAutowireCapableBeanFactory.createBeanInstance(AbstractAutowireCapableBeanFactory.java:1218)
	at org.springframework.beans.factory.support.AbstractAutowireCapableBeanFactory.doCreateBean(AbstractAutowireCapableBeanFactory.java:563)
	at org.springframework.beans.factory.support.AbstractAutowireCapableBeanFactory.createBean(AbstractAutowireCapableBeanFactory.java:523)
	at org.springframework.beans.factory.support.AbstractBeanFactory.lambda$doGetBean$0(AbstractBeanFactory.java:339)
	at org.springframework.beans.factory.support.DefaultSingletonBeanRegistry.getSingleton(DefaultSingletonBeanRegistry.java:347)
	at org.springframework.beans.factory.support.AbstractBeanFactory.doGetBean(AbstractBeanFactory.java:337)
	at org.springframework.beans.factory.support.AbstractBeanFactory.getBean(AbstractBeanFactory.java:202)
	at org.springframework.beans.factory.support.DefaultListableBeanFactory.doResolveDependency(DefaultListableBeanFactory.java:1609)
	at org.springframework.beans.factory.support.DefaultListableBeanFactory.resolveDependency(DefaultListableBeanFactory.java:1555)
	at org.springframework.beans.factory.support.ConstructorResolver.resolveAutowiredArgument(ConstructorResolver.java:913)
	at org.springframework.beans.factory.support.ConstructorResolver.createArgumentArray(ConstructorResolver.java:791)
	at org.springframework.beans.factory.support.ConstructorResolver.autowireConstructor(ConstructorResolver.java:240)
	at org.springframework.beans.factory.support.AbstractAutowireCapableBeanFactory.autowireConstructor(AbstractAutowireCapableBeanFactory.java:1381)
	at org.springframework.beans.factory.support.AbstractAutowireCapableBeanFactory.createBeanInstance(AbstractAutowireCapableBeanFactory.java:1218)
	at org.springframework.beans.factory.support.AbstractAutowireCapableBeanFactory.doCreateBean(AbstractAutowireCapableBeanFactory.java:563)
	at org.springframework.beans.factory.support.AbstractAutowireCapableBeanFactory.createBean(AbstractAutowireCapableBeanFactory.java:523)
	at org.springframework.beans.factory.support.AbstractBeanFactory.lambda$doGetBean$0(AbstractBeanFactory.java:339)
	at org.springframework.beans.factory.support.DefaultSingletonBeanRegistry.getSingleton(DefaultSingletonBeanRegistry.java:347)
	at org.springframework.beans.factory.support.AbstractBeanFactory.doGetBean(AbstractBeanFactory.java:337)
	at org.springframework.beans.factory.support.AbstractBeanFactory.getBean(AbstractBeanFactory.java:202)
	at org.springframework.beans.factory.support.DefaultListableBeanFactory.instantiateSingleton(DefaultListableBeanFactory.java:1155)
	at org.springframework.beans.factory.support.DefaultListableBeanFactory.preInstantiateSingleton(DefaultListableBeanFactory.java:1121)
	at org.springframework.beans.factory.support.DefaultListableBeanFactory.preInstantiateSingletons(DefaultListableBeanFactory.java:1056)
	at org.springframework.context.support.AbstractApplicationContext.finishBeanFactoryInitialization(AbstractApplicationContext.java:987)
	at org.springframework.context.support.AbstractApplicationContext.refresh(AbstractApplicationContext.java:627)
	at org.springframework.boot.web.servlet.context.ServletWebServerApplicationContext.refresh(ServletWebServerApplicationContext.java:146)
	at org.springframework.boot.SpringApplication.refresh(SpringApplication.java:752)
	at org.springframework.boot.SpringApplication.refreshContext(SpringApplication.java:439)
	at org.springframework.boot.SpringApplication.run(SpringApplication.java:318)
	at org.springframework.boot.SpringApplication.run(SpringApplication.java:1361)
	at org.springframework.boot.SpringApplication.run(SpringApplication.java:1350)
	at com.ragstudy.RagEngineApplication.main(RagEngineApplication.java:10)
2026-08-17 15:35:45.698 [main] WARN  o.s.b.w.s.c.AnnotationConfigServletWebServerApplicationContext - Exception encountered during context initialization - cancelling refresh attempt: org.springframework.beans.factory.UnsatisfiedDependencyException: Error creating bean with name 'knowledgeController' defined in file [D:\RAG-study\rag-engine\target\classes\com\ragstudy\controller\KnowledgeController.class]: Unsatisfied dependency expressed through constructor parameter 0: Error creating bean with name 'knowledgeBaseService' defined in file [D:\RAG-study\rag-engine\target\classes\com\ragstudy\service\KnowledgeBaseService.class]: Unsatisfied dependency expressed through constructor parameter 5: Error creating bean with name 'bm25ServiceImpl': Invocation of init method failed
2026-08-17 15:35:45.706 [main] INFO  c.r.service.VectorStoreServiceImpl - Qdrant 客户端已关闭
2026-08-17 15:35:45.706 [main] INFO  c.r.service.EmbeddingServiceImpl - Embedding 服务已关闭
2026-08-17 15:35:45.710 [main] INFO  o.a.catalina.core.StandardService - Stopping service [Tomcat]
2026-08-17 15:35:45.726 [main] INFO  o.s.b.a.l.ConditionEvaluationReportLogger - 

Error starting ApplicationContext. To display the condition evaluation report re-run your application with 'debug' enabled.
2026-08-17 15:35:45.746 [main] ERROR o.s.boot.SpringApplication - Application run failed
org.springframework.beans.factory.UnsatisfiedDependencyException: Error creating bean with name 'knowledgeController' defined in file [D:\RAG-study\rag-engine\target\classes\com\ragstudy\controller\KnowledgeController.class]: Unsatisfied dependency expressed through constructor parameter 0: Error creating bean with name 'knowledgeBaseService' defined in file [D:\RAG-study\rag-engine\target\classes\com\ragstudy\service\KnowledgeBaseService.class]: Unsatisfied dependency expressed through constructor parameter 5: Error creating bean with name 'bm25ServiceImpl': Invocation of init method failed
	at org.springframework.beans.factory.support.ConstructorResolver.createArgumentArray(ConstructorResolver.java:804)
	at org.springframework.beans.factory.support.ConstructorResolver.autowireConstructor(ConstructorResolver.java:240)
	at org.springframework.beans.factory.support.AbstractAutowireCapableBeanFactory.autowireConstructor(AbstractAutowireCapableBeanFactory.java:1381)
	at org.springframework.beans.factory.support.AbstractAutowireCapableBeanFactory.createBeanInstance(AbstractAutowireCapableBeanFactory.java:1218)
	at org.springframework.beans.factory.support.AbstractAutowireCapableBeanFactory.doCreateBean(AbstractAutowireCapableBeanFactory.java:563)
	at org.springframework.beans.factory.support.AbstractAutowireCapableBeanFactory.createBean(AbstractAutowireCapableBeanFactory.java:523)
	at org.springframework.beans.factory.support.AbstractBeanFactory.lambda$doGetBean$0(AbstractBeanFactory.java:339)
	at org.springframework.beans.factory.support.DefaultSingletonBeanRegistry.getSingleton(DefaultSingletonBeanRegistry.java:347)
	at org.springframework.beans.factory.support.AbstractBeanFactory.doGetBean(AbstractBeanFactory.java:337)
	at org.springframework.beans.factory.support.AbstractBeanFactory.getBean(AbstractBeanFactory.java:202)
	at org.springframework.beans.factory.support.DefaultListableBeanFactory.instantiateSingleton(DefaultListableBeanFactory.java:1155)
	at org.springframework.beans.factory.support.DefaultListableBeanFactory.preInstantiateSingleton(DefaultListableBeanFactory.java:1121)
	at org.springframework.beans.factory.support.DefaultListableBeanFactory.preInstantiateSingletons(DefaultListableBeanFactory.java:1056)
	at org.springframework.context.support.AbstractApplicationContext.finishBeanFactoryInitialization(AbstractApplicationContext.java:987)
	at org.springframework.context.support.AbstractApplicationContext.refresh(AbstractApplicationContext.java:627)
	at org.springframework.boot.web.servlet.context.ServletWebServerApplicationContext.refresh(ServletWebServerApplicationContext.java:146)
	at org.springframework.boot.SpringApplication.refresh(SpringApplication.java:752)
	at org.springframework.boot.SpringApplication.refreshContext(SpringApplication.java:439)
	at org.springframework.boot.SpringApplication.run(SpringApplication.java:318)
	at org.springframework.boot.SpringApplication.run(SpringApplication.java:1361)
	at org.springframework.boot.SpringApplication.run(SpringApplication.java:1350)
	at com.ragstudy.RagEngineApplication.main(RagEngineApplication.java:10)
Caused by: org.springframework.beans.factory.UnsatisfiedDependencyException: Error creating bean with name 'knowledgeBaseService' defined in file [D:\RAG-study\rag-engine\target\classes\com\ragstudy\service\KnowledgeBaseService.class]: Unsatisfied dependency expressed through constructor parameter 5: Error creating bean with name 'bm25ServiceImpl': Invocation of init method failed
	at org.springframework.beans.factory.support.ConstructorResolver.createArgumentArray(ConstructorResolver.java:804)
	at org.springframework.beans.factory.support.ConstructorResolver.autowireConstructor(ConstructorResolver.java:240)
	at org.springframework.beans.factory.support.AbstractAutowireCapableBeanFactory.autowireConstructor(AbstractAutowireCapableBeanFactory.java:1381)
	at org.springframework.beans.factory.support.AbstractAutowireCapableBeanFactory.createBeanInstance(AbstractAutowireCapableBeanFactory.java:1218)
	at org.springframework.beans.factory.support.AbstractAutowireCapableBeanFactory.doCreateBean(AbstractAutowireCapableBeanFactory.java:563)
	at org.springframework.beans.factory.support.AbstractAutowireCapableBeanFactory.createBean(AbstractAutowireCapableBeanFactory.java:523)
	at org.springframework.beans.factory.support.AbstractBeanFactory.lambda$doGetBean$0(AbstractBeanFactory.java:339)
	at org.springframework.beans.factory.support.DefaultSingletonBeanRegistry.getSingleton(DefaultSingletonBeanRegistry.java:347)
	at org.springframework.beans.factory.support.AbstractBeanFactory.doGetBean(AbstractBeanFactory.java:337)
	at org.springframework.beans.factory.support.AbstractBeanFactory.getBean(AbstractBeanFactory.java:202)
	at org.springframework.beans.factory.support.DefaultListableBeanFactory.doResolveDependency(DefaultListableBeanFactory.java:1609)
	at org.springframework.beans.factory.support.DefaultListableBeanFactory.resolveDependency(DefaultListableBeanFactory.java:1555)
	at org.springframework.beans.factory.support.ConstructorResolver.resolveAutowiredArgument(ConstructorResolver.java:913)
	at org.springframework.beans.factory.support.ConstructorResolver.createArgumentArray(ConstructorResolver.java:791)
	... 21 common frames omitted
Caused by: org.springframework.beans.factory.BeanCreationException: Error creating bean with name 'bm25ServiceImpl': Invocation of init method failed
	at org.springframework.beans.factory.annotation.InitDestroyAnnotationBeanPostProcessor.postProcessBeforeInitialization(InitDestroyAnnotationBeanPostProcessor.java:222)
	at org.springframework.beans.factory.support.AbstractAutowireCapableBeanFactory.applyBeanPostProcessorsBeforeInitialization(AbstractAutowireCapableBeanFactory.java:423)
	at org.springframework.beans.factory.support.AbstractAutowireCapableBeanFactory.initializeBean(AbstractAutowireCapableBeanFactory.java:1804)
	at org.springframework.beans.factory.support.AbstractAutowireCapableBeanFactory.doCreateBean(AbstractAutowireCapableBeanFactory.java:601)
	at org.springframework.beans.factory.support.AbstractAutowireCapableBeanFactory.createBean(AbstractAutowireCapableBeanFactory.java:523)
	at org.springframework.beans.factory.support.AbstractBeanFactory.lambda$doGetBean$0(AbstractBeanFactory.java:339)
	at org.springframework.beans.factory.support.DefaultSingletonBeanRegistry.getSingleton(DefaultSingletonBeanRegistry.java:347)
	at org.springframework.beans.factory.support.AbstractBeanFactory.doGetBean(AbstractBeanFactory.java:337)
	at org.springframework.beans.factory.support.AbstractBeanFactory.getBean(AbstractBeanFactory.java:202)
	at org.springframework.beans.factory.config.DependencyDescriptor.resolveCandidate(DependencyDescriptor.java:254)
	at org.springframework.beans.factory.support.DefaultListableBeanFactory.doResolveDependency(DefaultListableBeanFactory.java:1667)
	at org.springframework.beans.factory.support.DefaultListableBeanFactory.resolveDependency(DefaultListableBeanFactory.java:1555)
	at org.springframework.beans.factory.support.ConstructorResolver.resolveAutowiredArgument(ConstructorResolver.java:913)
	at org.springframework.beans.factory.support.ConstructorResolver.createArgumentArray(ConstructorResolver.java:791)
	... 34 common frames omitted
Caused by: java.lang.RuntimeException: BM25 索引初始化失败
	at com.ragstudy.service.Bm25ServiceImpl.init(Bm25ServiceImpl.java:59)
	at java.base/jdk.internal.reflect.DirectMethodHandleAccessor.invoke(DirectMethodHandleAccessor.java:104)
	at java.base/java.lang.reflect.Method.invoke(Method.java:565)
	at org.springframework.beans.factory.annotation.InitDestroyAnnotationBeanPostProcessor$LifecycleMethod.invoke(InitDestroyAnnotationBeanPostProcessor.java:457)
	at org.springframework.beans.factory.annotation.InitDestroyAnnotationBeanPostProcessor$LifecycleMetadata.invokeInitMethods(InitDestroyAnnotationBeanPostProcessor.java:401)
	at org.springframework.beans.factory.annotation.InitDestroyAnnotationBeanPostProcessor.postProcessBeforeInitialization(InitDestroyAnnotationBeanPostProcessor.java:219)
	... 47 common frames omitted
Caused by: org.apache.lucene.store.LockObtainFailedException: Lock held by another program: D:\RAG-study\rag-engine\data\bm25_index\write.lock
	at org.apache.lucene.store.NativeFSLockFactory.obtainFSLock(NativeFSLockFactory.java:117)
	at org.apache.lucene.store.FSLockFactory.obtainLock(FSLockFactory.java:43)
	at org.apache.lucene.store.BaseDirectory.obtainLock(BaseDirectory.java:44)
	at org.apache.lucene.index.IndexWriter.<init>(IndexWriter.java:956)
	at com.ragstudy.service.Bm25ServiceImpl.init(Bm25ServiceImpl.java:54)
	... 52 common frames omitted
2026-08-17 15:36:10.203 [background-preinit] INFO  o.h.validator.internal.util.Version - HV000001: Hibernate Validator 8.0.2.Final
2026-08-17 15:36:10.248 [main] INFO  com.ragstudy.RagEngineApplication - Starting RagEngineApplication using Java 26.0.1 with PID 27364 (D:\RAG-study\rag-engine\target\classes started by Lenovo in D:\RAG-study\rag-engine)
2026-08-17 15:36:10.249 [main] DEBUG com.ragstudy.RagEngineApplication - Running with Spring Boot v3.4.4, Spring v6.2.5
2026-08-17 15:36:10.249 [main] INFO  com.ragstudy.RagEngineApplication - The following 1 profile is active: "dev"
2026-08-17 15:36:11.517 [main] INFO  o.s.b.w.e.tomcat.TomcatWebServer - Tomcat initialized with port 8002 (http)
2026-08-17 15:36:11.533 [main] INFO  o.a.coyote.http11.Http11NioProtocol - Initializing ProtocolHandler ["http-nio-8002"]
2026-08-17 15:36:11.534 [main] INFO  o.a.catalina.core.StandardService - Starting service [Tomcat]
2026-08-17 15:36:11.534 [main] INFO  o.a.catalina.core.StandardEngine - Starting Servlet engine: [Apache Tomcat/10.1.39]
2026-08-17 15:36:11.613 [main] INFO  o.a.c.c.C.[Tomcat].[localhost].[/] - Initializing Spring embedded WebApplicationContext
2026-08-17 15:36:11.614 [main] INFO  o.s.b.w.s.c.ServletWebServerApplicationContext - Root WebApplicationContext: initialization completed in 1325 ms
2026-08-17 15:36:11.896 [main] INFO  com.zaxxer.hikari.HikariDataSource - HikariPool-1 - Starting...
2026-08-17 15:36:13.448 [main] INFO  c.r.service.EmbeddingServiceImpl - 初始化 Embedding 服务...
2026-08-17 15:36:13.448 [main] ERROR c.r.service.EmbeddingServiceImpl - Embedding 服务初始化失败: 无法解析 classpath 资源: models/model.onnx
java.lang.RuntimeException: 无法解析 classpath 资源: models/model.onnx
	at com.ragstudy.service.EmbeddingServiceImpl.resolvePath(EmbeddingServiceImpl.java:69)
	at com.ragstudy.service.EmbeddingServiceImpl.init(EmbeddingServiceImpl.java:42)
	at java.base/jdk.internal.reflect.DirectMethodHandleAccessor.invoke(DirectMethodHandleAccessor.java:104)
	at java.base/java.lang.reflect.Method.invoke(Method.java:565)
	at org.springframework.beans.factory.annotation.InitDestroyAnnotationBeanPostProcessor$LifecycleMethod.invoke(InitDestroyAnnotationBeanPostProcessor.java:457)
	at org.springframework.beans.factory.annotation.InitDestroyAnnotationBeanPostProcessor$LifecycleMetadata.invokeInitMethods(InitDestroyAnnotationBeanPostProcessor.java:401)
	at org.springframework.beans.factory.annotation.InitDestroyAnnotationBeanPostProcessor.postProcessBeforeInitialization(InitDestroyAnnotationBeanPostProcessor.java:219)
	at org.springframework.beans.factory.support.AbstractAutowireCapableBeanFactory.applyBeanPostProcessorsBeforeInitialization(AbstractAutowireCapableBeanFactory.java:423)
	at org.springframework.beans.factory.support.AbstractAutowireCapableBeanFactory.initializeBean(AbstractAutowireCapableBeanFactory.java:1804)
	at org.springframework.beans.factory.support.AbstractAutowireCapableBeanFactory.doCreateBean(AbstractAutowireCapableBeanFactory.java:601)
	at org.springframework.beans.factory.support.AbstractAutowireCapableBeanFactory.createBean(AbstractAutowireCapableBeanFactory.java:523)
	at org.springframework.beans.factory.support.AbstractBeanFactory.lambda$doGetBean$0(AbstractBeanFactory.java:339)
	at org.springframework.beans.factory.support.DefaultSingletonBeanRegistry.getSingleton(DefaultSingletonBeanRegistry.java:347)
	at org.springframework.beans.factory.support.AbstractBeanFactory.doGetBean(AbstractBeanFactory.java:337)
	at org.springframework.beans.factory.support.AbstractBeanFactory.getBean(AbstractBeanFactory.java:202)
	at org.springframework.beans.factory.config.DependencyDescriptor.resolveCandidate(DependencyDescriptor.java:254)
	at org.springframework.beans.factory.support.DefaultListableBeanFactory.doResolveDependency(DefaultListableBeanFactory.java:1667)
	at org.springframework.beans.factory.support.DefaultListableBeanFactory.resolveDependency(DefaultListableBeanFactory.java:1555)
	at org.springframework.beans.factory.support.ConstructorResolver.resolveAutowiredArgument(ConstructorResolver.java:913)
	at org.springframework.beans.factory.support.ConstructorResolver.createArgumentArray(ConstructorResolver.java:791)
	at org.springframework.beans.factory.support.ConstructorResolver.autowireConstructor(ConstructorResolver.java:240)
	at org.springframework.beans.factory.support.AbstractAutowireCapableBeanFactory.autowireConstructor(AbstractAutowireCapableBeanFactory.java:1381)
	at org.springframework.beans.factory.support.AbstractAutowireCapableBeanFactory.createBeanInstance(AbstractAutowireCapableBeanFactory.java:1218)
	at org.springframework.beans.factory.support.AbstractAutowireCapableBeanFactory.doCreateBean(AbstractAutowireCapableBeanFactory.java:563)
	at org.springframework.beans.factory.support.AbstractAutowireCapableBeanFactory.createBean(AbstractAutowireCapableBeanFactory.java:523)
	at org.springframework.beans.factory.support.AbstractBeanFactory.lambda$doGetBean$0(AbstractBeanFactory.java:339)
	at org.springframework.beans.factory.support.DefaultSingletonBeanRegistry.getSingleton(DefaultSingletonBeanRegistry.java:347)
	at org.springframework.beans.factory.support.AbstractBeanFactory.doGetBean(AbstractBeanFactory.java:337)
	at org.springframework.beans.factory.support.AbstractBeanFactory.getBean(AbstractBeanFactory.java:202)
	at org.springframework.beans.factory.support.DefaultListableBeanFactory.doResolveDependency(DefaultListableBeanFactory.java:1609)
	at org.springframework.beans.factory.support.DefaultListableBeanFactory.resolveDependency(DefaultListableBeanFactory.java:1555)
	at org.springframework.beans.factory.support.ConstructorResolver.resolveAutowiredArgument(ConstructorResolver.java:913)
	at org.springframework.beans.factory.support.ConstructorResolver.createArgumentArray(ConstructorResolver.java:791)
	at org.springframework.beans.factory.support.ConstructorResolver.autowireConstructor(ConstructorResolver.java:240)
	at org.springframework.beans.factory.support.AbstractAutowireCapableBeanFactory.autowireConstructor(AbstractAutowireCapableBeanFactory.java:1381)
	at org.springframework.beans.factory.support.AbstractAutowireCapableBeanFactory.createBeanInstance(AbstractAutowireCapableBeanFactory.java:1218)
	at org.springframework.beans.factory.support.AbstractAutowireCapableBeanFactory.doCreateBean(AbstractAutowireCapableBeanFactory.java:563)
	at org.springframework.beans.factory.support.AbstractAutowireCapableBeanFactory.createBean(AbstractAutowireCapableBeanFactory.java:523)
	at org.springframework.beans.factory.support.AbstractBeanFactory.lambda$doGetBean$0(AbstractBeanFactory.java:339)
	at org.springframework.beans.factory.support.DefaultSingletonBeanRegistry.getSingleton(DefaultSingletonBeanRegistry.java:347)
	at org.springframework.beans.factory.support.AbstractBeanFactory.doGetBean(AbstractBeanFactory.java:337)
	at org.springframework.beans.factory.support.AbstractBeanFactory.getBean(AbstractBeanFactory.java:202)
	at org.springframework.beans.factory.support.DefaultListableBeanFactory.instantiateSingleton(DefaultListableBeanFactory.java:1155)
	at org.springframework.beans.factory.support.DefaultListableBeanFactory.preInstantiateSingleton(DefaultListableBeanFactory.java:1121)
	at org.springframework.beans.factory.support.DefaultListableBeanFactory.preInstantiateSingletons(DefaultListableBeanFactory.java:1056)
	at org.springframework.context.support.AbstractApplicationContext.finishBeanFactoryInitialization(AbstractApplicationContext.java:987)
	at org.springframework.context.support.AbstractApplicationContext.refresh(AbstractApplicationContext.java:627)
	at org.springframework.boot.web.servlet.context.ServletWebServerApplicationContext.refresh(ServletWebServerApplicationContext.java:146)
	at org.springframework.boot.SpringApplication.refresh(SpringApplication.java:752)
	at org.springframework.boot.SpringApplication.refreshContext(SpringApplication.java:439)
	at org.springframework.boot.SpringApplication.run(SpringApplication.java:318)
	at org.springframework.boot.SpringApplication.run(SpringApplication.java:1361)
	at org.springframework.boot.SpringApplication.run(SpringApplication.java:1350)
	at com.ragstudy.RagEngineApplication.main(RagEngineApplication.java:10)
Caused by: java.io.FileNotFoundException: class path resource [models/model.onnx] cannot be resolved to URL because it does not exist
	at org.springframework.core.io.ClassPathResource.getURL(ClassPathResource.java:230)
	at org.springframework.core.io.AbstractFileResolvingResource.getFile(AbstractFileResolvingResource.java:200)
	at com.ragstudy.service.EmbeddingServiceImpl.resolvePath(EmbeddingServiceImpl.java:67)
	... 53 common frames omitted
2026-08-17 15:36:13.455 [main] INFO  c.r.service.VectorStoreServiceImpl - 初始化向量数据库服务...
2026-08-17 15:36:13.918 [main] INFO  c.r.service.VectorStoreServiceImpl - Qdrant 连接成功: localhost:6334
2026-08-17 15:36:13.918 [main] INFO  c.r.service.VectorStoreServiceImpl - 向量数据库服务初始化完成
2026-08-17 15:36:13.932 [main] INFO  c.ragstudy.service.Bm25ServiceImpl - 初始化 BM25 索引服务...
2026-08-17 15:36:14.001 [main] WARN  o.a.l.i.v.VectorizationProvider - You are running with Java 23 or later. To make full use of the Vector API, please update Apache Lucene.
2026-08-17 15:36:14.013 [main] ERROR c.ragstudy.service.Bm25ServiceImpl - BM25 索引初始化失败
org.apache.lucene.store.LockObtainFailedException: Lock held by another program: D:\RAG-study\rag-engine\data\bm25_index\write.lock
	at org.apache.lucene.store.NativeFSLockFactory.obtainFSLock(NativeFSLockFactory.java:117)
	at org.apache.lucene.store.FSLockFactory.obtainLock(FSLockFactory.java:43)
	at org.apache.lucene.store.BaseDirectory.obtainLock(BaseDirectory.java:44)
	at org.apache.lucene.index.IndexWriter.<init>(IndexWriter.java:956)
	at com.ragstudy.service.Bm25ServiceImpl.init(Bm25ServiceImpl.java:54)
	at java.base/jdk.internal.reflect.DirectMethodHandleAccessor.invoke(DirectMethodHandleAccessor.java:104)
	at java.base/java.lang.reflect.Method.invoke(Method.java:565)
	at org.springframework.beans.factory.annotation.InitDestroyAnnotationBeanPostProcessor$LifecycleMethod.invoke(InitDestroyAnnotationBeanPostProcessor.java:457)
	at org.springframework.beans.factory.annotation.InitDestroyAnnotationBeanPostProcessor$LifecycleMetadata.invokeInitMethods(InitDestroyAnnotationBeanPostProcessor.java:401)
	at org.springframework.beans.factory.annotation.InitDestroyAnnotationBeanPostProcessor.postProcessBeforeInitialization(InitDestroyAnnotationBeanPostProcessor.java:219)
	at org.springframework.beans.factory.support.AbstractAutowireCapableBeanFactory.applyBeanPostProcessorsBeforeInitialization(AbstractAutowireCapableBeanFactory.java:423)
	at org.springframework.beans.factory.support.AbstractAutowireCapableBeanFactory.initializeBean(AbstractAutowireCapableBeanFactory.java:1804)
	at org.springframework.beans.factory.support.AbstractAutowireCapableBeanFactory.doCreateBean(AbstractAutowireCapableBeanFactory.java:601)
	at org.springframework.beans.factory.support.AbstractAutowireCapableBeanFactory.createBean(AbstractAutowireCapableBeanFactory.java:523)
	at org.springframework.beans.factory.support.AbstractBeanFactory.lambda$doGetBean$0(AbstractBeanFactory.java:339)
	at org.springframework.beans.factory.support.DefaultSingletonBeanRegistry.getSingleton(DefaultSingletonBeanRegistry.java:347)
	at org.springframework.beans.factory.support.AbstractBeanFactory.doGetBean(AbstractBeanFactory.java:337)
	at org.springframework.beans.factory.support.AbstractBeanFactory.getBean(AbstractBeanFactory.java:202)
	at org.springframework.beans.factory.config.DependencyDescriptor.resolveCandidate(DependencyDescriptor.java:254)
	at org.springframework.beans.factory.support.DefaultListableBeanFactory.doResolveDependency(DefaultListableBeanFactory.java:1667)
	at org.springframework.beans.factory.support.DefaultListableBeanFactory.resolveDependency(DefaultListableBeanFactory.java:1555)
	at org.springframework.beans.factory.support.ConstructorResolver.resolveAutowiredArgument(ConstructorResolver.java:913)
	at org.springframework.beans.factory.support.ConstructorResolver.createArgumentArray(ConstructorResolver.java:791)
	at org.springframework.beans.factory.support.ConstructorResolver.autowireConstructor(ConstructorResolver.java:240)
	at org.springframework.beans.factory.support.AbstractAutowireCapableBeanFactory.autowireConstructor(AbstractAutowireCapableBeanFactory.java:1381)
	at org.springframework.beans.factory.support.AbstractAutowireCapableBeanFactory.createBeanInstance(AbstractAutowireCapableBeanFactory.java:1218)
	at org.springframework.beans.factory.support.AbstractAutowireCapableBeanFactory.doCreateBean(AbstractAutowireCapableBeanFactory.java:563)
	at org.springframework.beans.factory.support.AbstractAutowireCapableBeanFactory.createBean(AbstractAutowireCapableBeanFactory.java:523)
	at org.springframework.beans.factory.support.AbstractBeanFactory.lambda$doGetBean$0(AbstractBeanFactory.java:339)
	at org.springframework.beans.factory.support.DefaultSingletonBeanRegistry.getSingleton(DefaultSingletonBeanRegistry.java:347)
	at org.springframework.beans.factory.support.AbstractBeanFactory.doGetBean(AbstractBeanFactory.java:337)
	at org.springframework.beans.factory.support.AbstractBeanFactory.getBean(AbstractBeanFactory.java:202)
	at org.springframework.beans.factory.support.DefaultListableBeanFactory.doResolveDependency(DefaultListableBeanFactory.java:1609)
	at org.springframework.beans.factory.support.DefaultListableBeanFactory.resolveDependency(DefaultListableBeanFactory.java:1555)
	at org.springframework.beans.factory.support.ConstructorResolver.resolveAutowiredArgument(ConstructorResolver.java:913)
	at org.springframework.beans.factory.support.ConstructorResolver.createArgumentArray(ConstructorResolver.java:791)
	at org.springframework.beans.factory.support.ConstructorResolver.autowireConstructor(ConstructorResolver.java:240)
	at org.springframework.beans.factory.support.AbstractAutowireCapableBeanFactory.autowireConstructor(AbstractAutowireCapableBeanFactory.java:1381)
	at org.springframework.beans.factory.support.AbstractAutowireCapableBeanFactory.createBeanInstance(AbstractAutowireCapableBeanFactory.java:1218)
	at org.springframework.beans.factory.support.AbstractAutowireCapableBeanFactory.doCreateBean(AbstractAutowireCapableBeanFactory.java:563)
	at org.springframework.beans.factory.support.AbstractAutowireCapableBeanFactory.createBean(AbstractAutowireCapableBeanFactory.java:523)
	at org.springframework.beans.factory.support.AbstractBeanFactory.lambda$doGetBean$0(AbstractBeanFactory.java:339)
	at org.springframework.beans.factory.support.DefaultSingletonBeanRegistry.getSingleton(DefaultSingletonBeanRegistry.java:347)
	at org.springframework.beans.factory.support.AbstractBeanFactory.doGetBean(AbstractBeanFactory.java:337)
	at org.springframework.beans.factory.support.AbstractBeanFactory.getBean(AbstractBeanFactory.java:202)
	at org.springframework.beans.factory.support.DefaultListableBeanFactory.instantiateSingleton(DefaultListableBeanFactory.java:1155)
	at org.springframework.beans.factory.support.DefaultListableBeanFactory.preInstantiateSingleton(DefaultListableBeanFactory.java:1121)
	at org.springframework.beans.factory.support.DefaultListableBeanFactory.preInstantiateSingletons(DefaultListableBeanFactory.java:1056)
	at org.springframework.context.support.AbstractApplicationContext.finishBeanFactoryInitialization(AbstractApplicationContext.java:987)
	at org.springframework.context.support.AbstractApplicationContext.refresh(AbstractApplicationContext.java:627)
	at org.springframework.boot.web.servlet.context.ServletWebServerApplicationContext.refresh(ServletWebServerApplicationContext.java:146)
	at org.springframework.boot.SpringApplication.refresh(SpringApplication.java:752)
	at org.springframework.boot.SpringApplication.refreshContext(SpringApplication.java:439)
	at org.springframework.boot.SpringApplication.run(SpringApplication.java:318)
	at org.springframework.boot.SpringApplication.run(SpringApplication.java:1361)
	at org.springframework.boot.SpringApplication.run(SpringApplication.java:1350)
	at com.ragstudy.RagEngineApplication.main(RagEngineApplication.java:10)
2026-08-17 15:36:14.014 [main] WARN  o.s.b.w.s.c.AnnotationConfigServletWebServerApplicationContext - Exception encountered during context initialization - cancelling refresh attempt: org.springframework.beans.factory.UnsatisfiedDependencyException: Error creating bean with name 'knowledgeController' defined in file [D:\RAG-study\rag-engine\target\classes\com\ragstudy\controller\KnowledgeController.class]: Unsatisfied dependency expressed through constructor parameter 0: Error creating bean with name 'knowledgeBaseService' defined in file [D:\RAG-study\rag-engine\target\classes\com\ragstudy\service\KnowledgeBaseService.class]: Unsatisfied dependency expressed through constructor parameter 5: Error creating bean with name 'bm25ServiceImpl': Invocation of init method failed
2026-08-17 15:36:14.019 [main] INFO  c.r.service.VectorStoreServiceImpl - Qdrant 客户端已关闭
2026-08-17 15:36:14.020 [main] INFO  c.r.service.EmbeddingServiceImpl - Embedding 服务已关闭
2026-08-17 15:36:14.023 [main] INFO  o.a.catalina.core.StandardService - Stopping service [Tomcat]
2026-08-17 15:36:14.038 [main] INFO  o.s.b.a.l.ConditionEvaluationReportLogger - 

Error starting ApplicationContext. To display the condition evaluation report re-run your application with 'debug' enabled.
2026-08-17 15:36:14.052 [main] ERROR o.s.boot.SpringApplication - Application run failed
org.springframework.beans.factory.UnsatisfiedDependencyException: Error creating bean with name 'knowledgeController' defined in file [D:\RAG-study\rag-engine\target\classes\com\ragstudy\controller\KnowledgeController.class]: Unsatisfied dependency expressed through constructor parameter 0: Error creating bean with name 'knowledgeBaseService' defined in file [D:\RAG-study\rag-engine\target\classes\com\ragstudy\service\KnowledgeBaseService.class]: Unsatisfied dependency expressed through constructor parameter 5: Error creating bean with name 'bm25ServiceImpl': Invocation of init method failed
	at org.springframework.beans.factory.support.ConstructorResolver.createArgumentArray(ConstructorResolver.java:804)
	at org.springframework.beans.factory.support.ConstructorResolver.autowireConstructor(ConstructorResolver.java:240)
	at org.springframework.beans.factory.support.AbstractAutowireCapableBeanFactory.autowireConstructor(AbstractAutowireCapableBeanFactory.java:1381)
	at org.springframework.beans.factory.support.AbstractAutowireCapableBeanFactory.createBeanInstance(AbstractAutowireCapableBeanFactory.java:1218)
	at org.springframework.beans.factory.support.AbstractAutowireCapableBeanFactory.doCreateBean(AbstractAutowireCapableBeanFactory.java:563)
	at org.springframework.beans.factory.support.AbstractAutowireCapableBeanFactory.createBean(AbstractAutowireCapableBeanFactory.java:523)
	at org.springframework.beans.factory.support.AbstractBeanFactory.lambda$doGetBean$0(AbstractBeanFactory.java:339)
	at org.springframework.beans.factory.support.DefaultSingletonBeanRegistry.getSingleton(DefaultSingletonBeanRegistry.java:347)
	at org.springframework.beans.factory.support.AbstractBeanFactory.doGetBean(AbstractBeanFactory.java:337)
	at org.springframework.beans.factory.support.AbstractBeanFactory.getBean(AbstractBeanFactory.java:202)
	at org.springframework.beans.factory.support.DefaultListableBeanFactory.instantiateSingleton(DefaultListableBeanFactory.java:1155)
	at org.springframework.beans.factory.support.DefaultListableBeanFactory.preInstantiateSingleton(DefaultListableBeanFactory.java:1121)
	at org.springframework.beans.factory.support.DefaultListableBeanFactory.preInstantiateSingletons(DefaultListableBeanFactory.java:1056)
	at org.springframework.context.support.AbstractApplicationContext.finishBeanFactoryInitialization(AbstractApplicationContext.java:987)
	at org.springframework.context.support.AbstractApplicationContext.refresh(AbstractApplicationContext.java:627)
	at org.springframework.boot.web.servlet.context.ServletWebServerApplicationContext.refresh(ServletWebServerApplicationContext.java:146)
	at org.springframework.boot.SpringApplication.refresh(SpringApplication.java:752)
	at org.springframework.boot.SpringApplication.refreshContext(SpringApplication.java:439)
	at org.springframework.boot.SpringApplication.run(SpringApplication.java:318)
	at org.springframework.boot.SpringApplication.run(SpringApplication.java:1361)
	at org.springframework.boot.SpringApplication.run(SpringApplication.java:1350)
	at com.ragstudy.RagEngineApplication.main(RagEngineApplication.java:10)
Caused by: org.springframework.beans.factory.UnsatisfiedDependencyException: Error creating bean with name 'knowledgeBaseService' defined in file [D:\RAG-study\rag-engine\target\classes\com\ragstudy\service\KnowledgeBaseService.class]: Unsatisfied dependency expressed through constructor parameter 5: Error creating bean with name 'bm25ServiceImpl': Invocation of init method failed
	at org.springframework.beans.factory.support.ConstructorResolver.createArgumentArray(ConstructorResolver.java:804)
	at org.springframework.beans.factory.support.ConstructorResolver.autowireConstructor(ConstructorResolver.java:240)
	at org.springframework.beans.factory.support.AbstractAutowireCapableBeanFactory.autowireConstructor(AbstractAutowireCapableBeanFactory.java:1381)
	at org.springframework.beans.factory.support.AbstractAutowireCapableBeanFactory.createBeanInstance(AbstractAutowireCapableBeanFactory.java:1218)
	at org.springframework.beans.factory.support.AbstractAutowireCapableBeanFactory.doCreateBean(AbstractAutowireCapableBeanFactory.java:563)
	at org.springframework.beans.factory.support.AbstractAutowireCapableBeanFactory.createBean(AbstractAutowireCapableBeanFactory.java:523)
	at org.springframework.beans.factory.support.AbstractBeanFactory.lambda$doGetBean$0(AbstractBeanFactory.java:339)
	at org.springframework.beans.factory.support.DefaultSingletonBeanRegistry.getSingleton(DefaultSingletonBeanRegistry.java:347)
	at org.springframework.beans.factory.support.AbstractBeanFactory.doGetBean(AbstractBeanFactory.java:337)
	at org.springframework.beans.factory.support.AbstractBeanFactory.getBean(AbstractBeanFactory.java:202)
	at org.springframework.beans.factory.support.DefaultListableBeanFactory.doResolveDependency(DefaultListableBeanFactory.java:1609)
	at org.springframework.beans.factory.support.DefaultListableBeanFactory.resolveDependency(DefaultListableBeanFactory.java:1555)
	at org.springframework.beans.factory.support.ConstructorResolver.resolveAutowiredArgument(ConstructorResolver.java:913)
	at org.springframework.beans.factory.support.ConstructorResolver.createArgumentArray(ConstructorResolver.java:791)
	... 21 common frames omitted
Caused by: org.springframework.beans.factory.BeanCreationException: Error creating bean with name 'bm25ServiceImpl': Invocation of init method failed
	at org.springframework.beans.factory.annotation.InitDestroyAnnotationBeanPostProcessor.postProcessBeforeInitialization(InitDestroyAnnotationBeanPostProcessor.java:222)
	at org.springframework.beans.factory.support.AbstractAutowireCapableBeanFactory.applyBeanPostProcessorsBeforeInitialization(AbstractAutowireCapableBeanFactory.java:423)
	at org.springframework.beans.factory.support.AbstractAutowireCapableBeanFactory.initializeBean(AbstractAutowireCapableBeanFactory.java:1804)
	at org.springframework.beans.factory.support.AbstractAutowireCapableBeanFactory.doCreateBean(AbstractAutowireCapableBeanFactory.java:601)
	at org.springframework.beans.factory.support.AbstractAutowireCapableBeanFactory.createBean(AbstractAutowireCapableBeanFactory.java:523)
	at org.springframework.beans.factory.support.AbstractBeanFactory.lambda$doGetBean$0(AbstractBeanFactory.java:339)
	at org.springframework.beans.factory.support.DefaultSingletonBeanRegistry.getSingleton(DefaultSingletonBeanRegistry.java:347)
	at org.springframework.beans.factory.support.AbstractBeanFactory.doGetBean(AbstractBeanFactory.java:337)
	at org.springframework.beans.factory.support.AbstractBeanFactory.getBean(AbstractBeanFactory.java:202)
	at org.springframework.beans.factory.config.DependencyDescriptor.resolveCandidate(DependencyDescriptor.java:254)
	at org.springframework.beans.factory.support.DefaultListableBeanFactory.doResolveDependency(DefaultListableBeanFactory.java:1667)
	at org.springframework.beans.factory.support.DefaultListableBeanFactory.resolveDependency(DefaultListableBeanFactory.java:1555)
	at org.springframework.beans.factory.support.ConstructorResolver.resolveAutowiredArgument(ConstructorResolver.java:913)
	at org.springframework.beans.factory.support.ConstructorResolver.createArgumentArray(ConstructorResolver.java:791)
	... 34 common frames omitted
Caused by: java.lang.RuntimeException: BM25 索引初始化失败
	at com.ragstudy.service.Bm25ServiceImpl.init(Bm25ServiceImpl.java:59)
	at java.base/jdk.internal.reflect.DirectMethodHandleAccessor.invoke(DirectMethodHandleAccessor.java:104)
	at java.base/java.lang.reflect.Method.invoke(Method.java:565)
	at org.springframework.beans.factory.annotation.InitDestroyAnnotationBeanPostProcessor$LifecycleMethod.invoke(InitDestroyAnnotationBeanPostProcessor.java:457)
	at org.springframework.beans.factory.annotation.InitDestroyAnnotationBeanPostProcessor$LifecycleMetadata.invokeInitMethods(InitDestroyAnnotationBeanPostProcessor.java:401)
	at org.springframework.beans.factory.annotation.InitDestroyAnnotationBeanPostProcessor.postProcessBeforeInitialization(InitDestroyAnnotationBeanPostProcessor.java:219)
	... 47 common frames omitted
Caused by: org.apache.lucene.store.LockObtainFailedException: Lock held by another program: D:\RAG-study\rag-engine\data\bm25_index\write.lock
	at org.apache.lucene.store.NativeFSLockFactory.obtainFSLock(NativeFSLockFactory.java:117)
	at org.apache.lucene.store.FSLockFactory.obtainLock(FSLockFactory.java:43)
	at org.apache.lucene.store.BaseDirectory.obtainLock(BaseDirectory.java:44)
	at org.apache.lucene.index.IndexWriter.<init>(IndexWriter.java:956)
	at com.ragstudy.service.Bm25ServiceImpl.init(Bm25ServiceImpl.java:54)
	... 52 common frames omitted
2026-08-17 15:39:38.607 [background-preinit] INFO  o.h.validator.internal.util.Version - HV000001: Hibernate Validator 8.0.2.Final
2026-08-17 15:39:38.646 [main] INFO  com.ragstudy.RagEngineApplication - Starting RagEngineApplication using Java 26.0.1 with PID 14260 (D:\RAG-study\rag-engine\target\classes started by Lenovo in D:\RAG-study\rag-engine)
2026-08-17 15:39:38.646 [main] DEBUG com.ragstudy.RagEngineApplication - Running with Spring Boot v3.4.4, Spring v6.2.5
2026-08-17 15:39:38.647 [main] INFO  com.ragstudy.RagEngineApplication - The following 1 profile is active: "dev"
2026-08-17 15:39:39.710 [main] INFO  o.s.b.w.e.tomcat.TomcatWebServer - Tomcat initialized with port 8002 (http)
2026-08-17 15:39:39.720 [main] INFO  o.a.coyote.http11.Http11NioProtocol - Initializing ProtocolHandler ["http-nio-8002"]
2026-08-17 15:39:39.723 [main] INFO  o.a.catalina.core.StandardService - Starting service [Tomcat]
2026-08-17 15:39:39.723 [main] INFO  o.a.catalina.core.StandardEngine - Starting Servlet engine: [Apache Tomcat/10.1.39]
2026-08-17 15:39:39.787 [main] INFO  o.a.c.c.C.[Tomcat].[localhost].[/] - Initializing Spring embedded WebApplicationContext
2026-08-17 15:39:39.789 [main] INFO  o.s.b.w.s.c.ServletWebServerApplicationContext - Root WebApplicationContext: initialization completed in 1101 ms
2026-08-17 15:39:40.020 [main] INFO  com.zaxxer.hikari.HikariDataSource - HikariPool-1 - Starting...
2026-08-17 15:39:41.450 [main] INFO  c.r.service.EmbeddingServiceImpl - 初始化 Embedding 服务...
2026-08-17 15:39:41.451 [main] INFO  c.r.service.EmbeddingServiceImpl - 加载 ONNX 模型: D:\RAG-study\rag-engine\target\classes\models\onnx\model.onnx
2026-08-17 15:39:41.804 [main] INFO  c.r.service.EmbeddingServiceImpl - 加载分词器: D:\RAG-study\rag-engine\target\classes\models\tokenizer.json
2026-08-17 15:39:43.325 [main] INFO  ai.djl.util.Platform - Found matching platform from: jar:file:/D:/Server/apache-maven-3.6.3/MavenRepositories/ai/djl/huggingface/tokenizers/0.31.0/tokenizers-0.31.0.jar!/native/lib/tokenizers.properties
2026-08-17 15:39:43.331 [main] INFO  a.d.h.tokenizers.jni.LibUtils - Extracting native/lib/win-x86_64/cpu/libwinpthread-1.dll to cache ...
2026-08-17 15:39:43.335 [main] INFO  a.d.h.tokenizers.jni.LibUtils - Extracting native/lib/win-x86_64/cpu/libgcc_s_seh-1.dll to cache ...
2026-08-17 15:39:43.358 [main] INFO  a.d.h.tokenizers.jni.LibUtils - Extracting native/lib/win-x86_64/cpu/libstdc++-6.dll to cache ...
2026-08-17 15:39:43.385 [main] INFO  a.d.h.tokenizers.jni.LibUtils - Extracting native/lib/win-x86_64/cpu/tokenizers.dll to cache ...
2026-08-17 15:39:44.092 [main] WARN  a.d.h.t.HuggingFaceTokenizer - maxLength is not explicitly specified, use modelMaxLength: 512
2026-08-17 15:39:44.092 [main] INFO  c.r.service.EmbeddingServiceImpl - Embedding 服务初始化完成 - 模型: D:\RAG-study\rag-engine\target\classes\models\onnx\model.onnx, 向量维度: 512
2026-08-17 15:39:44.096 [main] INFO  c.r.service.VectorStoreServiceImpl - 初始化向量数据库服务...
2026-08-17 15:39:44.432 [main] INFO  c.r.service.VectorStoreServiceImpl - Qdrant 连接成功: localhost:6334
2026-08-17 15:39:44.432 [main] INFO  c.r.service.VectorStoreServiceImpl - 向量数据库服务初始化完成
2026-08-17 15:39:44.443 [main] INFO  c.ragstudy.service.Bm25ServiceImpl - 初始化 BM25 索引服务...
2026-08-17 15:39:44.497 [main] WARN  o.a.l.i.v.VectorizationProvider - You are running with Java 23 or later. To make full use of the Vector API, please update Apache Lucene.
2026-08-17 15:39:44.537 [main] INFO  c.ragstudy.service.Bm25ServiceImpl - BM25 索引服务初始化完成, 索引路径: D:\RAG-study\rag-engine\.\data\bm25_index
2026-08-17 15:39:45.024 [main] INFO  o.s.b.a.e.web.EndpointLinksResolver - Exposing 1 endpoint beneath base path '/actuator'
2026-08-17 15:39:45.064 [main] INFO  o.a.coyote.http11.Http11NioProtocol - Starting ProtocolHandler ["http-nio-8002"]
2026-08-17 15:39:45.067 [main] WARN  o.s.b.w.s.c.AnnotationConfigServletWebServerApplicationContext - Exception encountered during context initialization - cancelling refresh attempt: org.springframework.context.ApplicationContextException: Failed to start bean 'webServerStartStop'
2026-08-17 15:39:45.084 [main] INFO  c.ragstudy.service.Bm25ServiceImpl - BM25 索引服务已关闭
2026-08-17 15:39:45.090 [main] INFO  c.r.service.VectorStoreServiceImpl - Qdrant 客户端已关闭
2026-08-17 15:39:45.096 [main] INFO  c.r.service.EmbeddingServiceImpl - Embedding 服务已关闭
2026-08-17 15:39:45.109 [main] INFO  o.s.b.a.l.ConditionEvaluationReportLogger - 

Error starting ApplicationContext. To display the condition evaluation report re-run your application with 'debug' enabled.
2026-08-17 15:39:45.122 [main] ERROR o.s.b.d.LoggingFailureAnalysisReporter - 

***************************
APPLICATION FAILED TO START
***************************

Description:

Web server failed to start. Port 8002 was already in use.

Action:

Identify and stop the process that's listening on port 8002 or configure this application to listen on another port.

2026-08-17 15:39:58.096 [background-preinit] INFO  o.h.validator.internal.util.Version - HV000001: Hibernate Validator 8.0.2.Final
2026-08-17 15:39:58.140 [main] INFO  com.ragstudy.RagEngineApplication - Starting RagEngineApplication using Java 26.0.1 with PID 22792 (D:\RAG-study\rag-engine\target\classes started by Lenovo in D:\RAG-study\rag-engine)
2026-08-17 15:39:58.141 [main] DEBUG com.ragstudy.RagEngineApplication - Running with Spring Boot v3.4.4, Spring v6.2.5
2026-08-17 15:39:58.142 [main] INFO  com.ragstudy.RagEngineApplication - The following 1 profile is active: "dev"
2026-08-17 15:39:59.223 [main] INFO  o.s.b.w.e.tomcat.TomcatWebServer - Tomcat initialized with port 8002 (http)
2026-08-17 15:39:59.234 [main] INFO  o.a.coyote.http11.Http11NioProtocol - Initializing ProtocolHandler ["http-nio-8002"]
2026-08-17 15:39:59.235 [main] INFO  o.a.catalina.core.StandardService - Starting service [Tomcat]
2026-08-17 15:39:59.236 [main] INFO  o.a.catalina.core.StandardEngine - Starting Servlet engine: [Apache Tomcat/10.1.39]
2026-08-17 15:39:59.300 [main] INFO  o.a.c.c.C.[Tomcat].[localhost].[/] - Initializing Spring embedded WebApplicationContext
2026-08-17 15:39:59.301 [main] INFO  o.s.b.w.s.c.ServletWebServerApplicationContext - Root WebApplicationContext: initialization completed in 1118 ms
2026-08-17 15:39:59.534 [main] INFO  com.zaxxer.hikari.HikariDataSource - HikariPool-1 - Starting...
2026-08-17 15:40:00.957 [main] INFO  c.r.service.EmbeddingServiceImpl - 初始化 Embedding 服务...
2026-08-17 15:40:00.958 [main] INFO  c.r.service.EmbeddingServiceImpl - 加载 ONNX 模型: D:\RAG-study\rag-engine\target\classes\models\onnx\model.onnx
2026-08-17 15:40:01.243 [main] INFO  c.r.service.EmbeddingServiceImpl - 加载分词器: D:\RAG-study\rag-engine\target\classes\models\tokenizer.json
2026-08-17 15:40:02.294 [main] INFO  ai.djl.util.Platform - Found matching platform from: jar:file:/D:/Server/apache-maven-3.6.3/MavenRepositories/ai/djl/huggingface/tokenizers/0.31.0/tokenizers-0.31.0.jar!/native/lib/tokenizers.properties
2026-08-17 15:40:02.316 [main] WARN  a.d.h.t.HuggingFaceTokenizer - maxLength is not explicitly specified, use modelMaxLength: 512
2026-08-17 15:40:02.316 [main] INFO  c.r.service.EmbeddingServiceImpl - Embedding 服务初始化完成 - 模型: D:\RAG-study\rag-engine\target\classes\models\onnx\model.onnx, 向量维度: 512
2026-08-17 15:40:02.320 [main] INFO  c.r.service.VectorStoreServiceImpl - 初始化向量数据库服务...
2026-08-17 15:40:02.663 [main] INFO  c.r.service.VectorStoreServiceImpl - Qdrant 连接成功: localhost:6334
2026-08-17 15:40:02.663 [main] INFO  c.r.service.VectorStoreServiceImpl - 向量数据库服务初始化完成
2026-08-17 15:40:02.673 [main] INFO  c.ragstudy.service.Bm25ServiceImpl - 初始化 BM25 索引服务...
2026-08-17 15:40:02.724 [main] WARN  o.a.l.i.v.VectorizationProvider - You are running with Java 23 or later. To make full use of the Vector API, please update Apache Lucene.
2026-08-17 15:40:02.778 [main] INFO  c.ragstudy.service.Bm25ServiceImpl - BM25 索引服务初始化完成, 索引路径: D:\RAG-study\rag-engine\.\data\bm25_index
2026-08-17 15:40:03.255 [main] INFO  o.s.b.a.e.web.EndpointLinksResolver - Exposing 1 endpoint beneath base path '/actuator'
2026-08-17 15:40:03.293 [main] INFO  o.a.coyote.http11.Http11NioProtocol - Starting ProtocolHandler ["http-nio-8002"]
2026-08-17 15:40:03.296 [main] WARN  o.s.b.w.s.c.AnnotationConfigServletWebServerApplicationContext - Exception encountered during context initialization - cancelling refresh attempt: org.springframework.context.ApplicationContextException: Failed to start bean 'webServerStartStop'
2026-08-17 15:40:03.300 [main] INFO  c.ragstudy.service.Bm25ServiceImpl - BM25 索引服务已关闭
2026-08-17 15:40:03.304 [main] INFO  c.r.service.VectorStoreServiceImpl - Qdrant 客户端已关闭
2026-08-17 15:40:03.311 [main] INFO  c.r.service.EmbeddingServiceImpl - Embedding 服务已关闭
2026-08-17 15:40:03.322 [main] INFO  o.s.b.a.l.ConditionEvaluationReportLogger - 

Error starting ApplicationContext. To display the condition evaluation report re-run your application with 'debug' enabled.
2026-08-17 15:40:03.336 [main] ERROR o.s.b.d.LoggingFailureAnalysisReporter - 

***************************
APPLICATION FAILED TO START
***************************

Description:

Web server failed to start. Port 8002 was already in use.

Action:

Identify and stop the process that's listening on port 8002 or configure this application to listen on another port.

2026-08-17 15:40:24.583 [background-preinit] INFO  o.h.validator.internal.util.Version - HV000001: Hibernate Validator 8.0.2.Final
2026-08-17 15:40:24.623 [main] INFO  com.ragstudy.RagEngineApplication - Starting RagEngineApplication using Java 26.0.1 with PID 5384 (D:\RAG-study\rag-engine\target\classes started by Lenovo in D:\RAG-study\rag-engine)
2026-08-17 15:40:24.623 [main] DEBUG com.ragstudy.RagEngineApplication - Running with Spring Boot v3.4.4, Spring v6.2.5
2026-08-17 15:40:24.623 [main] INFO  com.ragstudy.RagEngineApplication - The following 1 profile is active: "dev"
2026-08-17 15:40:25.777 [main] INFO  o.s.b.w.e.tomcat.TomcatWebServer - Tomcat initialized with port 8002 (http)
2026-08-17 15:40:25.791 [main] INFO  o.a.coyote.http11.Http11NioProtocol - Initializing ProtocolHandler ["http-nio-8002"]
2026-08-17 15:40:25.793 [main] INFO  o.a.catalina.core.StandardService - Starting service [Tomcat]
2026-08-17 15:40:25.793 [main] INFO  o.a.catalina.core.StandardEngine - Starting Servlet engine: [Apache Tomcat/10.1.39]
2026-08-17 15:40:25.856 [main] INFO  o.a.c.c.C.[Tomcat].[localhost].[/] - Initializing Spring embedded WebApplicationContext
2026-08-17 15:40:25.856 [main] INFO  o.s.b.w.s.c.ServletWebServerApplicationContext - Root WebApplicationContext: initialization completed in 1197 ms
2026-08-17 15:40:26.099 [main] INFO  com.zaxxer.hikari.HikariDataSource - HikariPool-1 - Starting...
2026-08-17 15:40:27.523 [main] INFO  c.r.service.EmbeddingServiceImpl - 初始化 Embedding 服务...
2026-08-17 15:40:27.524 [main] INFO  c.r.service.EmbeddingServiceImpl - 加载 ONNX 模型: D:\RAG-study\rag-engine\target\classes\models\onnx\model.onnx
2026-08-17 15:40:27.810 [main] INFO  c.r.service.EmbeddingServiceImpl - 加载分词器: D:\RAG-study\rag-engine\target\classes\models\tokenizer.json
2026-08-17 15:40:28.863 [main] INFO  ai.djl.util.Platform - Found matching platform from: jar:file:/D:/Server/apache-maven-3.6.3/MavenRepositories/ai/djl/huggingface/tokenizers/0.31.0/tokenizers-0.31.0.jar!/native/lib/tokenizers.properties
2026-08-17 15:40:28.882 [main] WARN  a.d.h.t.HuggingFaceTokenizer - maxLength is not explicitly specified, use modelMaxLength: 512
2026-08-17 15:40:28.884 [main] INFO  c.r.service.EmbeddingServiceImpl - Embedding 服务初始化完成 - 模型: D:\RAG-study\rag-engine\target\classes\models\onnx\model.onnx, 向量维度: 512
2026-08-17 15:40:28.888 [main] INFO  c.r.service.VectorStoreServiceImpl - 初始化向量数据库服务...
2026-08-17 15:40:29.223 [main] INFO  c.r.service.VectorStoreServiceImpl - Qdrant 连接成功: localhost:6334
2026-08-17 15:40:29.223 [main] INFO  c.r.service.VectorStoreServiceImpl - 向量数据库服务初始化完成
2026-08-17 15:40:29.233 [main] INFO  c.ragstudy.service.Bm25ServiceImpl - 初始化 BM25 索引服务...
2026-08-17 15:40:29.282 [main] WARN  o.a.l.i.v.VectorizationProvider - You are running with Java 23 or later. To make full use of the Vector API, please update Apache Lucene.
2026-08-17 15:40:29.330 [main] INFO  c.ragstudy.service.Bm25ServiceImpl - BM25 索引服务初始化完成, 索引路径: D:\RAG-study\rag-engine\.\data\bm25_index
2026-08-17 15:40:29.807 [main] INFO  o.s.b.a.e.web.EndpointLinksResolver - Exposing 1 endpoint beneath base path '/actuator'
2026-08-17 15:40:29.846 [main] INFO  o.a.coyote.http11.Http11NioProtocol - Starting ProtocolHandler ["http-nio-8002"]
2026-08-17 15:40:29.854 [main] INFO  o.s.b.w.e.tomcat.TomcatWebServer - Tomcat started on port 8002 (http) with context path '/'
2026-08-17 15:40:29.865 [main] INFO  com.ragstudy.RagEngineApplication - Started RagEngineApplication in 5.78 seconds (process running for 6.164)
2026-08-17 15:40:56.280 [http-nio-8002-exec-1] INFO  o.a.c.c.C.[Tomcat].[localhost].[/] - Initializing Spring DispatcherServlet 'dispatcherServlet'
2026-08-17 15:40:56.281 [http-nio-8002-exec-1] INFO  o.s.web.servlet.DispatcherServlet - Initializing Servlet 'dispatcherServlet'
2026-08-17 15:40:56.282 [http-nio-8002-exec-1] INFO  o.s.web.servlet.DispatcherServlet - Completed initialization in 0 ms
2026-08-17 16:14:38.584 [background-preinit] INFO  o.h.validator.internal.util.Version - HV000001: Hibernate Validator 8.0.2.Final
2026-08-17 16:14:38.623 [main] INFO  com.ragstudy.RagEngineApplication - Starting RagEngineApplication using Java 26.0.1 with PID 26972 (D:\RAG-study\rag-engine\target\classes started by Lenovo in D:\RAG-study\rag-engine)
2026-08-17 16:14:38.624 [main] DEBUG com.ragstudy.RagEngineApplication - Running with Spring Boot v3.4.4, Spring v6.2.5
2026-08-17 16:14:38.624 [main] INFO  com.ragstudy.RagEngineApplication - The following 1 profile is active: "dev"
2026-08-17 16:14:39.672 [main] INFO  o.s.b.w.e.tomcat.TomcatWebServer - Tomcat initialized with port 8002 (http)
2026-08-17 16:14:39.684 [main] INFO  o.a.coyote.http11.Http11NioProtocol - Initializing ProtocolHandler ["http-nio-8002"]
2026-08-17 16:14:39.686 [main] INFO  o.a.catalina.core.StandardService - Starting service [Tomcat]
2026-08-17 16:14:39.687 [main] INFO  o.a.catalina.core.StandardEngine - Starting Servlet engine: [Apache Tomcat/10.1.39]
2026-08-17 16:14:39.761 [main] INFO  o.a.c.c.C.[Tomcat].[localhost].[/] - Initializing Spring embedded WebApplicationContext
2026-08-17 16:14:39.762 [main] INFO  o.s.b.w.s.c.ServletWebServerApplicationContext - Root WebApplicationContext: initialization completed in 1098 ms
2026-08-17 16:14:39.985 [main] INFO  com.zaxxer.hikari.HikariDataSource - HikariPool-1 - Starting...
2026-08-17 16:14:41.491 [main] INFO  c.r.service.EmbeddingServiceImpl - 初始化 Embedding 服务...
2026-08-17 16:14:41.491 [main] INFO  c.r.service.EmbeddingServiceImpl - 加载 ONNX 模型: D:\RAG-study\rag-engine\target\classes\models\onnx\model.onnx
2026-08-17 16:14:41.800 [main] INFO  c.r.service.EmbeddingServiceImpl - 加载分词器: D:\RAG-study\rag-engine\target\classes\models\tokenizer.json
2026-08-17 16:14:41.924 [main] INFO  ai.djl.util.Platform - Found matching platform from: jar:file:/D:/Server/apache-maven-3.6.3/MavenRepositories/ai/djl/huggingface/tokenizers/0.31.0/tokenizers-0.31.0.jar!/native/lib/tokenizers.properties
2026-08-17 16:14:41.944 [main] WARN  a.d.h.t.HuggingFaceTokenizer - maxLength is not explicitly specified, use modelMaxLength: 512
2026-08-17 16:14:41.944 [main] INFO  c.r.service.EmbeddingServiceImpl - Embedding 服务初始化完成 - 模型: D:\RAG-study\rag-engine\target\classes\models\onnx\model.onnx, 向量维度: 512
2026-08-17 16:14:41.947 [main] INFO  c.r.service.VectorStoreServiceImpl - 初始化向量数据库服务...
2026-08-17 16:14:42.294 [main] INFO  c.r.service.VectorStoreServiceImpl - Qdrant 连接成功: localhost:6334
2026-08-17 16:14:42.295 [main] INFO  c.r.service.VectorStoreServiceImpl - 向量数据库服务初始化完成
2026-08-17 16:14:42.304 [main] INFO  c.ragstudy.service.Bm25ServiceImpl - 初始化 BM25 索引服务...
2026-08-17 16:14:42.354 [main] WARN  o.a.l.i.v.VectorizationProvider - You are running with Java 23 or later. To make full use of the Vector API, please update Apache Lucene.
2026-08-17 16:14:42.367 [main] ERROR c.ragstudy.service.Bm25ServiceImpl - BM25 索引初始化失败
org.apache.lucene.store.LockObtainFailedException: Lock held by another program: D:\RAG-study\rag-engine\data\bm25_index\write.lock
	at org.apache.lucene.store.NativeFSLockFactory.obtainFSLock(NativeFSLockFactory.java:117)
	at org.apache.lucene.store.FSLockFactory.obtainLock(FSLockFactory.java:43)
	at org.apache.lucene.store.BaseDirectory.obtainLock(BaseDirectory.java:44)
	at org.apache.lucene.index.IndexWriter.<init>(IndexWriter.java:956)
	at com.ragstudy.service.Bm25ServiceImpl.init(Bm25ServiceImpl.java:54)
	at java.base/jdk.internal.reflect.DirectMethodHandleAccessor.invoke(DirectMethodHandleAccessor.java:104)
	at java.base/java.lang.reflect.Method.invoke(Method.java:565)
	at org.springframework.beans.factory.annotation.InitDestroyAnnotationBeanPostProcessor$LifecycleMethod.invoke(InitDestroyAnnotationBeanPostProcessor.java:457)
	at org.springframework.beans.factory.annotation.InitDestroyAnnotationBeanPostProcessor$LifecycleMetadata.invokeInitMethods(InitDestroyAnnotationBeanPostProcessor.java:401)
	at org.springframework.beans.factory.annotation.InitDestroyAnnotationBeanPostProcessor.postProcessBeforeInitialization(InitDestroyAnnotationBeanPostProcessor.java:219)
	at org.springframework.beans.factory.support.AbstractAutowireCapableBeanFactory.applyBeanPostProcessorsBeforeInitialization(AbstractAutowireCapableBeanFactory.java:423)
	at org.springframework.beans.factory.support.AbstractAutowireCapableBeanFactory.initializeBean(AbstractAutowireCapableBeanFactory.java:1804)
	at org.springframework.beans.factory.support.AbstractAutowireCapableBeanFactory.doCreateBean(AbstractAutowireCapableBeanFactory.java:601)
	at org.springframework.beans.factory.support.AbstractAutowireCapableBeanFactory.createBean(AbstractAutowireCapableBeanFactory.java:523)
	at org.springframework.beans.factory.support.AbstractBeanFactory.lambda$doGetBean$0(AbstractBeanFactory.java:339)
	at org.springframework.beans.factory.support.DefaultSingletonBeanRegistry.getSingleton(DefaultSingletonBeanRegistry.java:347)
	at org.springframework.beans.factory.support.AbstractBeanFactory.doGetBean(AbstractBeanFactory.java:337)
	at org.springframework.beans.factory.support.AbstractBeanFactory.getBean(AbstractBeanFactory.java:202)
	at org.springframework.beans.factory.config.DependencyDescriptor.resolveCandidate(DependencyDescriptor.java:254)
	at org.springframework.beans.factory.support.DefaultListableBeanFactory.doResolveDependency(DefaultListableBeanFactory.java:1667)
	at org.springframework.beans.factory.support.DefaultListableBeanFactory.resolveDependency(DefaultListableBeanFactory.java:1555)
	at org.springframework.beans.factory.support.ConstructorResolver.resolveAutowiredArgument(ConstructorResolver.java:913)
	at org.springframework.beans.factory.support.ConstructorResolver.createArgumentArray(ConstructorResolver.java:791)
	at org.springframework.beans.factory.support.ConstructorResolver.autowireConstructor(ConstructorResolver.java:240)
	at org.springframework.beans.factory.support.AbstractAutowireCapableBeanFactory.autowireConstructor(AbstractAutowireCapableBeanFactory.java:1381)
	at org.springframework.beans.factory.support.AbstractAutowireCapableBeanFactory.createBeanInstance(AbstractAutowireCapableBeanFactory.java:1218)
	at org.springframework.beans.factory.support.AbstractAutowireCapableBeanFactory.doCreateBean(AbstractAutowireCapableBeanFactory.java:563)
	at org.springframework.beans.factory.support.AbstractAutowireCapableBeanFactory.createBean(AbstractAutowireCapableBeanFactory.java:523)
	at org.springframework.beans.factory.support.AbstractBeanFactory.lambda$doGetBean$0(AbstractBeanFactory.java:339)
	at org.springframework.beans.factory.support.DefaultSingletonBeanRegistry.getSingleton(DefaultSingletonBeanRegistry.java:347)
	at org.springframework.beans.factory.support.AbstractBeanFactory.doGetBean(AbstractBeanFactory.java:337)
	at org.springframework.beans.factory.support.AbstractBeanFactory.getBean(AbstractBeanFactory.java:202)
	at org.springframework.beans.factory.support.DefaultListableBeanFactory.doResolveDependency(DefaultListableBeanFactory.java:1609)
	at org.springframework.beans.factory.support.DefaultListableBeanFactory.resolveDependency(DefaultListableBeanFactory.java:1555)
	at org.springframework.beans.factory.support.ConstructorResolver.resolveAutowiredArgument(ConstructorResolver.java:913)
	at org.springframework.beans.factory.support.ConstructorResolver.createArgumentArray(ConstructorResolver.java:791)
	at org.springframework.beans.factory.support.ConstructorResolver.autowireConstructor(ConstructorResolver.java:240)
	at org.springframework.beans.factory.support.AbstractAutowireCapableBeanFactory.autowireConstructor(AbstractAutowireCapableBeanFactory.java:1381)
	at org.springframework.beans.factory.support.AbstractAutowireCapableBeanFactory.createBeanInstance(AbstractAutowireCapableBeanFactory.java:1218)
	at org.springframework.beans.factory.support.AbstractAutowireCapableBeanFactory.doCreateBean(AbstractAutowireCapableBeanFactory.java:563)
	at org.springframework.beans.factory.support.AbstractAutowireCapableBeanFactory.createBean(AbstractAutowireCapableBeanFactory.java:523)
	at org.springframework.beans.factory.support.AbstractBeanFactory.lambda$doGetBean$0(AbstractBeanFactory.java:339)
	at org.springframework.beans.factory.support.DefaultSingletonBeanRegistry.getSingleton(DefaultSingletonBeanRegistry.java:347)
	at org.springframework.beans.factory.support.AbstractBeanFactory.doGetBean(AbstractBeanFactory.java:337)
	at org.springframework.beans.factory.support.AbstractBeanFactory.getBean(AbstractBeanFactory.java:202)
	at org.springframework.beans.factory.support.DefaultListableBeanFactory.instantiateSingleton(DefaultListableBeanFactory.java:1155)
	at org.springframework.beans.factory.support.DefaultListableBeanFactory.preInstantiateSingleton(DefaultListableBeanFactory.java:1121)
	at org.springframework.beans.factory.support.DefaultListableBeanFactory.preInstantiateSingletons(DefaultListableBeanFactory.java:1056)
	at org.springframework.context.support.AbstractApplicationContext.finishBeanFactoryInitialization(AbstractApplicationContext.java:987)
	at org.springframework.context.support.AbstractApplicationContext.refresh(AbstractApplicationContext.java:627)
	at org.springframework.boot.web.servlet.context.ServletWebServerApplicationContext.refresh(ServletWebServerApplicationContext.java:146)
	at org.springframework.boot.SpringApplication.refresh(SpringApplication.java:752)
	at org.springframework.boot.SpringApplication.refreshContext(SpringApplication.java:439)
	at org.springframework.boot.SpringApplication.run(SpringApplication.java:318)
	at org.springframework.boot.SpringApplication.run(SpringApplication.java:1361)
	at org.springframework.boot.SpringApplication.run(SpringApplication.java:1350)
	at com.ragstudy.RagEngineApplication.main(RagEngineApplication.java:10)
2026-08-17 16:14:42.369 [main] WARN  o.s.b.w.s.c.AnnotationConfigServletWebServerApplicationContext - Exception encountered during context initialization - cancelling refresh attempt: org.springframework.beans.factory.UnsatisfiedDependencyException: Error creating bean with name 'knowledgeController' defined in file [D:\RAG-study\rag-engine\target\classes\com\ragstudy\controller\KnowledgeController.class]: Unsatisfied dependency expressed through constructor parameter 0: Error creating bean with name 'knowledgeBaseService' defined in file [D:\RAG-study\rag-engine\target\classes\com\ragstudy\service\KnowledgeBaseService.class]: Unsatisfied dependency expressed through constructor parameter 5: Error creating bean with name 'bm25ServiceImpl': Invocation of init method failed
2026-08-17 16:14:42.374 [main] INFO  c.r.service.VectorStoreServiceImpl - Qdrant 客户端已关闭
2026-08-17 16:14:42.381 [main] INFO  c.r.service.EmbeddingServiceImpl - Embedding 服务已关闭
2026-08-17 16:14:42.383 [main] INFO  o.a.catalina.core.StandardService - Stopping service [Tomcat]
2026-08-17 16:14:42.397 [main] INFO  o.s.b.a.l.ConditionEvaluationReportLogger - 

Error starting ApplicationContext. To display the condition evaluation report re-run your application with 'debug' enabled.
2026-08-17 16:14:42.408 [main] ERROR o.s.boot.SpringApplication - Application run failed
org.springframework.beans.factory.UnsatisfiedDependencyException: Error creating bean with name 'knowledgeController' defined in file [D:\RAG-study\rag-engine\target\classes\com\ragstudy\controller\KnowledgeController.class]: Unsatisfied dependency expressed through constructor parameter 0: Error creating bean with name 'knowledgeBaseService' defined in file [D:\RAG-study\rag-engine\target\classes\com\ragstudy\service\KnowledgeBaseService.class]: Unsatisfied dependency expressed through constructor parameter 5: Error creating bean with name 'bm25ServiceImpl': Invocation of init method failed
	at org.springframework.beans.factory.support.ConstructorResolver.createArgumentArray(ConstructorResolver.java:804)
	at org.springframework.beans.factory.support.ConstructorResolver.autowireConstructor(ConstructorResolver.java:240)
	at org.springframework.beans.factory.support.AbstractAutowireCapableBeanFactory.autowireConstructor(AbstractAutowireCapableBeanFactory.java:1381)
	at org.springframework.beans.factory.support.AbstractAutowireCapableBeanFactory.createBeanInstance(AbstractAutowireCapableBeanFactory.java:1218)
	at org.springframework.beans.factory.support.AbstractAutowireCapableBeanFactory.doCreateBean(AbstractAutowireCapableBeanFactory.java:563)
	at org.springframework.beans.factory.support.AbstractAutowireCapableBeanFactory.createBean(AbstractAutowireCapableBeanFactory.java:523)
	at org.springframework.beans.factory.support.AbstractBeanFactory.lambda$doGetBean$0(AbstractBeanFactory.java:339)
	at org.springframework.beans.factory.support.DefaultSingletonBeanRegistry.getSingleton(DefaultSingletonBeanRegistry.java:347)
	at org.springframework.beans.factory.support.AbstractBeanFactory.doGetBean(AbstractBeanFactory.java:337)
	at org.springframework.beans.factory.support.AbstractBeanFactory.getBean(AbstractBeanFactory.java:202)
	at org.springframework.beans.factory.support.DefaultListableBeanFactory.instantiateSingleton(DefaultListableBeanFactory.java:1155)
	at org.springframework.beans.factory.support.DefaultListableBeanFactory.preInstantiateSingleton(DefaultListableBeanFactory.java:1121)
	at org.springframework.beans.factory.support.DefaultListableBeanFactory.preInstantiateSingletons(DefaultListableBeanFactory.java:1056)
	at org.springframework.context.support.AbstractApplicationContext.finishBeanFactoryInitialization(AbstractApplicationContext.java:987)
	at org.springframework.context.support.AbstractApplicationContext.refresh(AbstractApplicationContext.java:627)
	at org.springframework.boot.web.servlet.context.ServletWebServerApplicationContext.refresh(ServletWebServerApplicationContext.java:146)
	at org.springframework.boot.SpringApplication.refresh(SpringApplication.java:752)
	at org.springframework.boot.SpringApplication.refreshContext(SpringApplication.java:439)
	at org.springframework.boot.SpringApplication.run(SpringApplication.java:318)
	at org.springframework.boot.SpringApplication.run(SpringApplication.java:1361)
	at org.springframework.boot.SpringApplication.run(SpringApplication.java:1350)
	at com.ragstudy.RagEngineApplication.main(RagEngineApplication.java:10)
Caused by: org.springframework.beans.factory.UnsatisfiedDependencyException: Error creating bean with name 'knowledgeBaseService' defined in file [D:\RAG-study\rag-engine\target\classes\com\ragstudy\service\KnowledgeBaseService.class]: Unsatisfied dependency expressed through constructor parameter 5: Error creating bean with name 'bm25ServiceImpl': Invocation of init method failed
	at org.springframework.beans.factory.support.ConstructorResolver.createArgumentArray(ConstructorResolver.java:804)
	at org.springframework.beans.factory.support.ConstructorResolver.autowireConstructor(ConstructorResolver.java:240)
	at org.springframework.beans.factory.support.AbstractAutowireCapableBeanFactory.autowireConstructor(AbstractAutowireCapableBeanFactory.java:1381)
	at org.springframework.beans.factory.support.AbstractAutowireCapableBeanFactory.createBeanInstance(AbstractAutowireCapableBeanFactory.java:1218)
	at org.springframework.beans.factory.support.AbstractAutowireCapableBeanFactory.doCreateBean(AbstractAutowireCapableBeanFactory.java:563)
	at org.springframework.beans.factory.support.AbstractAutowireCapableBeanFactory.createBean(AbstractAutowireCapableBeanFactory.java:523)
	at org.springframework.beans.factory.support.AbstractBeanFactory.lambda$doGetBean$0(AbstractBeanFactory.java:339)
	at org.springframework.beans.factory.support.DefaultSingletonBeanRegistry.getSingleton(DefaultSingletonBeanRegistry.java:347)
	at org.springframework.beans.factory.support.AbstractBeanFactory.doGetBean(AbstractBeanFactory.java:337)
	at org.springframework.beans.factory.support.AbstractBeanFactory.getBean(AbstractBeanFactory.java:202)
	at org.springframework.beans.factory.support.DefaultListableBeanFactory.doResolveDependency(DefaultListableBeanFactory.java:1609)
	at org.springframework.beans.factory.support.DefaultListableBeanFactory.resolveDependency(DefaultListableBeanFactory.java:1555)
	at org.springframework.beans.factory.support.ConstructorResolver.resolveAutowiredArgument(ConstructorResolver.java:913)
	at org.springframework.beans.factory.support.ConstructorResolver.createArgumentArray(ConstructorResolver.java:791)
	... 21 common frames omitted
Caused by: org.springframework.beans.factory.BeanCreationException: Error creating bean with name 'bm25ServiceImpl': Invocation of init method failed
	at org.springframework.beans.factory.annotation.InitDestroyAnnotationBeanPostProcessor.postProcessBeforeInitialization(InitDestroyAnnotationBeanPostProcessor.java:222)
	at org.springframework.beans.factory.support.AbstractAutowireCapableBeanFactory.applyBeanPostProcessorsBeforeInitialization(AbstractAutowireCapableBeanFactory.java:423)
	at org.springframework.beans.factory.support.AbstractAutowireCapableBeanFactory.initializeBean(AbstractAutowireCapableBeanFactory.java:1804)
	at org.springframework.beans.factory.support.AbstractAutowireCapableBeanFactory.doCreateBean(AbstractAutowireCapableBeanFactory.java:601)
	at org.springframework.beans.factory.support.AbstractAutowireCapableBeanFactory.createBean(AbstractAutowireCapableBeanFactory.java:523)
	at org.springframework.beans.factory.support.AbstractBeanFactory.lambda$doGetBean$0(AbstractBeanFactory.java:339)
	at org.springframework.beans.factory.support.DefaultSingletonBeanRegistry.getSingleton(DefaultSingletonBeanRegistry.java:347)
	at org.springframework.beans.factory.support.AbstractBeanFactory.doGetBean(AbstractBeanFactory.java:337)
	at org.springframework.beans.factory.support.AbstractBeanFactory.getBean(AbstractBeanFactory.java:202)
	at org.springframework.beans.factory.config.DependencyDescriptor.resolveCandidate(DependencyDescriptor.java:254)
	at org.springframework.beans.factory.support.DefaultListableBeanFactory.doResolveDependency(DefaultListableBeanFactory.java:1667)
	at org.springframework.beans.factory.support.DefaultListableBeanFactory.resolveDependency(DefaultListableBeanFactory.java:1555)
	at org.springframework.beans.factory.support.ConstructorResolver.resolveAutowiredArgument(ConstructorResolver.java:913)
	at org.springframework.beans.factory.support.ConstructorResolver.createArgumentArray(ConstructorResolver.java:791)
	... 34 common frames omitted
Caused by: java.lang.RuntimeException: BM25 索引初始化失败
	at com.ragstudy.service.Bm25ServiceImpl.init(Bm25ServiceImpl.java:59)
	at java.base/jdk.internal.reflect.DirectMethodHandleAccessor.invoke(DirectMethodHandleAccessor.java:104)
	at java.base/java.lang.reflect.Method.invoke(Method.java:565)
	at org.springframework.beans.factory.annotation.InitDestroyAnnotationBeanPostProcessor$LifecycleMethod.invoke(InitDestroyAnnotationBeanPostProcessor.java:457)
	at org.springframework.beans.factory.annotation.InitDestroyAnnotationBeanPostProcessor$LifecycleMetadata.invokeInitMethods(InitDestroyAnnotationBeanPostProcessor.java:401)
	at org.springframework.beans.factory.annotation.InitDestroyAnnotationBeanPostProcessor.postProcessBeforeInitialization(InitDestroyAnnotationBeanPostProcessor.java:219)
	... 47 common frames omitted
Caused by: org.apache.lucene.store.LockObtainFailedException: Lock held by another program: D:\RAG-study\rag-engine\data\bm25_index\write.lock
	at org.apache.lucene.store.NativeFSLockFactory.obtainFSLock(NativeFSLockFactory.java:117)
	at org.apache.lucene.store.FSLockFactory.obtainLock(FSLockFactory.java:43)
	at org.apache.lucene.store.BaseDirectory.obtainLock(BaseDirectory.java:44)
	at org.apache.lucene.index.IndexWriter.<init>(IndexWriter.java:956)
	at com.ragstudy.service.Bm25ServiceImpl.init(Bm25ServiceImpl.java:54)
	... 52 common frames omitted
2026-08-17 16:16:30.335 [http-nio-8002-exec-3] INFO  c.r.controller.KnowledgeController - 收到文档上传请求: fileName=test_doc.txt, department=医疗, category=AI应用
2026-08-17 16:16:30.341 [http-nio-8002-exec-3] INFO  com.zaxxer.hikari.HikariDataSource - HikariPool-1 - Starting...
2026-08-17 16:16:31.361 [http-nio-8002-exec-3] ERROR c.r.common.GlobalExceptionHandler - 系统异常
org.springframework.transaction.CannotCreateTransactionException: Could not open JDBC Connection for transaction
	at org.springframework.jdbc.datasource.DataSourceTransactionManager.doBegin(DataSourceTransactionManager.java:313)
	at org.springframework.transaction.support.AbstractPlatformTransactionManager.startTransaction(AbstractPlatformTransactionManager.java:532)
	at org.springframework.transaction.support.AbstractPlatformTransactionManager.getTransaction(AbstractPlatformTransactionManager.java:405)
	at org.springframework.transaction.interceptor.TransactionAspectSupport.createTransactionIfNecessary(TransactionAspectSupport.java:639)
	at org.springframework.transaction.interceptor.TransactionAspectSupport.invokeWithinTransaction(TransactionAspectSupport.java:374)
	at org.springframework.transaction.interceptor.TransactionInterceptor.invoke(TransactionInterceptor.java:119)
	at org.springframework.aop.framework.ReflectiveMethodInvocation.proceed(ReflectiveMethodInvocation.java:184)
	at org.springframework.aop.framework.CglibAopProxy$DynamicAdvisedInterceptor.intercept(CglibAopProxy.java:727)
	at com.ragstudy.service.KnowledgeBaseService$$SpringCGLIB$$0.uploadDocument(<generated>)
	at com.ragstudy.controller.KnowledgeController.upload(KnowledgeController.java:34)
	at java.base/jdk.internal.reflect.DirectMethodHandleAccessor.invoke(DirectMethodHandleAccessor.java:104)
	at java.base/java.lang.reflect.Method.invoke(Method.java:565)
	at org.springframework.web.method.support.InvocableHandlerMethod.doInvoke(InvocableHandlerMethod.java:258)
	at org.springframework.web.method.support.InvocableHandlerMethod.invokeForRequest(InvocableHandlerMethod.java:191)
	at org.springframework.web.servlet.mvc.method.annotation.ServletInvocableHandlerMethod.invokeAndHandle(ServletInvocableHandlerMethod.java:118)
	at org.springframework.web.servlet.mvc.method.annotation.RequestMappingHandlerAdapter.invokeHandlerMethod(RequestMappingHandlerAdapter.java:986)
	at org.springframework.web.servlet.mvc.method.annotation.RequestMappingHandlerAdapter.handleInternal(RequestMappingHandlerAdapter.java:891)
	at org.springframework.web.servlet.mvc.method.AbstractHandlerMethodAdapter.handle(AbstractHandlerMethodAdapter.java:87)
	at org.springframework.web.servlet.DispatcherServlet.doDispatch(DispatcherServlet.java:1089)
	at org.springframework.web.servlet.DispatcherServlet.doService(DispatcherServlet.java:979)
	at org.springframework.web.servlet.FrameworkServlet.processRequest(FrameworkServlet.java:1014)
	at org.springframework.web.servlet.FrameworkServlet.doPost(FrameworkServlet.java:914)
	at jakarta.servlet.http.HttpServlet.service(HttpServlet.java:590)
	at org.springframework.web.servlet.FrameworkServlet.service(FrameworkServlet.java:885)
	at jakarta.servlet.http.HttpServlet.service(HttpServlet.java:658)
	at org.apache.catalina.core.ApplicationFilterChain.internalDoFilter(ApplicationFilterChain.java:195)
	at org.apache.catalina.core.ApplicationFilterChain.doFilter(ApplicationFilterChain.java:140)
	at org.apache.tomcat.websocket.server.WsFilter.doFilter(WsFilter.java:51)
	at org.apache.catalina.core.ApplicationFilterChain.internalDoFilter(ApplicationFilterChain.java:164)
	at org.apache.catalina.core.ApplicationFilterChain.doFilter(ApplicationFilterChain.java:140)
	at org.springframework.web.filter.RequestContextFilter.doFilterInternal(RequestContextFilter.java:100)
	at org.springframework.web.filter.OncePerRequestFilter.doFilter(OncePerRequestFilter.java:116)
	at org.apache.catalina.core.ApplicationFilterChain.internalDoFilter(ApplicationFilterChain.java:164)
	at org.apache.catalina.core.ApplicationFilterChain.doFilter(ApplicationFilterChain.java:140)
	at org.springframework.web.filter.FormContentFilter.doFilterInternal(FormContentFilter.java:93)
	at org.springframework.web.filter.OncePerRequestFilter.doFilter(OncePerRequestFilter.java:116)
	at org.apache.catalina.core.ApplicationFilterChain.internalDoFilter(ApplicationFilterChain.java:164)
	at org.apache.catalina.core.ApplicationFilterChain.doFilter(ApplicationFilterChain.java:140)
	at org.springframework.web.filter.ServerHttpObservationFilter.doFilterInternal(ServerHttpObservationFilter.java:114)
	at org.springframework.web.filter.OncePerRequestFilter.doFilter(OncePerRequestFilter.java:116)
	at org.apache.catalina.core.ApplicationFilterChain.internalDoFilter(ApplicationFilterChain.java:164)
	at org.apache.catalina.core.ApplicationFilterChain.doFilter(ApplicationFilterChain.java:140)
	at org.springframework.web.filter.CharacterEncodingFilter.doFilterInternal(CharacterEncodingFilter.java:201)
	at org.springframework.web.filter.OncePerRequestFilter.doFilter(OncePerRequestFilter.java:116)
	at org.apache.catalina.core.ApplicationFilterChain.internalDoFilter(ApplicationFilterChain.java:164)
	at org.apache.catalina.core.ApplicationFilterChain.doFilter(ApplicationFilterChain.java:140)
	at org.apache.catalina.core.StandardWrapperValve.invoke(StandardWrapperValve.java:167)
	at org.apache.catalina.core.StandardContextValve.invoke(StandardContextValve.java:90)
	at org.apache.catalina.authenticator.AuthenticatorBase.invoke(AuthenticatorBase.java:483)
	at org.apache.catalina.core.StandardHostValve.invoke(StandardHostValve.java:115)
	at org.apache.catalina.valves.ErrorReportValve.invoke(ErrorReportValve.java:93)
	at org.apache.catalina.core.StandardEngineValve.invoke(StandardEngineValve.java:74)
	at org.apache.catalina.connector.CoyoteAdapter.service(CoyoteAdapter.java:344)
	at org.apache.coyote.http11.Http11Processor.service(Http11Processor.java:397)
	at org.apache.coyote.AbstractProcessorLight.process(AbstractProcessorLight.java:63)
	at org.apache.coyote.AbstractProtocol$ConnectionHandler.process(AbstractProtocol.java:905)
	at org.apache.tomcat.util.net.NioEndpoint$SocketProcessor.doRun(NioEndpoint.java:1743)
	at org.apache.tomcat.util.net.SocketProcessorBase.run(SocketProcessorBase.java:52)
	at org.apache.tomcat.util.threads.ThreadPoolExecutor.runWorker(ThreadPoolExecutor.java:1190)
	at org.apache.tomcat.util.threads.ThreadPoolExecutor$Worker.run(ThreadPoolExecutor.java:659)
	at org.apache.tomcat.util.threads.TaskThread$WrappingRunnable.run(TaskThread.java:63)
	at java.base/java.lang.Thread.run(Thread.java:1516)
Caused by: java.sql.SQLSyntaxErrorException: Unknown database 'rag_engine'
	at com.mysql.cj.jdbc.exceptions.SQLError.createSQLException(SQLError.java:112)
	at com.mysql.cj.jdbc.exceptions.SQLExceptionsMapping.translateException(SQLExceptionsMapping.java:114)
	at com.mysql.cj.jdbc.ConnectionImpl.createNewIO(ConnectionImpl.java:837)
	at com.mysql.cj.jdbc.ConnectionImpl.<init>(ConnectionImpl.java:420)
	at com.mysql.cj.jdbc.ConnectionImpl.getInstance(ConnectionImpl.java:238)
	at com.mysql.cj.jdbc.NonRegisteringDriver.connect(NonRegisteringDriver.java:180)
	at com.zaxxer.hikari.util.DriverDataSource.getConnection(DriverDataSource.java:137)
	at com.zaxxer.hikari.pool.PoolBase.newConnection(PoolBase.java:360)
	at com.zaxxer.hikari.pool.PoolBase.newPoolEntry(PoolBase.java:202)
	at com.zaxxer.hikari.pool.HikariPool.createPoolEntry(HikariPool.java:461)
	at com.zaxxer.hikari.pool.HikariPool.checkFailFast(HikariPool.java:550)
	at com.zaxxer.hikari.pool.HikariPool.<init>(HikariPool.java:98)
	at com.zaxxer.hikari.HikariDataSource.getConnection(HikariDataSource.java:111)
	at org.springframework.jdbc.datasource.DataSourceTransactionManager.doBegin(DataSourceTransactionManager.java:269)
	... 61 common frames omitted
2026-08-17 16:18:03.035 [background-preinit] INFO  o.h.validator.internal.util.Version - HV000001: Hibernate Validator 8.0.2.Final
2026-08-17 16:18:03.074 [main] INFO  com.ragstudy.RagEngineApplication - Starting RagEngineApplication using Java 26.0.1 with PID 19000 (D:\RAG-study\rag-engine\target\classes started by Lenovo in D:\RAG-study\rag-engine)
2026-08-17 16:18:03.074 [main] DEBUG com.ragstudy.RagEngineApplication - Running with Spring Boot v3.4.4, Spring v6.2.5
2026-08-17 16:18:03.074 [main] INFO  com.ragstudy.RagEngineApplication - The following 1 profile is active: "dev"
2026-08-17 16:18:04.280 [main] INFO  o.s.b.w.e.tomcat.TomcatWebServer - Tomcat initialized with port 8002 (http)
2026-08-17 16:18:04.293 [main] INFO  o.a.coyote.http11.Http11NioProtocol - Initializing ProtocolHandler ["http-nio-8002"]
2026-08-17 16:18:04.295 [main] INFO  o.a.catalina.core.StandardService - Starting service [Tomcat]
2026-08-17 16:18:04.295 [main] INFO  o.a.catalina.core.StandardEngine - Starting Servlet engine: [Apache Tomcat/10.1.39]
2026-08-17 16:18:04.352 [main] INFO  o.a.c.c.C.[Tomcat].[localhost].[/] - Initializing Spring embedded WebApplicationContext
2026-08-17 16:18:04.353 [main] INFO  o.s.b.w.s.c.ServletWebServerApplicationContext - Root WebApplicationContext: initialization completed in 1232 ms
2026-08-17 16:18:04.613 [main] INFO  com.zaxxer.hikari.HikariDataSource - HikariPool-1 - Starting...
2026-08-17 16:18:04.936 [main] INFO  com.zaxxer.hikari.pool.HikariPool - HikariPool-1 - Added connection com.mysql.cj.jdbc.ConnectionImpl@d3cce46
2026-08-17 16:18:04.939 [main] INFO  com.zaxxer.hikari.HikariDataSource - HikariPool-1 - Start completed.
2026-08-17 16:18:05.126 [main] INFO  c.r.service.EmbeddingServiceImpl - 初始化 Embedding 服务...
2026-08-17 16:18:05.127 [main] INFO  c.r.service.EmbeddingServiceImpl - 加载 ONNX 模型: D:\RAG-study\rag-engine\target\classes\models\onnx\model.onnx
2026-08-17 16:18:05.436 [main] INFO  c.r.service.EmbeddingServiceImpl - 加载分词器: D:\RAG-study\rag-engine\target\classes\models\tokenizer.json
2026-08-17 16:18:06.528 [main] INFO  ai.djl.util.Platform - Found matching platform from: jar:file:/D:/Server/apache-maven-3.6.3/MavenRepositories/ai/djl/huggingface/tokenizers/0.31.0/tokenizers-0.31.0.jar!/native/lib/tokenizers.properties
2026-08-17 16:18:06.558 [main] WARN  a.d.h.t.HuggingFaceTokenizer - maxLength is not explicitly specified, use modelMaxLength: 512
2026-08-17 16:18:06.559 [main] INFO  c.r.service.EmbeddingServiceImpl - Embedding 服务初始化完成 - 模型: D:\RAG-study\rag-engine\target\classes\models\onnx\model.onnx, 向量维度: 512
2026-08-17 16:18:06.564 [main] INFO  c.r.service.VectorStoreServiceImpl - 初始化向量数据库服务...
2026-08-17 16:18:07.007 [main] INFO  c.r.service.VectorStoreServiceImpl - Qdrant 连接成功: localhost:6334
2026-08-17 16:18:07.007 [main] INFO  c.r.service.VectorStoreServiceImpl - 向量数据库服务初始化完成
2026-08-17 16:18:07.017 [main] INFO  c.ragstudy.service.Bm25ServiceImpl - 初始化 BM25 索引服务...
2026-08-17 16:18:07.077 [main] WARN  o.a.l.i.v.VectorizationProvider - You are running with Java 23 or later. To make full use of the Vector API, please update Apache Lucene.
2026-08-17 16:18:07.124 [main] INFO  c.ragstudy.service.Bm25ServiceImpl - BM25 索引服务初始化完成, 索引路径: D:\RAG-study\rag-engine\.\data\bm25_index
2026-08-17 16:18:07.653 [main] INFO  o.s.b.a.e.web.EndpointLinksResolver - Exposing 1 endpoint beneath base path '/actuator'
2026-08-17 16:18:07.696 [main] INFO  o.a.coyote.http11.Http11NioProtocol - Starting ProtocolHandler ["http-nio-8002"]
2026-08-17 16:18:07.707 [main] INFO  o.s.b.w.e.tomcat.TomcatWebServer - Tomcat started on port 8002 (http) with context path '/'
2026-08-17 16:18:07.716 [main] INFO  com.ragstudy.RagEngineApplication - Started RagEngineApplication in 5.23 seconds (process running for 5.686)
2026-08-17 16:19:20.550 [http-nio-8002-exec-1] INFO  o.a.c.c.C.[Tomcat].[localhost].[/] - Initializing Spring DispatcherServlet 'dispatcherServlet'
2026-08-17 16:19:20.551 [http-nio-8002-exec-1] INFO  o.s.web.servlet.DispatcherServlet - Initializing Servlet 'dispatcherServlet'
2026-08-17 16:19:20.551 [http-nio-8002-exec-1] INFO  o.s.web.servlet.DispatcherServlet - Completed initialization in 0 ms
2026-08-17 16:19:35.646 [http-nio-8002-exec-3] INFO  c.r.controller.KnowledgeController - 收到文档上传请求: fileName=test_doc.txt, department=yiliao, category=AI
2026-08-17 16:19:35.652 [http-nio-8002-exec-3] INFO  c.r.service.KnowledgeBaseService - 开始上传文档: test_doc.txt, department=yiliao, category=AI
2026-08-17 16:19:36.165 [http-nio-8002-exec-3] ERROR c.r.common.GlobalExceptionHandler - 系统异常
jakarta.servlet.ServletException: Handler dispatch failed: java.lang.NoClassDefFoundError: org/apache/commons/io/input/ChecksumInputStream
	at org.springframework.web.servlet.DispatcherServlet.doDispatch(DispatcherServlet.java:1104)
	at org.springframework.web.servlet.DispatcherServlet.doService(DispatcherServlet.java:979)
	at org.springframework.web.servlet.FrameworkServlet.processRequest(FrameworkServlet.java:1014)
	at org.springframework.web.servlet.FrameworkServlet.doPost(FrameworkServlet.java:914)
	at jakarta.servlet.http.HttpServlet.service(HttpServlet.java:590)
	at org.springframework.web.servlet.FrameworkServlet.service(FrameworkServlet.java:885)
	at jakarta.servlet.http.HttpServlet.service(HttpServlet.java:658)
	at org.apache.catalina.core.ApplicationFilterChain.internalDoFilter(ApplicationFilterChain.java:195)
	at org.apache.catalina.core.ApplicationFilterChain.doFilter(ApplicationFilterChain.java:140)
	at org.apache.tomcat.websocket.server.WsFilter.doFilter(WsFilter.java:51)
	at org.apache.catalina.core.ApplicationFilterChain.internalDoFilter(ApplicationFilterChain.java:164)
	at org.apache.catalina.core.ApplicationFilterChain.doFilter(ApplicationFilterChain.java:140)
	at org.springframework.web.filter.RequestContextFilter.doFilterInternal(RequestContextFilter.java:100)
	at org.springframework.web.filter.OncePerRequestFilter.doFilter(OncePerRequestFilter.java:116)
	at org.apache.catalina.core.ApplicationFilterChain.internalDoFilter(ApplicationFilterChain.java:164)
	at org.apache.catalina.core.ApplicationFilterChain.doFilter(ApplicationFilterChain.java:140)
	at org.springframework.web.filter.FormContentFilter.doFilterInternal(FormContentFilter.java:93)
	at org.springframework.web.filter.OncePerRequestFilter.doFilter(OncePerRequestFilter.java:116)
	at org.apache.catalina.core.ApplicationFilterChain.internalDoFilter(ApplicationFilterChain.java:164)
	at org.apache.catalina.core.ApplicationFilterChain.doFilter(ApplicationFilterChain.java:140)
	at org.springframework.web.filter.ServerHttpObservationFilter.doFilterInternal(ServerHttpObservationFilter.java:114)
	at org.springframework.web.filter.OncePerRequestFilter.doFilter(OncePerRequestFilter.java:116)
	at org.apache.catalina.core.ApplicationFilterChain.internalDoFilter(ApplicationFilterChain.java:164)
	at org.apache.catalina.core.ApplicationFilterChain.doFilter(ApplicationFilterChain.java:140)
	at org.springframework.web.filter.CharacterEncodingFilter.doFilterInternal(CharacterEncodingFilter.java:201)
	at org.springframework.web.filter.OncePerRequestFilter.doFilter(OncePerRequestFilter.java:116)
	at org.apache.catalina.core.ApplicationFilterChain.internalDoFilter(ApplicationFilterChain.java:164)
	at org.apache.catalina.core.ApplicationFilterChain.doFilter(ApplicationFilterChain.java:140)
	at org.apache.catalina.core.StandardWrapperValve.invoke(StandardWrapperValve.java:167)
	at org.apache.catalina.core.StandardContextValve.invoke(StandardContextValve.java:90)
	at org.apache.catalina.authenticator.AuthenticatorBase.invoke(AuthenticatorBase.java:483)
	at org.apache.catalina.core.StandardHostValve.invoke(StandardHostValve.java:115)
	at org.apache.catalina.valves.ErrorReportValve.invoke(ErrorReportValve.java:93)
	at org.apache.catalina.core.StandardEngineValve.invoke(StandardEngineValve.java:74)
	at org.apache.catalina.connector.CoyoteAdapter.service(CoyoteAdapter.java:344)
	at org.apache.coyote.http11.Http11Processor.service(Http11Processor.java:397)
	at org.apache.coyote.AbstractProcessorLight.process(AbstractProcessorLight.java:63)
	at org.apache.coyote.AbstractProtocol$ConnectionHandler.process(AbstractProtocol.java:905)
	at org.apache.tomcat.util.net.NioEndpoint$SocketProcessor.doRun(NioEndpoint.java:1743)
	at org.apache.tomcat.util.net.SocketProcessorBase.run(SocketProcessorBase.java:52)
	at org.apache.tomcat.util.threads.ThreadPoolExecutor.runWorker(ThreadPoolExecutor.java:1190)
	at org.apache.tomcat.util.threads.ThreadPoolExecutor$Worker.run(ThreadPoolExecutor.java:659)
	at org.apache.tomcat.util.threads.TaskThread$WrappingRunnable.run(TaskThread.java:63)
	at java.base/java.lang.Thread.run(Thread.java:1516)
Caused by: java.lang.NoClassDefFoundError: org/apache/commons/io/input/ChecksumInputStream
	at org.apache.tika.detect.zip.TikaArchiveStreamFactory.detect(TikaArchiveStreamFactory.java:254)
	at org.apache.tika.detect.zip.DefaultZipContainerDetector.detectArchiveFormat(DefaultZipContainerDetector.java:124)
	at org.apache.tika.detect.zip.DefaultZipContainerDetector.detect(DefaultZipContainerDetector.java:175)
	at org.apache.tika.detect.CompositeDetector.detect(CompositeDetector.java:84)
	at org.apache.tika.parser.AutoDetectParser.parse(AutoDetectParser.java:177)
	at org.apache.tika.Tika.parseToString(Tika.java:525)
	at org.apache.tika.Tika.parseToString(Tika.java:495)
	at org.apache.tika.Tika.parseToString(Tika.java:557)
	at com.ragstudy.service.KnowledgeBaseService.extractText(KnowledgeBaseService.java:206)
	at com.ragstudy.service.KnowledgeBaseService.uploadDocument(KnowledgeBaseService.java:63)
	at java.base/jdk.internal.reflect.DirectMethodHandleAccessor.invoke(DirectMethodHandleAccessor.java:104)
	at java.base/java.lang.reflect.Method.invoke(Method.java:565)
	at org.springframework.aop.support.AopUtils.invokeJoinpointUsingReflection(AopUtils.java:359)
	at org.springframework.aop.framework.ReflectiveMethodInvocation.invokeJoinpoint(ReflectiveMethodInvocation.java:196)
	at org.springframework.aop.framework.ReflectiveMethodInvocation.proceed(ReflectiveMethodInvocation.java:163)
	at org.springframework.transaction.interceptor.TransactionAspectSupport.invokeWithinTransaction(TransactionAspectSupport.java:380)
	at org.springframework.transaction.interceptor.TransactionInterceptor.invoke(TransactionInterceptor.java:119)
	at org.springframework.aop.framework.ReflectiveMethodInvocation.proceed(ReflectiveMethodInvocation.java:184)
	at org.springframework.aop.framework.CglibAopProxy$DynamicAdvisedInterceptor.intercept(CglibAopProxy.java:727)
	at com.ragstudy.service.KnowledgeBaseService$$SpringCGLIB$$0.uploadDocument(<generated>)
	at com.ragstudy.controller.KnowledgeController.upload(KnowledgeController.java:34)
	at java.base/jdk.internal.reflect.DirectMethodHandleAccessor.invoke(DirectMethodHandleAccessor.java:104)
	at java.base/java.lang.reflect.Method.invoke(Method.java:565)
	at org.springframework.web.method.support.InvocableHandlerMethod.doInvoke(InvocableHandlerMethod.java:258)
	at org.springframework.web.method.support.InvocableHandlerMethod.invokeForRequest(InvocableHandlerMethod.java:191)
	at org.springframework.web.servlet.mvc.method.annotation.ServletInvocableHandlerMethod.invokeAndHandle(ServletInvocableHandlerMethod.java:118)
	at org.springframework.web.servlet.mvc.method.annotation.RequestMappingHandlerAdapter.invokeHandlerMethod(RequestMappingHandlerAdapter.java:986)
	at org.springframework.web.servlet.mvc.method.annotation.RequestMappingHandlerAdapter.handleInternal(RequestMappingHandlerAdapter.java:891)
	at org.springframework.web.servlet.mvc.method.AbstractHandlerMethodAdapter.handle(AbstractHandlerMethodAdapter.java:87)
	at org.springframework.web.servlet.DispatcherServlet.doDispatch(DispatcherServlet.java:1089)
	... 43 common frames omitted
Caused by: java.lang.ClassNotFoundException: org.apache.commons.io.input.ChecksumInputStream
	at java.base/jdk.internal.loader.BuiltinClassLoader.loadClass(BuiltinClassLoader.java:580)
	at java.base/java.lang.ClassLoader.loadClass(ClassLoader.java:502)
	... 73 common frames omitted
2026-08-17 16:20:18.276 [background-preinit] INFO  o.h.validator.internal.util.Version - HV000001: Hibernate Validator 8.0.2.Final
2026-08-17 16:20:18.313 [main] INFO  com.ragstudy.RagEngineApplication - Starting RagEngineApplication using Java 26.0.1 with PID 3816 (D:\RAG-study\rag-engine\target\classes started by Lenovo in D:\RAG-study\rag-engine)
2026-08-17 16:20:18.314 [main] DEBUG com.ragstudy.RagEngineApplication - Running with Spring Boot v3.4.4, Spring v6.2.5
2026-08-17 16:20:18.314 [main] INFO  com.ragstudy.RagEngineApplication - The following 1 profile is active: "dev"
2026-08-17 16:20:19.504 [main] INFO  o.s.b.w.e.tomcat.TomcatWebServer - Tomcat initialized with port 8002 (http)
2026-08-17 16:20:19.514 [main] INFO  o.a.coyote.http11.Http11NioProtocol - Initializing ProtocolHandler ["http-nio-8002"]
2026-08-17 16:20:19.516 [main] INFO  o.a.catalina.core.StandardService - Starting service [Tomcat]
2026-08-17 16:20:19.517 [main] INFO  o.a.catalina.core.StandardEngine - Starting Servlet engine: [Apache Tomcat/10.1.39]
2026-08-17 16:20:19.570 [main] INFO  o.a.c.c.C.[Tomcat].[localhost].[/] - Initializing Spring embedded WebApplicationContext
2026-08-17 16:20:19.571 [main] INFO  o.s.b.w.s.c.ServletWebServerApplicationContext - Root WebApplicationContext: initialization completed in 1218 ms
2026-08-17 16:20:19.825 [main] INFO  com.zaxxer.hikari.HikariDataSource - HikariPool-1 - Starting...
2026-08-17 16:20:20.125 [main] INFO  com.zaxxer.hikari.pool.HikariPool - HikariPool-1 - Added connection com.mysql.cj.jdbc.ConnectionImpl@16b76858
2026-08-17 16:20:20.126 [main] INFO  com.zaxxer.hikari.HikariDataSource - HikariPool-1 - Start completed.
2026-08-17 16:20:20.290 [main] INFO  c.r.service.EmbeddingServiceImpl - 初始化 Embedding 服务...
2026-08-17 16:20:20.292 [main] INFO  c.r.service.EmbeddingServiceImpl - 加载 ONNX 模型: D:\RAG-study\rag-engine\target\classes\models\onnx\model.onnx
2026-08-17 16:20:20.589 [main] INFO  c.r.service.EmbeddingServiceImpl - 加载分词器: D:\RAG-study\rag-engine\target\classes\models\tokenizer.json
2026-08-17 16:20:21.630 [main] INFO  ai.djl.util.Platform - Found matching platform from: jar:file:/D:/Server/apache-maven-3.6.3/MavenRepositories/ai/djl/huggingface/tokenizers/0.31.0/tokenizers-0.31.0.jar!/native/lib/tokenizers.properties
2026-08-17 16:20:21.652 [main] WARN  a.d.h.t.HuggingFaceTokenizer - maxLength is not explicitly specified, use modelMaxLength: 512
2026-08-17 16:20:21.652 [main] INFO  c.r.service.EmbeddingServiceImpl - Embedding 服务初始化完成 - 模型: D:\RAG-study\rag-engine\target\classes\models\onnx\model.onnx, 向量维度: 512
2026-08-17 16:20:21.655 [main] INFO  c.r.service.VectorStoreServiceImpl - 初始化向量数据库服务...
2026-08-17 16:20:22.005 [main] INFO  c.r.service.VectorStoreServiceImpl - Qdrant 连接成功: localhost:6334
2026-08-17 16:20:22.005 [main] INFO  c.r.service.VectorStoreServiceImpl - 向量数据库服务初始化完成
2026-08-17 16:20:22.015 [main] INFO  c.ragstudy.service.Bm25ServiceImpl - 初始化 BM25 索引服务...
2026-08-17 16:20:22.070 [main] WARN  o.a.l.i.v.VectorizationProvider - You are running with Java 23 or later. To make full use of the Vector API, please update Apache Lucene.
2026-08-17 16:20:22.115 [main] INFO  c.ragstudy.service.Bm25ServiceImpl - BM25 索引服务初始化完成, 索引路径: D:\RAG-study\rag-engine\.\data\bm25_index
2026-08-17 16:20:22.605 [main] INFO  o.s.b.a.e.web.EndpointLinksResolver - Exposing 1 endpoint beneath base path '/actuator'
2026-08-17 16:20:22.651 [main] INFO  o.a.coyote.http11.Http11NioProtocol - Starting ProtocolHandler ["http-nio-8002"]
2026-08-17 16:20:22.660 [main] INFO  o.s.b.w.e.tomcat.TomcatWebServer - Tomcat started on port 8002 (http) with context path '/'
2026-08-17 16:20:22.669 [main] INFO  com.ragstudy.RagEngineApplication - Started RagEngineApplication in 4.86 seconds (process running for 5.262)
2026-08-17 16:21:07.154 [http-nio-8002-exec-1] INFO  o.a.c.c.C.[Tomcat].[localhost].[/] - Initializing Spring DispatcherServlet 'dispatcherServlet'
2026-08-17 16:21:07.155 [http-nio-8002-exec-1] INFO  o.s.web.servlet.DispatcherServlet - Initializing Servlet 'dispatcherServlet'
2026-08-17 16:21:07.156 [http-nio-8002-exec-1] INFO  o.s.web.servlet.DispatcherServlet - Completed initialization in 1 ms
2026-08-17 16:21:07.198 [http-nio-8002-exec-1] INFO  c.r.controller.KnowledgeController - 收到文档上传请求: fileName=test_doc.txt, department=yiliao, category=AI
2026-08-17 16:21:07.204 [http-nio-8002-exec-1] INFO  c.r.service.KnowledgeBaseService - 开始上传文档: test_doc.txt, department=yiliao, category=AI
2026-08-17 16:21:07.665 [http-nio-8002-exec-1] DEBUG c.r.r.KnowledgeDocumentMapper.insert - ==>  Preparing: INSERT INTO knowledge_document ( file_name, file_type, file_size, department, category, status, create_time, update_time ) VALUES ( ?, ?, ?, ?, ?, ?, ?, ? )
2026-08-17 16:21:07.688 [http-nio-8002-exec-1] DEBUG c.r.r.KnowledgeDocumentMapper.insert - ==> Parameters: test_doc.txt(String), txt(String), 1054(Long), yiliao(String), AI(String), processing(String), 2026-08-17T16:21:07.660322700(LocalDateTime), 2026-08-17T16:21:07.660322700(LocalDateTime)
2026-08-17 16:21:07.841 [http-nio-8002-exec-1] ERROR c.r.common.GlobalExceptionHandler - 系统异常
org.springframework.jdbc.BadSqlGrammarException: 
### Error updating database.  Cause: java.sql.SQLSyntaxErrorException: Table 'rag_engine.knowledge_document' doesn't exist
### The error may exist in com/ragstudy/repository/KnowledgeDocumentMapper.java (best guess)
### The error may involve com.ragstudy.repository.KnowledgeDocumentMapper.insert-Inline
### The error occurred while setting parameters
### SQL: INSERT INTO knowledge_document  ( file_name, file_type, file_size, department, category,   status,  create_time, update_time )  VALUES (  ?, ?, ?, ?, ?,   ?,  ?, ?  )
### Cause: java.sql.SQLSyntaxErrorException: Table 'rag_engine.knowledge_document' doesn't exist
; bad SQL grammar []
	at org.springframework.jdbc.support.SQLErrorCodeSQLExceptionTranslator.doTranslate(SQLErrorCodeSQLExceptionTranslator.java:246)
	at org.springframework.jdbc.support.AbstractFallbackSQLExceptionTranslator.translate(AbstractFallbackSQLExceptionTranslator.java:107)
	at org.mybatis.spring.MyBatisExceptionTranslator.translateExceptionIfPossible(MyBatisExceptionTranslator.java:93)
	at org.mybatis.spring.SqlSessionTemplate$SqlSessionInterceptor.invoke(SqlSessionTemplate.java:347)
	at jdk.proxy2/jdk.proxy2.$Proxy101.insert(Unknown Source)
	at org.mybatis.spring.SqlSessionTemplate.insert(SqlSessionTemplate.java:224)
	at com.baomidou.mybatisplus.core.override.MybatisMapperMethod.execute(MybatisMapperMethod.java:59)
	at com.baomidou.mybatisplus.core.override.MybatisMapperProxy$PlainMethodInvoker.invoke(MybatisMapperProxy.java:152)
	at com.baomidou.mybatisplus.core.override.MybatisMapperProxy.invoke(MybatisMapperProxy.java:89)
	at jdk.proxy2/jdk.proxy2.$Proxy105.insert(Unknown Source)
	at com.ragstudy.service.KnowledgeBaseService.uploadDocument(KnowledgeBaseService.java:80)
	at java.base/jdk.internal.reflect.DirectMethodHandleAccessor.invoke(DirectMethodHandleAccessor.java:104)
	at java.base/java.lang.reflect.Method.invoke(Method.java:565)
	at org.springframework.aop.support.AopUtils.invokeJoinpointUsingReflection(AopUtils.java:359)
	at org.springframework.aop.framework.ReflectiveMethodInvocation.invokeJoinpoint(ReflectiveMethodInvocation.java:196)
	at org.springframework.aop.framework.ReflectiveMethodInvocation.proceed(ReflectiveMethodInvocation.java:163)
	at org.springframework.transaction.interceptor.TransactionAspectSupport.invokeWithinTransaction(TransactionAspectSupport.java:380)
	at org.springframework.transaction.interceptor.TransactionInterceptor.invoke(TransactionInterceptor.java:119)
	at org.springframework.aop.framework.ReflectiveMethodInvocation.proceed(ReflectiveMethodInvocation.java:184)
	at org.springframework.aop.framework.CglibAopProxy$DynamicAdvisedInterceptor.intercept(CglibAopProxy.java:727)
	at com.ragstudy.service.KnowledgeBaseService$$SpringCGLIB$$0.uploadDocument(<generated>)
	at com.ragstudy.controller.KnowledgeController.upload(KnowledgeController.java:34)
	at java.base/jdk.internal.reflect.DirectMethodHandleAccessor.invoke(DirectMethodHandleAccessor.java:104)
	at java.base/java.lang.reflect.Method.invoke(Method.java:565)
	at org.springframework.web.method.support.InvocableHandlerMethod.doInvoke(InvocableHandlerMethod.java:258)
	at org.springframework.web.method.support.InvocableHandlerMethod.invokeForRequest(InvocableHandlerMethod.java:191)
	at org.springframework.web.servlet.mvc.method.annotation.ServletInvocableHandlerMethod.invokeAndHandle(ServletInvocableHandlerMethod.java:118)
	at org.springframework.web.servlet.mvc.method.annotation.RequestMappingHandlerAdapter.invokeHandlerMethod(RequestMappingHandlerAdapter.java:986)
	at org.springframework.web.servlet.mvc.method.annotation.RequestMappingHandlerAdapter.handleInternal(RequestMappingHandlerAdapter.java:891)
	at org.springframework.web.servlet.mvc.method.AbstractHandlerMethodAdapter.handle(AbstractHandlerMethodAdapter.java:87)
	at org.springframework.web.servlet.DispatcherServlet.doDispatch(DispatcherServlet.java:1089)
	at org.springframework.web.servlet.DispatcherServlet.doService(DispatcherServlet.java:979)
	at org.springframework.web.servlet.FrameworkServlet.processRequest(FrameworkServlet.java:1014)
	at org.springframework.web.servlet.FrameworkServlet.doPost(FrameworkServlet.java:914)
	at jakarta.servlet.http.HttpServlet.service(HttpServlet.java:590)
	at org.springframework.web.servlet.FrameworkServlet.service(FrameworkServlet.java:885)
	at jakarta.servlet.http.HttpServlet.service(HttpServlet.java:658)
	at org.apache.catalina.core.ApplicationFilterChain.internalDoFilter(ApplicationFilterChain.java:195)
	at org.apache.catalina.core.ApplicationFilterChain.doFilter(ApplicationFilterChain.java:140)
	at org.apache.tomcat.websocket.server.WsFilter.doFilter(WsFilter.java:51)
	at org.apache.catalina.core.ApplicationFilterChain.internalDoFilter(ApplicationFilterChain.java:164)
	at org.apache.catalina.core.ApplicationFilterChain.doFilter(ApplicationFilterChain.java:140)
	at org.springframework.web.filter.RequestContextFilter.doFilterInternal(RequestContextFilter.java:100)
	at org.springframework.web.filter.OncePerRequestFilter.doFilter(OncePerRequestFilter.java:116)
	at org.apache.catalina.core.ApplicationFilterChain.internalDoFilter(ApplicationFilterChain.java:164)
	at org.apache.catalina.core.ApplicationFilterChain.doFilter(ApplicationFilterChain.java:140)
	at org.springframework.web.filter.FormContentFilter.doFilterInternal(FormContentFilter.java:93)
	at org.springframework.web.filter.OncePerRequestFilter.doFilter(OncePerRequestFilter.java:116)
	at org.apache.catalina.core.ApplicationFilterChain.internalDoFilter(ApplicationFilterChain.java:164)
	at org.apache.catalina.core.ApplicationFilterChain.doFilter(ApplicationFilterChain.java:140)
	at org.springframework.web.filter.ServerHttpObservationFilter.doFilterInternal(ServerHttpObservationFilter.java:114)
	at org.springframework.web.filter.OncePerRequestFilter.doFilter(OncePerRequestFilter.java:116)
	at org.apache.catalina.core.ApplicationFilterChain.internalDoFilter(ApplicationFilterChain.java:164)
	at org.apache.catalina.core.ApplicationFilterChain.doFilter(ApplicationFilterChain.java:140)
	at org.springframework.web.filter.CharacterEncodingFilter.doFilterInternal(CharacterEncodingFilter.java:201)
	at org.springframework.web.filter.OncePerRequestFilter.doFilter(OncePerRequestFilter.java:116)
	at org.apache.catalina.core.ApplicationFilterChain.internalDoFilter(ApplicationFilterChain.java:164)
	at org.apache.catalina.core.ApplicationFilterChain.doFilter(ApplicationFilterChain.java:140)
	at org.apache.catalina.core.StandardWrapperValve.invoke(StandardWrapperValve.java:167)
	at org.apache.catalina.core.StandardContextValve.invoke(StandardContextValve.java:90)
	at org.apache.catalina.authenticator.AuthenticatorBase.invoke(AuthenticatorBase.java:483)
	at org.apache.catalina.core.StandardHostValve.invoke(StandardHostValve.java:115)
	at org.apache.catalina.valves.ErrorReportValve.invoke(ErrorReportValve.java:93)
	at org.apache.catalina.core.StandardEngineValve.invoke(StandardEngineValve.java:74)
	at org.apache.catalina.connector.CoyoteAdapter.service(CoyoteAdapter.java:344)
	at org.apache.coyote.http11.Http11Processor.service(Http11Processor.java:397)
	at org.apache.coyote.AbstractProcessorLight.process(AbstractProcessorLight.java:63)
	at org.apache.coyote.AbstractProtocol$ConnectionHandler.process(AbstractProtocol.java:905)
	at org.apache.tomcat.util.net.NioEndpoint$SocketProcessor.doRun(NioEndpoint.java:1743)
	at org.apache.tomcat.util.net.SocketProcessorBase.run(SocketProcessorBase.java:52)
	at org.apache.tomcat.util.threads.ThreadPoolExecutor.runWorker(ThreadPoolExecutor.java:1190)
	at org.apache.tomcat.util.threads.ThreadPoolExecutor$Worker.run(ThreadPoolExecutor.java:659)
	at org.apache.tomcat.util.threads.TaskThread$WrappingRunnable.run(TaskThread.java:63)
	at java.base/java.lang.Thread.run(Thread.java:1516)
Caused by: java.sql.SQLSyntaxErrorException: Table 'rag_engine.knowledge_document' doesn't exist
	at com.mysql.cj.jdbc.exceptions.SQLError.createSQLException(SQLError.java:112)
	at com.mysql.cj.jdbc.exceptions.SQLExceptionsMapping.translateException(SQLExceptionsMapping.java:114)
	at com.mysql.cj.jdbc.ClientPreparedStatement.executeInternal(ClientPreparedStatement.java:988)
	at com.mysql.cj.jdbc.ClientPreparedStatement.execute(ClientPreparedStatement.java:382)
	at com.zaxxer.hikari.pool.ProxyPreparedStatement.execute(ProxyPreparedStatement.java:44)
	at com.zaxxer.hikari.pool.HikariProxyPreparedStatement.execute(HikariProxyPreparedStatement.java)
	at java.base/jdk.internal.reflect.DirectMethodHandleAccessor.invoke(DirectMethodHandleAccessor.java:104)
	at java.base/java.lang.reflect.Method.invoke(Method.java:565)
	at org.apache.ibatis.logging.jdbc.PreparedStatementLogger.invoke(PreparedStatementLogger.java:58)
	at jdk.proxy3/jdk.proxy3.$Proxy126.execute(Unknown Source)
	at org.apache.ibatis.executor.statement.PreparedStatementHandler.update(PreparedStatementHandler.java:48)
	at org.apache.ibatis.executor.statement.RoutingStatementHandler.update(RoutingStatementHandler.java:75)
	at org.apache.ibatis.executor.SimpleExecutor.doUpdate(SimpleExecutor.java:50)
	at org.apache.ibatis.executor.BaseExecutor.update(BaseExecutor.java:117)
	at org.apache.ibatis.executor.CachingExecutor.update(CachingExecutor.java:76)
	at org.apache.ibatis.session.defaults.DefaultSqlSession.update(DefaultSqlSession.java:197)
	at org.apache.ibatis.session.defaults.DefaultSqlSession.insert(DefaultSqlSession.java:184)
	at java.base/jdk.internal.reflect.DirectMethodHandleAccessor.invoke(DirectMethodHandleAccessor.java:104)
	at java.base/java.lang.reflect.Method.invoke(Method.java:565)
	at org.mybatis.spring.SqlSessionTemplate$SqlSessionInterceptor.invoke(SqlSessionTemplate.java:333)
	... 70 common frames omitted
2026-08-17 16:21:53.743 [http-nio-8002-exec-6] INFO  c.r.controller.KnowledgeController - 收到文档上传请求: fileName=test_doc.txt, department=yiliao, category=AI
2026-08-17 16:21:53.744 [http-nio-8002-exec-6] INFO  c.r.service.KnowledgeBaseService - 开始上传文档: test_doc.txt, department=yiliao, category=AI
2026-08-17 16:21:53.757 [http-nio-8002-exec-6] DEBUG c.r.r.KnowledgeDocumentMapper.insert - ==>  Preparing: INSERT INTO knowledge_document ( file_name, file_type, file_size, department, category, status, create_time, update_time ) VALUES ( ?, ?, ?, ?, ?, ?, ?, ? )
2026-08-17 16:21:53.758 [http-nio-8002-exec-6] DEBUG c.r.r.KnowledgeDocumentMapper.insert - ==> Parameters: test_doc.txt(String), txt(String), 1054(Long), yiliao(String), AI(String), processing(String), 2026-08-17T16:21:53.757563600(LocalDateTime), 2026-08-17T16:21:53.757563600(LocalDateTime)
2026-08-17 16:21:53.778 [http-nio-8002-exec-6] DEBUG c.r.r.KnowledgeDocumentMapper.insert - <==    Updates: 1
2026-08-17 16:21:53.790 [http-nio-8002-exec-6] INFO  c.r.service.KnowledgeBaseService - 文档记录已创建: id=1
2026-08-17 16:21:53.790 [http-nio-8002-exec-6] INFO  c.ragstudy.service.DocumentChunker - 开始文档分块: docId=doc_1, childSize=300, parentSize=1000, overlap=50
2026-08-17 16:22:09.503 [http-nio-8002-exec-6] ERROR c.r.common.GlobalExceptionHandler - 系统异常
jakarta.servlet.ServletException: Handler dispatch failed: java.lang.OutOfMemoryError: Java heap space
	at org.springframework.web.servlet.DispatcherServlet.doDispatch(DispatcherServlet.java:1104)
	at org.springframework.web.servlet.DispatcherServlet.doService(DispatcherServlet.java:979)
	at org.springframework.web.servlet.FrameworkServlet.processRequest(FrameworkServlet.java:1014)
	at org.springframework.web.servlet.FrameworkServlet.doPost(FrameworkServlet.java:914)
	at jakarta.servlet.http.HttpServlet.service(HttpServlet.java:590)
	at org.springframework.web.servlet.FrameworkServlet.service(FrameworkServlet.java:885)
	at jakarta.servlet.http.HttpServlet.service(HttpServlet.java:658)
	at org.apache.catalina.core.ApplicationFilterChain.internalDoFilter(ApplicationFilterChain.java:195)
	at org.apache.catalina.core.ApplicationFilterChain.doFilter(ApplicationFilterChain.java:140)
	at org.apache.tomcat.websocket.server.WsFilter.doFilter(WsFilter.java:51)
	at org.apache.catalina.core.ApplicationFilterChain.internalDoFilter(ApplicationFilterChain.java:164)
	at org.apache.catalina.core.ApplicationFilterChain.doFilter(ApplicationFilterChain.java:140)
	at org.springframework.web.filter.RequestContextFilter.doFilterInternal(RequestContextFilter.java:100)
	at org.springframework.web.filter.OncePerRequestFilter.doFilter(OncePerRequestFilter.java:116)
	at org.apache.catalina.core.ApplicationFilterChain.internalDoFilter(ApplicationFilterChain.java:164)
	at org.apache.catalina.core.ApplicationFilterChain.doFilter(ApplicationFilterChain.java:140)
	at org.springframework.web.filter.FormContentFilter.doFilterInternal(FormContentFilter.java:93)
	at org.springframework.web.filter.OncePerRequestFilter.doFilter(OncePerRequestFilter.java:116)
	at org.apache.catalina.core.ApplicationFilterChain.internalDoFilter(ApplicationFilterChain.java:164)
	at org.apache.catalina.core.ApplicationFilterChain.doFilter(ApplicationFilterChain.java:140)
	at org.springframework.web.filter.ServerHttpObservationFilter.doFilterInternal(ServerHttpObservationFilter.java:114)
	at org.springframework.web.filter.OncePerRequestFilter.doFilter(OncePerRequestFilter.java:116)
	at org.apache.catalina.core.ApplicationFilterChain.internalDoFilter(ApplicationFilterChain.java:164)
	at org.apache.catalina.core.ApplicationFilterChain.doFilter(ApplicationFilterChain.java:140)
	at org.springframework.web.filter.CharacterEncodingFilter.doFilterInternal(CharacterEncodingFilter.java:201)
	at org.springframework.web.filter.OncePerRequestFilter.doFilter(OncePerRequestFilter.java:116)
	at org.apache.catalina.core.ApplicationFilterChain.internalDoFilter(ApplicationFilterChain.java:164)
	at org.apache.catalina.core.ApplicationFilterChain.doFilter(ApplicationFilterChain.java:140)
	at org.apache.catalina.core.StandardWrapperValve.invoke(StandardWrapperValve.java:167)
	at org.apache.catalina.core.StandardContextValve.invoke(StandardContextValve.java:90)
	at org.apache.catalina.authenticator.AuthenticatorBase.invoke(AuthenticatorBase.java:483)
	at org.apache.catalina.core.StandardHostValve.invoke(StandardHostValve.java:115)
	at org.apache.catalina.valves.ErrorReportValve.invoke(ErrorReportValve.java:93)
	at org.apache.catalina.core.StandardEngineValve.invoke(StandardEngineValve.java:74)
	at org.apache.catalina.connector.CoyoteAdapter.service(CoyoteAdapter.java:344)
	at org.apache.coyote.http11.Http11Processor.service(Http11Processor.java:397)
	at org.apache.coyote.AbstractProcessorLight.process(AbstractProcessorLight.java:63)
	at org.apache.coyote.AbstractProtocol$ConnectionHandler.process(AbstractProtocol.java:905)
	at org.apache.tomcat.util.net.NioEndpoint$SocketProcessor.doRun(NioEndpoint.java:1743)
	at org.apache.tomcat.util.net.SocketProcessorBase.run(SocketProcessorBase.java:52)
	at org.apache.tomcat.util.threads.ThreadPoolExecutor.runWorker(ThreadPoolExecutor.java:1190)
	at org.apache.tomcat.util.threads.ThreadPoolExecutor$Worker.run(ThreadPoolExecutor.java:659)
	at org.apache.tomcat.util.threads.TaskThread$WrappingRunnable.run(TaskThread.java:63)
	at java.base/java.lang.Thread.run(Thread.java:1516)
Caused by: java.lang.OutOfMemoryError: Java heap space
	at java.base/java.util.Arrays.copyOfRange(Arrays.java:3849)
	at java.base/java.lang.StringUTF16.compress(StringUTF16.java:253)
	at java.base/java.lang.StringUTF16.newString(StringUTF16.java:1401)
	at java.base/java.lang.String.substring(String.java:3192)
	at com.ragstudy.service.DocumentChunker.chunk(DocumentChunker.java:82)
	at com.ragstudy.service.KnowledgeBaseService.processDocument(KnowledgeBaseService.java:104)
	at com.ragstudy.service.KnowledgeBaseService.uploadDocument(KnowledgeBaseService.java:85)
	at java.base/java.lang.invoke.LambdaForm$DMH/0x000000002d400800.invokeVirtual(LambdaForm$DMH)
	at java.base/java.lang.invoke.LambdaForm$MH/0x000000002d4bd000.invoke(LambdaForm$MH)
	at java.base/java.lang.invoke.LambdaForm$MH/0x000000002d3e9400.invokeExact_MT(LambdaForm$MH)
	at java.base/jdk.internal.reflect.DirectMethodHandleAccessor.invokeImpl(DirectMethodHandleAccessor.java:157)
	at java.base/jdk.internal.reflect.DirectMethodHandleAccessor.invoke(DirectMethodHandleAccessor.java:104)
	at java.base/java.lang.reflect.Method.invoke(Method.java:565)
	at org.springframework.aop.support.AopUtils.invokeJoinpointUsingReflection(AopUtils.java:359)
	at org.springframework.aop.framework.ReflectiveMethodInvocation.invokeJoinpoint(ReflectiveMethodInvocation.java:196)
	at org.springframework.aop.framework.ReflectiveMethodInvocation.proceed(ReflectiveMethodInvocation.java:163)
	at org.springframework.transaction.interceptor.TransactionInterceptor$$Lambda/0x000000002d92b6a8.proceedWithInvocation(Unknown Source)
	at org.springframework.transaction.interceptor.TransactionAspectSupport.invokeWithinTransaction(TransactionAspectSupport.java:380)
	at org.springframework.transaction.interceptor.TransactionInterceptor.invoke(TransactionInterceptor.java:119)
	at org.springframework.aop.framework.ReflectiveMethodInvocation.proceed(ReflectiveMethodInvocation.java:184)
	at org.springframework.aop.framework.CglibAopProxy$DynamicAdvisedInterceptor.intercept(CglibAopProxy.java:727)
	at com.ragstudy.service.KnowledgeBaseService$$SpringCGLIB$$0.uploadDocument(<generated>)
	at com.ragstudy.controller.KnowledgeController.upload(KnowledgeController.java:34)
	at java.base/java.lang.invoke.LambdaForm$DMH/0x000000002d400800.invokeVirtual(LambdaForm$DMH)
	at java.base/java.lang.invoke.LambdaForm$MH/0x000000002d4bd000.invoke(LambdaForm$MH)
	at java.base/java.lang.invoke.LambdaForm$MH/0x000000002d3e9400.invokeExact_MT(LambdaForm$MH)
	at java.base/jdk.internal.reflect.DirectMethodHandleAccessor.invokeImpl(DirectMethodHandleAccessor.java:157)
	at java.base/jdk.internal.reflect.DirectMethodHandleAccessor.invoke(DirectMethodHandleAccessor.java:104)
	at java.base/java.lang.reflect.Method.invoke(Method.java:565)
	at org.springframework.web.method.support.InvocableHandlerMethod.doInvoke(InvocableHandlerMethod.java:258)
	at org.springframework.web.method.support.InvocableHandlerMethod.invokeForRequest(InvocableHandlerMethod.java:191)
	at org.springframework.web.servlet.mvc.method.annotation.ServletInvocableHandlerMethod.invokeAndHandle(ServletInvocableHandlerMethod.java:118)
2026-08-17 16:24:37.549 [background-preinit] INFO  o.h.validator.internal.util.Version - HV000001: Hibernate Validator 8.0.2.Final
2026-08-17 16:24:37.596 [main] INFO  com.ragstudy.RagEngineApplication - Starting RagEngineApplication using Java 26.0.1 with PID 24600 (D:\RAG-study\rag-engine\target\classes started by Lenovo in D:\RAG-study\rag-engine)
2026-08-17 16:24:37.596 [main] DEBUG com.ragstudy.RagEngineApplication - Running with Spring Boot v3.4.4, Spring v6.2.5
2026-08-17 16:24:37.597 [main] INFO  com.ragstudy.RagEngineApplication - The following 1 profile is active: "dev"
2026-08-17 16:24:38.775 [main] INFO  o.s.b.w.e.tomcat.TomcatWebServer - Tomcat initialized with port 8002 (http)
2026-08-17 16:24:38.788 [main] INFO  o.a.coyote.http11.Http11NioProtocol - Initializing ProtocolHandler ["http-nio-8002"]
2026-08-17 16:24:38.791 [main] INFO  o.a.catalina.core.StandardService - Starting service [Tomcat]
2026-08-17 16:24:38.791 [main] INFO  o.a.catalina.core.StandardEngine - Starting Servlet engine: [Apache Tomcat/10.1.39]
2026-08-17 16:24:38.860 [main] INFO  o.a.c.c.C.[Tomcat].[localhost].[/] - Initializing Spring embedded WebApplicationContext
2026-08-17 16:24:38.860 [main] INFO  o.s.b.w.s.c.ServletWebServerApplicationContext - Root WebApplicationContext: initialization completed in 1222 ms
2026-08-17 16:24:39.116 [main] INFO  com.zaxxer.hikari.HikariDataSource - HikariPool-1 - Starting...
2026-08-17 16:24:39.512 [main] INFO  com.zaxxer.hikari.pool.HikariPool - HikariPool-1 - Added connection com.mysql.cj.jdbc.ConnectionImpl@5e51ec2e
2026-08-17 16:24:39.516 [main] INFO  com.zaxxer.hikari.HikariDataSource - HikariPool-1 - Start completed.
2026-08-17 16:24:39.693 [main] INFO  c.r.service.EmbeddingServiceImpl - 初始化 Embedding 服务...
2026-08-17 16:24:39.694 [main] INFO  c.r.service.EmbeddingServiceImpl - 加载 ONNX 模型: D:\RAG-study\rag-engine\target\classes\models\onnx\model.onnx
2026-08-17 16:24:40.135 [main] INFO  c.r.service.EmbeddingServiceImpl - 加载分词器: D:\RAG-study\rag-engine\target\classes\models\tokenizer.json
2026-08-17 16:24:41.333 [main] INFO  ai.djl.util.Platform - Found matching platform from: jar:file:/D:/Server/apache-maven-3.6.3/MavenRepositories/ai/djl/huggingface/tokenizers/0.31.0/tokenizers-0.31.0.jar!/native/lib/tokenizers.properties
2026-08-17 16:24:41.361 [main] WARN  a.d.h.t.HuggingFaceTokenizer - maxLength is not explicitly specified, use modelMaxLength: 512
2026-08-17 16:24:41.361 [main] INFO  c.r.service.EmbeddingServiceImpl - Embedding 服务初始化完成 - 模型: D:\RAG-study\rag-engine\target\classes\models\onnx\model.onnx, 向量维度: 512
2026-08-17 16:24:41.365 [main] INFO  c.r.service.VectorStoreServiceImpl - 初始化向量数据库服务...
2026-08-17 16:24:41.806 [main] INFO  c.r.service.VectorStoreServiceImpl - Qdrant 连接成功: localhost:6334
2026-08-17 16:24:41.807 [main] INFO  c.r.service.VectorStoreServiceImpl - 向量数据库服务初始化完成
2026-08-17 16:24:41.815 [main] INFO  c.ragstudy.service.Bm25ServiceImpl - 初始化 BM25 索引服务...
2026-08-17 16:24:41.908 [main] WARN  o.a.l.i.v.VectorizationProvider - You are running with Java 23 or later. To make full use of the Vector API, please update Apache Lucene.
2026-08-17 16:24:41.972 [main] INFO  c.ragstudy.service.Bm25ServiceImpl - BM25 索引服务初始化完成, 索引路径: D:\RAG-study\rag-engine\.\data\bm25_index
2026-08-17 16:24:42.533 [main] INFO  o.s.b.a.e.web.EndpointLinksResolver - Exposing 1 endpoint beneath base path '/actuator'
2026-08-17 16:24:42.588 [main] INFO  o.a.coyote.http11.Http11NioProtocol - Starting ProtocolHandler ["http-nio-8002"]
2026-08-17 16:24:42.601 [main] INFO  o.s.b.w.e.tomcat.TomcatWebServer - Tomcat started on port 8002 (http) with context path '/'
2026-08-17 16:24:42.611 [main] INFO  com.ragstudy.RagEngineApplication - Started RagEngineApplication in 5.521 seconds (process running for 5.911)
2026-08-17 16:25:20.571 [http-nio-8002-exec-1] INFO  o.a.c.c.C.[Tomcat].[localhost].[/] - Initializing Spring DispatcherServlet 'dispatcherServlet'
2026-08-17 16:25:20.572 [http-nio-8002-exec-1] INFO  o.s.web.servlet.DispatcherServlet - Initializing Servlet 'dispatcherServlet'
2026-08-17 16:25:20.574 [http-nio-8002-exec-1] INFO  o.s.web.servlet.DispatcherServlet - Completed initialization in 2 ms
2026-08-17 16:25:28.085 [http-nio-8002-exec-7] INFO  c.r.controller.KnowledgeController - 收到文档上传请求: fileName=test_doc.txt, department=yiliao, category=AI
2026-08-17 16:25:28.092 [http-nio-8002-exec-7] INFO  c.r.service.KnowledgeBaseService - 开始上传文档: test_doc.txt, department=yiliao, category=AI
2026-08-17 16:25:28.513 [http-nio-8002-exec-7] DEBUG c.r.r.KnowledgeDocumentMapper.insert - ==>  Preparing: INSERT INTO knowledge_document ( file_name, file_type, file_size, department, category, status, create_time, update_time ) VALUES ( ?, ?, ?, ?, ?, ?, ?, ? )
2026-08-17 16:25:28.533 [http-nio-8002-exec-7] DEBUG c.r.r.KnowledgeDocumentMapper.insert - ==> Parameters: test_doc.txt(String), txt(String), 1054(Long), yiliao(String), AI(String), processing(String), 2026-08-17T16:25:28.508704800(LocalDateTime), 2026-08-17T16:25:28.509704500(LocalDateTime)
2026-08-17 16:25:28.539 [http-nio-8002-exec-7] DEBUG c.r.r.KnowledgeDocumentMapper.insert - <==    Updates: 1
2026-08-17 16:25:28.549 [http-nio-8002-exec-7] INFO  c.r.service.KnowledgeBaseService - 文档记录已创建: id=2
2026-08-17 16:25:28.550 [http-nio-8002-exec-7] INFO  c.ragstudy.service.DocumentChunker - 开始文档分块: docId=doc_2, childSize=300, parentSize=1000, overlap=50
2026-08-17 16:25:28.551 [http-nio-8002-exec-7] INFO  c.ragstudy.service.DocumentChunker - 文档分块完成: docId=doc_2, childChunks=3, parentChunks=1
2026-08-17 16:25:28.652 [http-nio-8002-exec-7] DEBUG c.r.r.KnowledgeChunkMapper.insert - ==>  Preparing: INSERT INTO knowledge_chunk ( document_id, chunk_id, chunk_index, content, content_length, parent_chunk_id, parent_chunk_index, create_time ) VALUES ( ?, ?, ?, ?, ?, ?, ?, ? )
2026-08-17 16:25:28.655 [http-nio-8002-exec-7] DEBUG c.r.r.KnowledgeChunkMapper.insert - ==> Parameters: 2(Long), doc_2_child_0(String), 0(Integer), 人工智能在医疗领域的应用日益广泛，深度学习技术被用于医学影像分析和疾病诊断。 自然语言处理技术帮助医生快速查阅医学文献，提高诊疗效率。 机器学习算法可以预测患者的疾病风险，实现个性化治疗方案。 卷积神经网络（CNN）在CT图像和MRI影像的病灶检测中表现优异，准确率超过95%。 Transformer架构被用于处理电子病历中的非结构化文本数据，提取关键医疗信息。 知识图谱技术在医疗领域构建疾病、药物、症状之间的关联关系，辅助临床决策。 推荐系统可以根据患者的病史和症状，推荐合适的检查项目和专科医生。 强化学习被应用于药物剂量优化，通过模拟患者反应找到最佳用药方案。(String), 285(Integer), doc_2_parent_0(String), 0(Integer), 2026-08-17T16:25:28.652890400(LocalDateTime)
2026-08-17 16:25:28.662 [http-nio-8002-exec-7] DEBUG c.r.r.KnowledgeChunkMapper.insert - <==    Updates: 1
2026-08-17 16:25:28.664 [http-nio-8002-exec-7] DEBUG c.r.r.KnowledgeChunkMapper.insert - ==>  Preparing: INSERT INTO knowledge_chunk ( document_id, chunk_id, chunk_index, content, content_length, parent_chunk_id, parent_chunk_index, create_time ) VALUES ( ?, ?, ?, ?, ?, ?, ?, ? )
2026-08-17 16:25:28.665 [http-nio-8002-exec-7] DEBUG c.r.r.KnowledgeChunkMapper.insert - ==> Parameters: 2(Long), doc_2_child_1(String), 1(Integer), 状，推荐合适的检查项目和专科医生。 强化学习被应用于药物剂量优化，通过模拟患者反应找到最佳用药方案。 在医疗领域，数据隐私和安全是首要考虑因素，联邦学习技术可以在保护隐私的前提下进行模型训练。 医疗人工智能的发展面临数据标注成本高、模型可解释性不足等挑战，但前景广阔。(String), 134(Integer), doc_2_parent_0(String), 0(Integer), 2026-08-17T16:25:28.664502500(LocalDateTime)
2026-08-17 16:25:28.667 [http-nio-8002-exec-7] DEBUG c.r.r.KnowledgeChunkMapper.insert - <==    Updates: 1
2026-08-17 16:25:28.669 [http-nio-8002-exec-7] DEBUG c.r.r.KnowledgeChunkMapper.insert - ==>  Preparing: INSERT INTO knowledge_chunk ( document_id, chunk_id, chunk_index, content, content_length, parent_chunk_id, parent_chunk_index, create_time ) VALUES ( ?, ?, ?, ?, ?, ?, ?, ? )
2026-08-17 16:25:28.669 [http-nio-8002-exec-7] DEBUG c.r.r.KnowledgeChunkMapper.insert - ==> Parameters: 2(Long), doc_2_child_2(String), 2(Integer), 私的前提下进行模型训练。 医疗人工智能的发展面临数据标注成本高、模型可解释性不足等挑战，但前景广阔。(String), 50(Integer), doc_2_parent_0(String), 0(Integer), 2026-08-17T16:25:28.669479400(LocalDateTime)
2026-08-17 16:25:28.671 [http-nio-8002-exec-7] DEBUG c.r.r.KnowledgeChunkMapper.insert - <==    Updates: 1
2026-08-17 16:25:28.932 [http-nio-8002-exec-7] INFO  c.r.service.VectorStoreServiceImpl - 集合已创建: rag_knowledge (dim=512, distance=Cosine)
2026-08-17 16:25:29.082 [http-nio-8002-exec-7] DEBUG c.r.service.VectorStoreServiceImpl - 批量向量入库成功: collection=rag_knowledge, count=3
2026-08-17 16:25:29.263 [http-nio-8002-exec-7] INFO  c.r.service.VectorStoreServiceImpl - 集合已创建: rag_knowledge_parent (dim=512, distance=Cosine)
2026-08-17 16:25:29.270 [http-nio-8002-exec-7] DEBUG c.r.service.VectorStoreServiceImpl - 批量向量入库成功: collection=rag_knowledge_parent, count=1
2026-08-17 16:25:29.574 [http-nio-8002-exec-7] INFO  c.ragstudy.service.Bm25ServiceImpl - BM25 索引写入完成, 新增 3 条记录
2026-08-17 16:25:29.588 [http-nio-8002-exec-7] DEBUG c.r.r.K.updateById - ==>  Preparing: UPDATE knowledge_document SET file_name=?, file_type=?, file_size=?, department=?, category=?, total_chunks=?, total_parent_chunks=?, status=?, create_time=?, update_time=? WHERE id=? AND deleted=0
2026-08-17 16:25:29.590 [http-nio-8002-exec-7] DEBUG c.r.r.K.updateById - ==> Parameters: test_doc.txt(String), txt(String), 1054(Long), yiliao(String), AI(String), 3(Integer), 1(Integer), indexed(String), 2026-08-17T16:25:28.508704800(LocalDateTime), 2026-08-17T16:25:29.574961(LocalDateTime), 2(Long)
2026-08-17 16:25:29.615 [http-nio-8002-exec-7] DEBUG c.r.r.K.updateById - <==    Updates: 1
2026-08-17 16:25:29.616 [http-nio-8002-exec-7] INFO  c.r.service.KnowledgeBaseService - 文档上传完成: id=2, chunks=3, parentChunks=1
2026-08-17 16:25:37.652 [http-nio-8002-exec-4] ERROR c.r.common.GlobalExceptionHandler - 系统异常
org.springframework.http.converter.HttpMessageNotReadableException: JSON parse error: Unexpected character ('q' (code 113)): was expecting double-quote to start field name
	at org.springframework.http.converter.json.AbstractJackson2HttpMessageConverter.readJavaType(AbstractJackson2HttpMessageConverter.java:409)
	at org.springframework.http.converter.json.AbstractJackson2HttpMessageConverter.read(AbstractJackson2HttpMessageConverter.java:357)
	at org.springframework.web.servlet.mvc.method.annotation.AbstractMessageConverterMethodArgumentResolver.readWithMessageConverters(AbstractMessageConverterMethodArgumentResolver.java:204)
	at org.springframework.web.servlet.mvc.method.annotation.RequestResponseBodyMethodProcessor.readWithMessageConverters(RequestResponseBodyMethodProcessor.java:176)
	at org.springframework.web.servlet.mvc.method.annotation.RequestResponseBodyMethodProcessor.resolveArgument(RequestResponseBodyMethodProcessor.java:150)
	at org.springframework.web.method.support.HandlerMethodArgumentResolverComposite.resolveArgument(HandlerMethodArgumentResolverComposite.java:122)
	at org.springframework.web.method.support.InvocableHandlerMethod.getMethodArgumentValues(InvocableHandlerMethod.java:227)
	at org.springframework.web.method.support.InvocableHandlerMethod.invokeForRequest(InvocableHandlerMethod.java:181)
	at org.springframework.web.servlet.mvc.method.annotation.ServletInvocableHandlerMethod.invokeAndHandle(ServletInvocableHandlerMethod.java:118)
	at org.springframework.web.servlet.mvc.method.annotation.RequestMappingHandlerAdapter.invokeHandlerMethod(RequestMappingHandlerAdapter.java:986)
	at org.springframework.web.servlet.mvc.method.annotation.RequestMappingHandlerAdapter.handleInternal(RequestMappingHandlerAdapter.java:891)
	at org.springframework.web.servlet.mvc.method.AbstractHandlerMethodAdapter.handle(AbstractHandlerMethodAdapter.java:87)
	at org.springframework.web.servlet.DispatcherServlet.doDispatch(DispatcherServlet.java:1089)
	at org.springframework.web.servlet.DispatcherServlet.doService(DispatcherServlet.java:979)
	at org.springframework.web.servlet.FrameworkServlet.processRequest(FrameworkServlet.java:1014)
	at org.springframework.web.servlet.FrameworkServlet.doPost(FrameworkServlet.java:914)
	at jakarta.servlet.http.HttpServlet.service(HttpServlet.java:590)
	at org.springframework.web.servlet.FrameworkServlet.service(FrameworkServlet.java:885)
	at jakarta.servlet.http.HttpServlet.service(HttpServlet.java:658)
	at org.apache.catalina.core.ApplicationFilterChain.internalDoFilter(ApplicationFilterChain.java:195)
	at org.apache.catalina.core.ApplicationFilterChain.doFilter(ApplicationFilterChain.java:140)
	at org.apache.tomcat.websocket.server.WsFilter.doFilter(WsFilter.java:51)
	at org.apache.catalina.core.ApplicationFilterChain.internalDoFilter(ApplicationFilterChain.java:164)
	at org.apache.catalina.core.ApplicationFilterChain.doFilter(ApplicationFilterChain.java:140)
	at org.springframework.web.filter.RequestContextFilter.doFilterInternal(RequestContextFilter.java:100)
	at org.springframework.web.filter.OncePerRequestFilter.doFilter(OncePerRequestFilter.java:116)
	at org.apache.catalina.core.ApplicationFilterChain.internalDoFilter(ApplicationFilterChain.java:164)
	at org.apache.catalina.core.ApplicationFilterChain.doFilter(ApplicationFilterChain.java:140)
	at org.springframework.web.filter.FormContentFilter.doFilterInternal(FormContentFilter.java:93)
	at org.springframework.web.filter.OncePerRequestFilter.doFilter(OncePerRequestFilter.java:116)
	at org.apache.catalina.core.ApplicationFilterChain.internalDoFilter(ApplicationFilterChain.java:164)
	at org.apache.catalina.core.ApplicationFilterChain.doFilter(ApplicationFilterChain.java:140)
	at org.springframework.web.filter.ServerHttpObservationFilter.doFilterInternal(ServerHttpObservationFilter.java:114)
	at org.springframework.web.filter.OncePerRequestFilter.doFilter(OncePerRequestFilter.java:116)
	at org.apache.catalina.core.ApplicationFilterChain.internalDoFilter(ApplicationFilterChain.java:164)
	at org.apache.catalina.core.ApplicationFilterChain.doFilter(ApplicationFilterChain.java:140)
	at org.springframework.web.filter.CharacterEncodingFilter.doFilterInternal(CharacterEncodingFilter.java:201)
	at org.springframework.web.filter.OncePerRequestFilter.doFilter(OncePerRequestFilter.java:116)
	at org.apache.catalina.core.ApplicationFilterChain.internalDoFilter(ApplicationFilterChain.java:164)
	at org.apache.catalina.core.ApplicationFilterChain.doFilter(ApplicationFilterChain.java:140)
	at org.apache.catalina.core.StandardWrapperValve.invoke(StandardWrapperValve.java:167)
	at org.apache.catalina.core.StandardContextValve.invoke(StandardContextValve.java:90)
	at org.apache.catalina.authenticator.AuthenticatorBase.invoke(AuthenticatorBase.java:483)
	at org.apache.catalina.core.StandardHostValve.invoke(StandardHostValve.java:115)
	at org.apache.catalina.valves.ErrorReportValve.invoke(ErrorReportValve.java:93)
	at org.apache.catalina.core.StandardEngineValve.invoke(StandardEngineValve.java:74)
	at org.apache.catalina.connector.CoyoteAdapter.service(CoyoteAdapter.java:344)
	at org.apache.coyote.http11.Http11Processor.service(Http11Processor.java:397)
	at org.apache.coyote.AbstractProcessorLight.process(AbstractProcessorLight.java:63)
	at org.apache.coyote.AbstractProtocol$ConnectionHandler.process(AbstractProtocol.java:905)
	at org.apache.tomcat.util.net.NioEndpoint$SocketProcessor.doRun(NioEndpoint.java:1743)
	at org.apache.tomcat.util.net.SocketProcessorBase.run(SocketProcessorBase.java:52)
	at org.apache.tomcat.util.threads.ThreadPoolExecutor.runWorker(ThreadPoolExecutor.java:1190)
	at org.apache.tomcat.util.threads.ThreadPoolExecutor$Worker.run(ThreadPoolExecutor.java:659)
	at org.apache.tomcat.util.threads.TaskThread$WrappingRunnable.run(TaskThread.java:63)
	at java.base/java.lang.Thread.run(Thread.java:1516)
Caused by: com.fasterxml.jackson.core.JsonParseException: Unexpected character ('q' (code 113)): was expecting double-quote to start field name
 at [Source: REDACTED (`StreamReadFeature.INCLUDE_SOURCE_IN_LOCATION` disabled); line: 1, column: 2]
	at com.fasterxml.jackson.core.JsonParser._constructReadException(JsonParser.java:2660)
	at com.fasterxml.jackson.core.base.ParserMinimalBase._reportUnexpectedChar(ParserMinimalBase.java:741)
	at com.fasterxml.jackson.core.json.UTF8StreamJsonParser._handleOddName(UTF8StreamJsonParser.java:2103)
	at com.fasterxml.jackson.core.json.UTF8StreamJsonParser._parseName(UTF8StreamJsonParser.java:1753)
	at com.fasterxml.jackson.core.json.UTF8StreamJsonParser.nextToken(UTF8StreamJsonParser.java:757)
	at com.fasterxml.jackson.databind.deser.BeanDeserializer.deserialize(BeanDeserializer.java:181)
	at com.fasterxml.jackson.databind.deser.DefaultDeserializationContext.readRootValue(DefaultDeserializationContext.java:342)
	at com.fasterxml.jackson.databind.ObjectReader._bindAndClose(ObjectReader.java:2131)
	at com.fasterxml.jackson.databind.ObjectReader.readValue(ObjectReader.java:1501)
	at org.springframework.http.converter.json.AbstractJackson2HttpMessageConverter.readJavaType(AbstractJackson2HttpMessageConverter.java:398)
	... 55 common frames omitted
2026-08-17 16:25:57.224 [http-nio-8002-exec-5] ERROR c.r.common.GlobalExceptionHandler - 系统异常
org.springframework.http.converter.HttpMessageNotReadableException: JSON parse error: Unexpected character ('q' (code 113)): was expecting double-quote to start field name
	at org.springframework.http.converter.json.AbstractJackson2HttpMessageConverter.readJavaType(AbstractJackson2HttpMessageConverter.java:409)
	at org.springframework.http.converter.json.AbstractJackson2HttpMessageConverter.read(AbstractJackson2HttpMessageConverter.java:357)
	at org.springframework.web.servlet.mvc.method.annotation.AbstractMessageConverterMethodArgumentResolver.readWithMessageConverters(AbstractMessageConverterMethodArgumentResolver.java:204)
	at org.springframework.web.servlet.mvc.method.annotation.RequestResponseBodyMethodProcessor.readWithMessageConverters(RequestResponseBodyMethodProcessor.java:176)
	at org.springframework.web.servlet.mvc.method.annotation.RequestResponseBodyMethodProcessor.resolveArgument(RequestResponseBodyMethodProcessor.java:150)
	at org.springframework.web.method.support.HandlerMethodArgumentResolverComposite.resolveArgument(HandlerMethodArgumentResolverComposite.java:122)
	at org.springframework.web.method.support.InvocableHandlerMethod.getMethodArgumentValues(InvocableHandlerMethod.java:227)
	at org.springframework.web.method.support.InvocableHandlerMethod.invokeForRequest(InvocableHandlerMethod.java:181)
	at org.springframework.web.servlet.mvc.method.annotation.ServletInvocableHandlerMethod.invokeAndHandle(ServletInvocableHandlerMethod.java:118)
	at org.springframework.web.servlet.mvc.method.annotation.RequestMappingHandlerAdapter.invokeHandlerMethod(RequestMappingHandlerAdapter.java:986)
	at org.springframework.web.servlet.mvc.method.annotation.RequestMappingHandlerAdapter.handleInternal(RequestMappingHandlerAdapter.java:891)
	at org.springframework.web.servlet.mvc.method.AbstractHandlerMethodAdapter.handle(AbstractHandlerMethodAdapter.java:87)
	at org.springframework.web.servlet.DispatcherServlet.doDispatch(DispatcherServlet.java:1089)
	at org.springframework.web.servlet.DispatcherServlet.doService(DispatcherServlet.java:979)
	at org.springframework.web.servlet.FrameworkServlet.processRequest(FrameworkServlet.java:1014)
	at org.springframework.web.servlet.FrameworkServlet.doPost(FrameworkServlet.java:914)
	at jakarta.servlet.http.HttpServlet.service(HttpServlet.java:590)
	at org.springframework.web.servlet.FrameworkServlet.service(FrameworkServlet.java:885)
	at jakarta.servlet.http.HttpServlet.service(HttpServlet.java:658)
	at org.apache.catalina.core.ApplicationFilterChain.internalDoFilter(ApplicationFilterChain.java:195)
	at org.apache.catalina.core.ApplicationFilterChain.doFilter(ApplicationFilterChain.java:140)
	at org.apache.tomcat.websocket.server.WsFilter.doFilter(WsFilter.java:51)
	at org.apache.catalina.core.ApplicationFilterChain.internalDoFilter(ApplicationFilterChain.java:164)
	at org.apache.catalina.core.ApplicationFilterChain.doFilter(ApplicationFilterChain.java:140)
	at org.springframework.web.filter.RequestContextFilter.doFilterInternal(RequestContextFilter.java:100)
	at org.springframework.web.filter.OncePerRequestFilter.doFilter(OncePerRequestFilter.java:116)
	at org.apache.catalina.core.ApplicationFilterChain.internalDoFilter(ApplicationFilterChain.java:164)
	at org.apache.catalina.core.ApplicationFilterChain.doFilter(ApplicationFilterChain.java:140)
	at org.springframework.web.filter.FormContentFilter.doFilterInternal(FormContentFilter.java:93)
	at org.springframework.web.filter.OncePerRequestFilter.doFilter(OncePerRequestFilter.java:116)
	at org.apache.catalina.core.ApplicationFilterChain.internalDoFilter(ApplicationFilterChain.java:164)
	at org.apache.catalina.core.ApplicationFilterChain.doFilter(ApplicationFilterChain.java:140)
	at org.springframework.web.filter.ServerHttpObservationFilter.doFilterInternal(ServerHttpObservationFilter.java:114)
	at org.springframework.web.filter.OncePerRequestFilter.doFilter(OncePerRequestFilter.java:116)
	at org.apache.catalina.core.ApplicationFilterChain.internalDoFilter(ApplicationFilterChain.java:164)
	at org.apache.catalina.core.ApplicationFilterChain.doFilter(ApplicationFilterChain.java:140)
	at org.springframework.web.filter.CharacterEncodingFilter.doFilterInternal(CharacterEncodingFilter.java:201)
	at org.springframework.web.filter.OncePerRequestFilter.doFilter(OncePerRequestFilter.java:116)
	at org.apache.catalina.core.ApplicationFilterChain.internalDoFilter(ApplicationFilterChain.java:164)
	at org.apache.catalina.core.ApplicationFilterChain.doFilter(ApplicationFilterChain.java:140)
	at org.apache.catalina.core.StandardWrapperValve.invoke(StandardWrapperValve.java:167)
	at org.apache.catalina.core.StandardContextValve.invoke(StandardContextValve.java:90)
	at org.apache.catalina.authenticator.AuthenticatorBase.invoke(AuthenticatorBase.java:483)
	at org.apache.catalina.core.StandardHostValve.invoke(StandardHostValve.java:115)
	at org.apache.catalina.valves.ErrorReportValve.invoke(ErrorReportValve.java:93)
	at org.apache.catalina.core.StandardEngineValve.invoke(StandardEngineValve.java:74)
	at org.apache.catalina.connector.CoyoteAdapter.service(CoyoteAdapter.java:344)
	at org.apache.coyote.http11.Http11Processor.service(Http11Processor.java:397)
	at org.apache.coyote.AbstractProcessorLight.process(AbstractProcessorLight.java:63)
	at org.apache.coyote.AbstractProtocol$ConnectionHandler.process(AbstractProtocol.java:905)
	at org.apache.tomcat.util.net.NioEndpoint$SocketProcessor.doRun(NioEndpoint.java:1743)
	at org.apache.tomcat.util.net.SocketProcessorBase.run(SocketProcessorBase.java:52)
	at org.apache.tomcat.util.threads.ThreadPoolExecutor.runWorker(ThreadPoolExecutor.java:1190)
	at org.apache.tomcat.util.threads.ThreadPoolExecutor$Worker.run(ThreadPoolExecutor.java:659)
	at org.apache.tomcat.util.threads.TaskThread$WrappingRunnable.run(TaskThread.java:63)
	at java.base/java.lang.Thread.run(Thread.java:1516)
Caused by: com.fasterxml.jackson.core.JsonParseException: Unexpected character ('q' (code 113)): was expecting double-quote to start field name
 at [Source: REDACTED (`StreamReadFeature.INCLUDE_SOURCE_IN_LOCATION` disabled); line: 1, column: 2]
	at com.fasterxml.jackson.core.JsonParser._constructReadException(JsonParser.java:2660)
	at com.fasterxml.jackson.core.base.ParserMinimalBase._reportUnexpectedChar(ParserMinimalBase.java:741)
	at com.fasterxml.jackson.core.json.UTF8StreamJsonParser._handleOddName(UTF8StreamJsonParser.java:2103)
	at com.fasterxml.jackson.core.json.UTF8StreamJsonParser._parseName(UTF8StreamJsonParser.java:1753)
	at com.fasterxml.jackson.core.json.UTF8StreamJsonParser.nextToken(UTF8StreamJsonParser.java:757)
	at com.fasterxml.jackson.databind.deser.BeanDeserializer.deserialize(BeanDeserializer.java:181)
	at com.fasterxml.jackson.databind.deser.DefaultDeserializationContext.readRootValue(DefaultDeserializationContext.java:342)
	at com.fasterxml.jackson.databind.ObjectReader._bindAndClose(ObjectReader.java:2131)
	at com.fasterxml.jackson.databind.ObjectReader.readValue(ObjectReader.java:1501)
	at org.springframework.http.converter.json.AbstractJackson2HttpMessageConverter.readJavaType(AbstractJackson2HttpMessageConverter.java:398)
	... 55 common frames omitted
2026-08-17 16:26:12.978 [http-nio-8002-exec-6] INFO  c.r.controller.SearchController - 收到检索请求: query=医学影像, topK=5, hybrid=true
2026-08-17 16:26:12.978 [http-nio-8002-exec-6] INFO  c.r.service.KnowledgeSearchService - 开始检索: query=医学影像, topK=5, hybrid=true
2026-08-17 16:26:13.043 [http-nio-8002-exec-6] DEBUG c.r.service.VectorStoreServiceImpl - 向量检索完成: collection=rag_knowledge, hits=3
2026-08-17 16:26:13.077 [http-nio-8002-exec-6] INFO  c.r.service.KnowledgeSearchService - 检索完成: hits=1, latency=0.099s
2026-08-17 16:26:35.680 [http-nio-8002-exec-8] INFO  c.r.controller.SearchController - 收到检索+重排序请求: query=深度学习, topK=5, rerankTopK=3
2026-08-17 16:26:35.680 [http-nio-8002-exec-8] INFO  c.r.service.KnowledgeSearchService - 开始检索+重排序: query=深度学习, topK=5, rerankTopK=3
2026-08-17 16:26:35.686 [http-nio-8002-exec-8] DEBUG c.r.service.VectorStoreServiceImpl - 向量检索完成: collection=rag_knowledge, hits=3
2026-08-17 16:26:35.689 [http-nio-8002-exec-8] INFO  c.ragstudy.service.RerankerService - 重排序: query=深度学习, candidates=1, topK=5
2026-08-17 16:26:35.691 [http-nio-8002-exec-8] INFO  c.ragstudy.service.RerankerService - 重排序完成: topK=0, scores=[]
2026-08-17 16:26:35.693 [http-nio-8002-exec-8] INFO  c.r.service.KnowledgeSearchService - 检索+重排序完成: hits=0, latency=0.013s
2026-08-17 16:33:13.257 [background-preinit] INFO  o.h.validator.internal.util.Version - HV000001: Hibernate Validator 8.0.2.Final
2026-08-17 16:33:13.295 [main] INFO  com.ragstudy.RagEngineApplication - Starting RagEngineApplication using Java 26.0.1 with PID 25888 (D:\RAG-study\rag-engine\target\classes started by Lenovo in D:\RAG-study\rag-engine)
2026-08-17 16:33:13.296 [main] DEBUG com.ragstudy.RagEngineApplication - Running with Spring Boot v3.4.4, Spring v6.2.5
2026-08-17 16:33:13.297 [main] INFO  com.ragstudy.RagEngineApplication - The following 1 profile is active: "dev"
2026-08-17 16:33:14.355 [main] INFO  o.s.b.w.e.tomcat.TomcatWebServer - Tomcat initialized with port 8002 (http)
2026-08-17 16:33:14.378 [main] INFO  o.a.coyote.http11.Http11NioProtocol - Initializing ProtocolHandler ["http-nio-8002"]
2026-08-17 16:33:14.381 [main] INFO  o.a.catalina.core.StandardService - Starting service [Tomcat]
2026-08-17 16:33:14.381 [main] INFO  o.a.catalina.core.StandardEngine - Starting Servlet engine: [Apache Tomcat/10.1.39]
2026-08-17 16:33:14.436 [main] INFO  o.a.c.c.C.[Tomcat].[localhost].[/] - Initializing Spring embedded WebApplicationContext
2026-08-17 16:33:14.436 [main] INFO  o.s.b.w.s.c.ServletWebServerApplicationContext - Root WebApplicationContext: initialization completed in 1104 ms
2026-08-17 16:33:14.667 [main] INFO  com.zaxxer.hikari.HikariDataSource - HikariPool-1 - Starting...
2026-08-17 16:33:14.969 [main] INFO  com.zaxxer.hikari.pool.HikariPool - HikariPool-1 - Added connection com.mysql.cj.jdbc.ConnectionImpl@3d3930fe
2026-08-17 16:33:14.970 [main] INFO  com.zaxxer.hikari.HikariDataSource - HikariPool-1 - Start completed.
2026-08-17 16:33:15.125 [main] INFO  c.r.service.EmbeddingServiceImpl - 初始化 Embedding 服务...
2026-08-17 16:33:15.126 [main] INFO  c.r.service.EmbeddingServiceImpl - 加载 ONNX 模型: D:\RAG-study\rag-engine\target\classes\models\onnx\model.onnx
2026-08-17 16:33:15.436 [main] INFO  c.r.service.EmbeddingServiceImpl - 加载分词器: D:\RAG-study\rag-engine\target\classes\models\tokenizer.json
2026-08-17 16:33:16.485 [main] INFO  ai.djl.util.Platform - Found matching platform from: jar:file:/D:/Server/apache-maven-3.6.3/MavenRepositories/ai/djl/huggingface/tokenizers/0.31.0/tokenizers-0.31.0.jar!/native/lib/tokenizers.properties
2026-08-17 16:33:16.505 [main] WARN  a.d.h.t.HuggingFaceTokenizer - maxLength is not explicitly specified, use modelMaxLength: 512
2026-08-17 16:33:16.506 [main] INFO  c.r.service.EmbeddingServiceImpl - Embedding 服务初始化完成 - 模型: D:\RAG-study\rag-engine\target\classes\models\onnx\model.onnx, 向量维度: 512
2026-08-17 16:33:16.510 [main] INFO  c.r.service.VectorStoreServiceImpl - 初始化向量数据库服务...
2026-08-17 16:33:16.846 [main] INFO  c.r.service.VectorStoreServiceImpl - Qdrant 连接成功: localhost:6334
2026-08-17 16:33:16.846 [main] INFO  c.r.service.VectorStoreServiceImpl - 向量数据库服务初始化完成
2026-08-17 16:33:16.855 [main] INFO  c.ragstudy.service.Bm25ServiceImpl - 初始化 BM25 索引服务...
2026-08-17 16:33:16.908 [main] WARN  o.a.l.i.v.VectorizationProvider - You are running with Java 23 or later. To make full use of the Vector API, please update Apache Lucene.
2026-08-17 16:33:16.946 [main] INFO  c.ragstudy.service.Bm25ServiceImpl - BM25 索引服务初始化完成, 索引路径: D:\RAG-study\rag-engine\.\data\bm25_index
2026-08-17 16:33:17.450 [main] INFO  o.s.b.a.e.web.EndpointLinksResolver - Exposing 1 endpoint beneath base path '/actuator'
2026-08-17 16:33:17.500 [main] INFO  o.a.coyote.http11.Http11NioProtocol - Starting ProtocolHandler ["http-nio-8002"]
2026-08-17 16:33:17.511 [main] INFO  o.s.b.w.e.tomcat.TomcatWebServer - Tomcat started on port 8002 (http) with context path '/'
2026-08-17 16:33:17.521 [main] INFO  com.ragstudy.RagEngineApplication - Started RagEngineApplication in 4.716 seconds (process running for 5.083)
2026-08-17 16:34:34.541 [http-nio-8002-exec-1] INFO  o.a.c.c.C.[Tomcat].[localhost].[/] - Initializing Spring DispatcherServlet 'dispatcherServlet'
2026-08-17 16:34:34.541 [http-nio-8002-exec-1] INFO  o.s.web.servlet.DispatcherServlet - Initializing Servlet 'dispatcherServlet'
2026-08-17 16:34:34.542 [http-nio-8002-exec-1] INFO  o.s.web.servlet.DispatcherServlet - Completed initialization in 1 ms
2026-08-17 16:34:34.702 [http-nio-8002-exec-4] INFO  c.r.controller.KnowledgeController - 收到文档上传请求: fileName=test_doc.txt, department=yiliao, category=AI
2026-08-17 16:34:34.707 [http-nio-8002-exec-4] INFO  c.r.service.KnowledgeBaseService - 开始上传文档: test_doc.txt, department=yiliao, category=AI
2026-08-17 16:34:35.111 [http-nio-8002-exec-4] DEBUG c.r.r.KnowledgeDocumentMapper.insert - ==>  Preparing: INSERT INTO knowledge_document ( file_name, file_type, file_size, department, category, status, create_time, update_time ) VALUES ( ?, ?, ?, ?, ?, ?, ?, ? )
2026-08-17 16:34:35.141 [http-nio-8002-exec-4] DEBUG c.r.r.KnowledgeDocumentMapper.insert - ==> Parameters: test_doc.txt(String), txt(String), 1054(Long), yiliao(String), AI(String), processing(String), 2026-08-17T16:34:35.108238700(LocalDateTime), 2026-08-17T16:34:35.109316800(LocalDateTime)
2026-08-17 16:34:35.146 [http-nio-8002-exec-4] DEBUG c.r.r.KnowledgeDocumentMapper.insert - <==    Updates: 1
2026-08-17 16:34:35.155 [http-nio-8002-exec-4] INFO  c.r.service.KnowledgeBaseService - 文档记录已创建: id=3
2026-08-17 16:34:35.157 [http-nio-8002-exec-4] INFO  c.ragstudy.service.DocumentChunker - 开始文档分块: docId=doc_3, childSize=300, parentSize=1000, overlap=50
2026-08-17 16:34:35.158 [http-nio-8002-exec-4] INFO  c.ragstudy.service.DocumentChunker - 文档分块完成: docId=doc_3, childChunks=3, parentChunks=1
2026-08-17 16:34:35.239 [http-nio-8002-exec-4] DEBUG c.r.r.KnowledgeChunkMapper.insert - ==>  Preparing: INSERT INTO knowledge_chunk ( document_id, chunk_id, chunk_index, content, content_length, parent_chunk_id, parent_chunk_index, create_time ) VALUES ( ?, ?, ?, ?, ?, ?, ?, ? )
2026-08-17 16:34:35.241 [http-nio-8002-exec-4] DEBUG c.r.r.KnowledgeChunkMapper.insert - ==> Parameters: 3(Long), doc_3_child_0(String), 0(Integer), 人工智能在医疗领域的应用日益广泛，深度学习技术被用于医学影像分析和疾病诊断。 自然语言处理技术帮助医生快速查阅医学文献，提高诊疗效率。 机器学习算法可以预测患者的疾病风险，实现个性化治疗方案。 卷积神经网络（CNN）在CT图像和MRI影像的病灶检测中表现优异，准确率超过95%。 Transformer架构被用于处理电子病历中的非结构化文本数据，提取关键医疗信息。 知识图谱技术在医疗领域构建疾病、药物、症状之间的关联关系，辅助临床决策。 推荐系统可以根据患者的病史和症状，推荐合适的检查项目和专科医生。 强化学习被应用于药物剂量优化，通过模拟患者反应找到最佳用药方案。(String), 285(Integer), doc_3_parent_0(String), 0(Integer), 2026-08-17T16:34:35.239088700(LocalDateTime)
2026-08-17 16:34:35.243 [http-nio-8002-exec-4] DEBUG c.r.r.KnowledgeChunkMapper.insert - <==    Updates: 1
2026-08-17 16:34:35.246 [http-nio-8002-exec-4] DEBUG c.r.r.KnowledgeChunkMapper.insert - ==>  Preparing: INSERT INTO knowledge_chunk ( document_id, chunk_id, chunk_index, content, content_length, parent_chunk_id, parent_chunk_index, create_time ) VALUES ( ?, ?, ?, ?, ?, ?, ?, ? )
2026-08-17 16:34:35.247 [http-nio-8002-exec-4] DEBUG c.r.r.KnowledgeChunkMapper.insert - ==> Parameters: 3(Long), doc_3_child_1(String), 1(Integer), 状，推荐合适的检查项目和专科医生。 强化学习被应用于药物剂量优化，通过模拟患者反应找到最佳用药方案。 在医疗领域，数据隐私和安全是首要考虑因素，联邦学习技术可以在保护隐私的前提下进行模型训练。 医疗人工智能的发展面临数据标注成本高、模型可解释性不足等挑战，但前景广阔。(String), 134(Integer), doc_3_parent_0(String), 0(Integer), 2026-08-17T16:34:35.246033600(LocalDateTime)
2026-08-17 16:34:35.249 [http-nio-8002-exec-4] DEBUG c.r.r.KnowledgeChunkMapper.insert - <==    Updates: 1
2026-08-17 16:34:35.249 [http-nio-8002-exec-4] DEBUG c.r.r.KnowledgeChunkMapper.insert - ==>  Preparing: INSERT INTO knowledge_chunk ( document_id, chunk_id, chunk_index, content, content_length, parent_chunk_id, parent_chunk_index, create_time ) VALUES ( ?, ?, ?, ?, ?, ?, ?, ? )
2026-08-17 16:34:35.250 [http-nio-8002-exec-4] DEBUG c.r.r.KnowledgeChunkMapper.insert - ==> Parameters: 3(Long), doc_3_child_2(String), 2(Integer), 私的前提下进行模型训练。 医疗人工智能的发展面临数据标注成本高、模型可解释性不足等挑战，但前景广阔。(String), 50(Integer), doc_3_parent_0(String), 0(Integer), 2026-08-17T16:34:35.249251100(LocalDateTime)
2026-08-17 16:34:35.252 [http-nio-8002-exec-4] DEBUG c.r.r.KnowledgeChunkMapper.insert - <==    Updates: 1
2026-08-17 16:34:35.366 [http-nio-8002-exec-4] DEBUG c.r.service.VectorStoreServiceImpl - 批量向量入库成功: collection=rag_knowledge, count=3
2026-08-17 16:34:35.424 [http-nio-8002-exec-4] DEBUG c.r.service.VectorStoreServiceImpl - 批量向量入库成功: collection=rag_knowledge_parent, count=1
2026-08-17 16:34:35.717 [http-nio-8002-exec-4] INFO  c.ragstudy.service.Bm25ServiceImpl - BM25 索引写入完成, 新增 3 条记录
2026-08-17 16:34:35.733 [http-nio-8002-exec-4] DEBUG c.r.r.K.updateById - ==>  Preparing: UPDATE knowledge_document SET file_name=?, file_type=?, file_size=?, department=?, category=?, total_chunks=?, total_parent_chunks=?, status=?, create_time=?, update_time=? WHERE id=? AND deleted=0
2026-08-17 16:34:35.734 [http-nio-8002-exec-4] DEBUG c.r.r.K.updateById - ==> Parameters: test_doc.txt(String), txt(String), 1054(Long), yiliao(String), AI(String), 3(Integer), 1(Integer), indexed(String), 2026-08-17T16:34:35.108238700(LocalDateTime), 2026-08-17T16:34:35.717944700(LocalDateTime), 3(Long)
2026-08-17 16:34:35.737 [http-nio-8002-exec-4] DEBUG c.r.r.K.updateById - <==    Updates: 1
2026-08-17 16:34:35.739 [http-nio-8002-exec-4] INFO  c.r.service.KnowledgeBaseService - 文档上传完成: id=3, chunks=3, parentChunks=1
2026-08-17 16:34:35.827 [http-nio-8002-exec-3] DEBUG c.r.r.K.selectList - ==>  Preparing: SELECT id,file_name,file_type,file_size,department,category,total_chunks,total_parent_chunks,status,summary,create_time,update_time,deleted FROM knowledge_document WHERE deleted=0 ORDER BY create_time DESC
2026-08-17 16:34:35.829 [http-nio-8002-exec-3] DEBUG c.r.r.K.selectList - ==> Parameters: 
2026-08-17 16:34:35.845 [http-nio-8002-exec-3] DEBUG c.r.r.K.selectList - <==      Total: 1
2026-08-17 16:34:35.892 [http-nio-8002-exec-5] ERROR c.r.common.GlobalExceptionHandler - 系统异常
org.springframework.web.HttpRequestMethodNotSupportedException: Request method 'GET' is not supported
	at org.springframework.web.servlet.mvc.method.RequestMappingInfoHandlerMapping.handleNoMatch(RequestMappingInfoHandlerMapping.java:267)
	at org.springframework.web.servlet.handler.AbstractHandlerMethodMapping.lookupHandlerMethod(AbstractHandlerMethodMapping.java:441)
	at org.springframework.web.servlet.handler.AbstractHandlerMethodMapping.getHandlerInternal(AbstractHandlerMethodMapping.java:382)
	at org.springframework.web.servlet.mvc.method.RequestMappingInfoHandlerMapping.getHandlerInternal(RequestMappingInfoHandlerMapping.java:127)
	at org.springframework.web.servlet.mvc.method.RequestMappingInfoHandlerMapping.getHandlerInternal(RequestMappingInfoHandlerMapping.java:68)
	at org.springframework.web.servlet.handler.AbstractHandlerMapping.getHandler(AbstractHandlerMapping.java:509)
	at org.springframework.web.servlet.DispatcherServlet.getHandler(DispatcherServlet.java:1284)
	at org.springframework.web.servlet.DispatcherServlet.doDispatch(DispatcherServlet.java:1065)
	at org.springframework.web.servlet.DispatcherServlet.doService(DispatcherServlet.java:979)
	at org.springframework.web.servlet.FrameworkServlet.processRequest(FrameworkServlet.java:1014)
	at org.springframework.web.servlet.FrameworkServlet.doGet(FrameworkServlet.java:903)
	at jakarta.servlet.http.HttpServlet.service(HttpServlet.java:564)
	at org.springframework.web.servlet.FrameworkServlet.service(FrameworkServlet.java:885)
	at jakarta.servlet.http.HttpServlet.service(HttpServlet.java:658)
	at org.apache.catalina.core.ApplicationFilterChain.internalDoFilter(ApplicationFilterChain.java:195)
	at org.apache.catalina.core.ApplicationFilterChain.doFilter(ApplicationFilterChain.java:140)
	at org.apache.tomcat.websocket.server.WsFilter.doFilter(WsFilter.java:51)
	at org.apache.catalina.core.ApplicationFilterChain.internalDoFilter(ApplicationFilterChain.java:164)
	at org.apache.catalina.core.ApplicationFilterChain.doFilter(ApplicationFilterChain.java:140)
	at org.springframework.web.filter.RequestContextFilter.doFilterInternal(RequestContextFilter.java:100)
	at org.springframework.web.filter.OncePerRequestFilter.doFilter(OncePerRequestFilter.java:116)
	at org.apache.catalina.core.ApplicationFilterChain.internalDoFilter(ApplicationFilterChain.java:164)
	at org.apache.catalina.core.ApplicationFilterChain.doFilter(ApplicationFilterChain.java:140)
	at org.springframework.web.filter.FormContentFilter.doFilterInternal(FormContentFilter.java:93)
	at org.springframework.web.filter.OncePerRequestFilter.doFilter(OncePerRequestFilter.java:116)
	at org.apache.catalina.core.ApplicationFilterChain.internalDoFilter(ApplicationFilterChain.java:164)
	at org.apache.catalina.core.ApplicationFilterChain.doFilter(ApplicationFilterChain.java:140)
	at org.springframework.web.filter.ServerHttpObservationFilter.doFilterInternal(ServerHttpObservationFilter.java:114)
	at org.springframework.web.filter.OncePerRequestFilter.doFilter(OncePerRequestFilter.java:116)
	at org.apache.catalina.core.ApplicationFilterChain.internalDoFilter(ApplicationFilterChain.java:164)
	at org.apache.catalina.core.ApplicationFilterChain.doFilter(ApplicationFilterChain.java:140)
	at org.springframework.web.filter.CharacterEncodingFilter.doFilterInternal(CharacterEncodingFilter.java:201)
	at org.springframework.web.filter.OncePerRequestFilter.doFilter(OncePerRequestFilter.java:116)
	at org.apache.catalina.core.ApplicationFilterChain.internalDoFilter(ApplicationFilterChain.java:164)
	at org.apache.catalina.core.ApplicationFilterChain.doFilter(ApplicationFilterChain.java:140)
	at org.apache.catalina.core.StandardWrapperValve.invoke(StandardWrapperValve.java:167)
	at org.apache.catalina.core.StandardContextValve.invoke(StandardContextValve.java:90)
	at org.apache.catalina.authenticator.AuthenticatorBase.invoke(AuthenticatorBase.java:483)
	at org.apache.catalina.core.StandardHostValve.invoke(StandardHostValve.java:115)
	at org.apache.catalina.valves.ErrorReportValve.invoke(ErrorReportValve.java:93)
	at org.apache.catalina.core.StandardEngineValve.invoke(StandardEngineValve.java:74)
	at org.apache.catalina.connector.CoyoteAdapter.service(CoyoteAdapter.java:344)
	at org.apache.coyote.http11.Http11Processor.service(Http11Processor.java:397)
	at org.apache.coyote.AbstractProcessorLight.process(AbstractProcessorLight.java:63)
	at org.apache.coyote.AbstractProtocol$ConnectionHandler.process(AbstractProtocol.java:905)
	at org.apache.tomcat.util.net.NioEndpoint$SocketProcessor.doRun(NioEndpoint.java:1743)
	at org.apache.tomcat.util.net.SocketProcessorBase.run(SocketProcessorBase.java:52)
	at org.apache.tomcat.util.threads.ThreadPoolExecutor.runWorker(ThreadPoolExecutor.java:1190)
	at org.apache.tomcat.util.threads.ThreadPoolExecutor$Worker.run(ThreadPoolExecutor.java:659)
	at org.apache.tomcat.util.threads.TaskThread$WrappingRunnable.run(TaskThread.java:63)
	at java.base/java.lang.Thread.run(Thread.java:1516)
2026-08-17 16:34:36.166 [http-nio-8002-exec-2] INFO  c.r.controller.SearchController - 收到检索请求: query=医学影像, topK=5, hybrid=true
2026-08-17 16:34:36.166 [http-nio-8002-exec-2] INFO  c.r.service.KnowledgeSearchService - 开始检索: query=医学影像, topK=5, hybrid=true
2026-08-17 16:34:36.204 [http-nio-8002-exec-2] DEBUG c.r.service.VectorStoreServiceImpl - 向量检索完成: collection=rag_knowledge, hits=6
2026-08-17 16:34:36.239 [http-nio-8002-exec-2] ERROR c.r.common.GlobalExceptionHandler - 系统异常
java.lang.StringIndexOutOfBoundsException: Range [0, 50) out of bounds for length 49
	at java.base/jdk.internal.util.Preconditions$1.apply(Preconditions.java:55)
	at java.base/jdk.internal.util.Preconditions$1.apply(Preconditions.java:52)
	at java.base/jdk.internal.util.Preconditions$4.apply(Preconditions.java:213)
	at java.base/jdk.internal.util.Preconditions$4.apply(Preconditions.java:210)
	at java.base/jdk.internal.util.Preconditions.outOfBounds(Preconditions.java:98)
	at java.base/jdk.internal.util.Preconditions.outOfBoundsCheckFromToIndex(Preconditions.java:112)
	at java.base/jdk.internal.util.Preconditions.checkFromToIndex(Preconditions.java:349)
	at java.base/java.lang.String.checkBoundsBeginEnd(String.java:5224)
	at java.base/java.lang.String.substring(String.java:3186)
	at com.ragstudy.service.HybridSearchService.normalizeContent(HybridSearchService.java:115)
	at com.ragstudy.service.HybridSearchService.deduplicate(HybridSearchService.java:105)
	at com.ragstudy.service.HybridSearchService.hybridSearch(HybridSearchService.java:55)
	at com.ragstudy.service.KnowledgeSearchService.search(KnowledgeSearchService.java:37)
	at com.ragstudy.controller.SearchController.search(SearchController.java:29)
	at java.base/jdk.internal.reflect.DirectMethodHandleAccessor.invoke(DirectMethodHandleAccessor.java:104)
	at java.base/java.lang.reflect.Method.invoke(Method.java:565)
	at org.springframework.web.method.support.InvocableHandlerMethod.doInvoke(InvocableHandlerMethod.java:258)
	at org.springframework.web.method.support.InvocableHandlerMethod.invokeForRequest(InvocableHandlerMethod.java:191)
	at org.springframework.web.servlet.mvc.method.annotation.ServletInvocableHandlerMethod.invokeAndHandle(ServletInvocableHandlerMethod.java:118)
	at org.springframework.web.servlet.mvc.method.annotation.RequestMappingHandlerAdapter.invokeHandlerMethod(RequestMappingHandlerAdapter.java:986)
	at org.springframework.web.servlet.mvc.method.annotation.RequestMappingHandlerAdapter.handleInternal(RequestMappingHandlerAdapter.java:891)
	at org.springframework.web.servlet.mvc.method.AbstractHandlerMethodAdapter.handle(AbstractHandlerMethodAdapter.java:87)
	at org.springframework.web.servlet.DispatcherServlet.doDispatch(DispatcherServlet.java:1089)
	at org.springframework.web.servlet.DispatcherServlet.doService(DispatcherServlet.java:979)
	at org.springframework.web.servlet.FrameworkServlet.processRequest(FrameworkServlet.java:1014)
	at org.springframework.web.servlet.FrameworkServlet.doPost(FrameworkServlet.java:914)
	at jakarta.servlet.http.HttpServlet.service(HttpServlet.java:590)
	at org.springframework.web.servlet.FrameworkServlet.service(FrameworkServlet.java:885)
	at jakarta.servlet.http.HttpServlet.service(HttpServlet.java:658)
	at org.apache.catalina.core.ApplicationFilterChain.internalDoFilter(ApplicationFilterChain.java:195)
	at org.apache.catalina.core.ApplicationFilterChain.doFilter(ApplicationFilterChain.java:140)
	at org.apache.tomcat.websocket.server.WsFilter.doFilter(WsFilter.java:51)
	at org.apache.catalina.core.ApplicationFilterChain.internalDoFilter(ApplicationFilterChain.java:164)
	at org.apache.catalina.core.ApplicationFilterChain.doFilter(ApplicationFilterChain.java:140)
	at org.springframework.web.filter.RequestContextFilter.doFilterInternal(RequestContextFilter.java:100)
	at org.springframework.web.filter.OncePerRequestFilter.doFilter(OncePerRequestFilter.java:116)
	at org.apache.catalina.core.ApplicationFilterChain.internalDoFilter(ApplicationFilterChain.java:164)
	at org.apache.catalina.core.ApplicationFilterChain.doFilter(ApplicationFilterChain.java:140)
	at org.springframework.web.filter.FormContentFilter.doFilterInternal(FormContentFilter.java:93)
	at org.springframework.web.filter.OncePerRequestFilter.doFilter(OncePerRequestFilter.java:116)
	at org.apache.catalina.core.ApplicationFilterChain.internalDoFilter(ApplicationFilterChain.java:164)
	at org.apache.catalina.core.ApplicationFilterChain.doFilter(ApplicationFilterChain.java:140)
	at org.springframework.web.filter.ServerHttpObservationFilter.doFilterInternal(ServerHttpObservationFilter.java:114)
	at org.springframework.web.filter.OncePerRequestFilter.doFilter(OncePerRequestFilter.java:116)
	at org.apache.catalina.core.ApplicationFilterChain.internalDoFilter(ApplicationFilterChain.java:164)
	at org.apache.catalina.core.ApplicationFilterChain.doFilter(ApplicationFilterChain.java:140)
	at org.springframework.web.filter.CharacterEncodingFilter.doFilterInternal(CharacterEncodingFilter.java:201)
	at org.springframework.web.filter.OncePerRequestFilter.doFilter(OncePerRequestFilter.java:116)
	at org.apache.catalina.core.ApplicationFilterChain.internalDoFilter(ApplicationFilterChain.java:164)
	at org.apache.catalina.core.ApplicationFilterChain.doFilter(ApplicationFilterChain.java:140)
	at org.apache.catalina.core.StandardWrapperValve.invoke(StandardWrapperValve.java:167)
	at org.apache.catalina.core.StandardContextValve.invoke(StandardContextValve.java:90)
	at org.apache.catalina.authenticator.AuthenticatorBase.invoke(AuthenticatorBase.java:483)
	at org.apache.catalina.core.StandardHostValve.invoke(StandardHostValve.java:115)
	at org.apache.catalina.valves.ErrorReportValve.invoke(ErrorReportValve.java:93)
	at org.apache.catalina.core.StandardEngineValve.invoke(StandardEngineValve.java:74)
	at org.apache.catalina.connector.CoyoteAdapter.service(CoyoteAdapter.java:344)
	at org.apache.coyote.http11.Http11Processor.service(Http11Processor.java:397)
	at org.apache.coyote.AbstractProcessorLight.process(AbstractProcessorLight.java:63)
	at org.apache.coyote.AbstractProtocol$ConnectionHandler.process(AbstractProtocol.java:905)
	at org.apache.tomcat.util.net.NioEndpoint$SocketProcessor.doRun(NioEndpoint.java:1743)
	at org.apache.tomcat.util.net.SocketProcessorBase.run(SocketProcessorBase.java:52)
	at org.apache.tomcat.util.threads.ThreadPoolExecutor.runWorker(ThreadPoolExecutor.java:1190)
	at org.apache.tomcat.util.threads.ThreadPoolExecutor$Worker.run(ThreadPoolExecutor.java:659)
	at org.apache.tomcat.util.threads.TaskThread$WrappingRunnable.run(TaskThread.java:63)
	at java.base/java.lang.Thread.run(Thread.java:1516)
2026-08-17 16:34:36.275 [http-nio-8002-exec-7] INFO  c.r.controller.SearchController - 收到检索+重排序请求: query=深度学习, topK=5, rerankTopK=3
2026-08-17 16:34:36.275 [http-nio-8002-exec-7] INFO  c.r.service.KnowledgeSearchService - 开始检索+重排序: query=深度学习, topK=5, rerankTopK=3
2026-08-17 16:34:36.283 [http-nio-8002-exec-7] DEBUG c.r.service.VectorStoreServiceImpl - 向量检索完成: collection=rag_knowledge, hits=6
2026-08-17 16:34:36.286 [http-nio-8002-exec-7] ERROR c.r.common.GlobalExceptionHandler - 系统异常
java.lang.StringIndexOutOfBoundsException: Range [0, 50) out of bounds for length 49
	at java.base/jdk.internal.util.Preconditions$1.apply(Preconditions.java:55)
	at java.base/jdk.internal.util.Preconditions$1.apply(Preconditions.java:52)
	at java.base/jdk.internal.util.Preconditions$4.apply(Preconditions.java:213)
	at java.base/jdk.internal.util.Preconditions$4.apply(Preconditions.java:210)
	at java.base/jdk.internal.util.Preconditions.outOfBounds(Preconditions.java:98)
	at java.base/jdk.internal.util.Preconditions.outOfBoundsCheckFromToIndex(Preconditions.java:112)
	at java.base/jdk.internal.util.Preconditions.checkFromToIndex(Preconditions.java:349)
	at java.base/java.lang.String.checkBoundsBeginEnd(String.java:5224)
	at java.base/java.lang.String.substring(String.java:3186)
	at com.ragstudy.service.HybridSearchService.normalizeContent(HybridSearchService.java:115)
	at com.ragstudy.service.HybridSearchService.deduplicate(HybridSearchService.java:105)
	at com.ragstudy.service.HybridSearchService.hybridSearch(HybridSearchService.java:55)
	at com.ragstudy.service.KnowledgeSearchService.searchWithRerank(KnowledgeSearchService.java:61)
	at com.ragstudy.controller.SearchController.searchWithRerank(SearchController.java:46)
	at java.base/jdk.internal.reflect.DirectMethodHandleAccessor.invoke(DirectMethodHandleAccessor.java:104)
	at java.base/java.lang.reflect.Method.invoke(Method.java:565)
	at org.springframework.web.method.support.InvocableHandlerMethod.doInvoke(InvocableHandlerMethod.java:258)
	at org.springframework.web.method.support.InvocableHandlerMethod.invokeForRequest(InvocableHandlerMethod.java:191)
	at org.springframework.web.servlet.mvc.method.annotation.ServletInvocableHandlerMethod.invokeAndHandle(ServletInvocableHandlerMethod.java:118)
	at org.springframework.web.servlet.mvc.method.annotation.RequestMappingHandlerAdapter.invokeHandlerMethod(RequestMappingHandlerAdapter.java:986)
	at org.springframework.web.servlet.mvc.method.annotation.RequestMappingHandlerAdapter.handleInternal(RequestMappingHandlerAdapter.java:891)
	at org.springframework.web.servlet.mvc.method.AbstractHandlerMethodAdapter.handle(AbstractHandlerMethodAdapter.java:87)
	at org.springframework.web.servlet.DispatcherServlet.doDispatch(DispatcherServlet.java:1089)
	at org.springframework.web.servlet.DispatcherServlet.doService(DispatcherServlet.java:979)
	at org.springframework.web.servlet.FrameworkServlet.processRequest(FrameworkServlet.java:1014)
	at org.springframework.web.servlet.FrameworkServlet.doPost(FrameworkServlet.java:914)
	at jakarta.servlet.http.HttpServlet.service(HttpServlet.java:590)
	at org.springframework.web.servlet.FrameworkServlet.service(FrameworkServlet.java:885)
	at jakarta.servlet.http.HttpServlet.service(HttpServlet.java:658)
	at org.apache.catalina.core.ApplicationFilterChain.internalDoFilter(ApplicationFilterChain.java:195)
	at org.apache.catalina.core.ApplicationFilterChain.doFilter(ApplicationFilterChain.java:140)
	at org.apache.tomcat.websocket.server.WsFilter.doFilter(WsFilter.java:51)
	at org.apache.catalina.core.ApplicationFilterChain.internalDoFilter(ApplicationFilterChain.java:164)
	at org.apache.catalina.core.ApplicationFilterChain.doFilter(ApplicationFilterChain.java:140)
	at org.springframework.web.filter.RequestContextFilter.doFilterInternal(RequestContextFilter.java:100)
	at org.springframework.web.filter.OncePerRequestFilter.doFilter(OncePerRequestFilter.java:116)
	at org.apache.catalina.core.ApplicationFilterChain.internalDoFilter(ApplicationFilterChain.java:164)
	at org.apache.catalina.core.ApplicationFilterChain.doFilter(ApplicationFilterChain.java:140)
	at org.springframework.web.filter.FormContentFilter.doFilterInternal(FormContentFilter.java:93)
	at org.springframework.web.filter.OncePerRequestFilter.doFilter(OncePerRequestFilter.java:116)
	at org.apache.catalina.core.ApplicationFilterChain.internalDoFilter(ApplicationFilterChain.java:164)
	at org.apache.catalina.core.ApplicationFilterChain.doFilter(ApplicationFilterChain.java:140)
	at org.springframework.web.filter.ServerHttpObservationFilter.doFilterInternal(ServerHttpObservationFilter.java:114)
	at org.springframework.web.filter.OncePerRequestFilter.doFilter(OncePerRequestFilter.java:116)
	at org.apache.catalina.core.ApplicationFilterChain.internalDoFilter(ApplicationFilterChain.java:164)
	at org.apache.catalina.core.ApplicationFilterChain.doFilter(ApplicationFilterChain.java:140)
	at org.springframework.web.filter.CharacterEncodingFilter.doFilterInternal(CharacterEncodingFilter.java:201)
	at org.springframework.web.filter.OncePerRequestFilter.doFilter(OncePerRequestFilter.java:116)
	at org.apache.catalina.core.ApplicationFilterChain.internalDoFilter(ApplicationFilterChain.java:164)
	at org.apache.catalina.core.ApplicationFilterChain.doFilter(ApplicationFilterChain.java:140)
	at org.apache.catalina.core.StandardWrapperValve.invoke(StandardWrapperValve.java:167)
	at org.apache.catalina.core.StandardContextValve.invoke(StandardContextValve.java:90)
	at org.apache.catalina.authenticator.AuthenticatorBase.invoke(AuthenticatorBase.java:483)
	at org.apache.catalina.core.StandardHostValve.invoke(StandardHostValve.java:115)
	at org.apache.catalina.valves.ErrorReportValve.invoke(ErrorReportValve.java:93)
	at org.apache.catalina.core.StandardEngineValve.invoke(StandardEngineValve.java:74)
	at org.apache.catalina.connector.CoyoteAdapter.service(CoyoteAdapter.java:344)
	at org.apache.coyote.http11.Http11Processor.service(Http11Processor.java:397)
	at org.apache.coyote.AbstractProcessorLight.process(AbstractProcessorLight.java:63)
	at org.apache.coyote.AbstractProtocol$ConnectionHandler.process(AbstractProtocol.java:905)
	at org.apache.tomcat.util.net.NioEndpoint$SocketProcessor.doRun(NioEndpoint.java:1743)
	at org.apache.tomcat.util.net.SocketProcessorBase.run(SocketProcessorBase.java:52)
	at org.apache.tomcat.util.threads.ThreadPoolExecutor.runWorker(ThreadPoolExecutor.java:1190)
	at org.apache.tomcat.util.threads.ThreadPoolExecutor$Worker.run(ThreadPoolExecutor.java:659)
	at org.apache.tomcat.util.threads.TaskThread$WrappingRunnable.run(TaskThread.java:63)
	at java.base/java.lang.Thread.run(Thread.java:1516)
2026-08-17 16:34:36.332 [http-nio-8002-exec-8] INFO  c.r.controller.SearchController - 收到多轮检索请求: query=人工智能应用, topK=5
2026-08-17 16:34:36.332 [http-nio-8002-exec-8] INFO  c.ragstudy.service.MultiHopService - 多轮检索: query=人工智能应用
2026-08-17 16:34:36.339 [http-nio-8002-exec-8] DEBUG c.r.service.VectorStoreServiceImpl - 向量检索完成: collection=rag_knowledge, hits=6
2026-08-17 16:34:36.343 [http-nio-8002-exec-8] ERROR c.r.common.GlobalExceptionHandler - 系统异常
java.lang.StringIndexOutOfBoundsException: Range [0, 50) out of bounds for length 49
	at java.base/jdk.internal.util.Preconditions$1.apply(Preconditions.java:55)
	at java.base/jdk.internal.util.Preconditions$1.apply(Preconditions.java:52)
	at java.base/jdk.internal.util.Preconditions$4.apply(Preconditions.java:213)
	at java.base/jdk.internal.util.Preconditions$4.apply(Preconditions.java:210)
	at java.base/jdk.internal.util.Preconditions.outOfBounds(Preconditions.java:98)
	at java.base/jdk.internal.util.Preconditions.outOfBoundsCheckFromToIndex(Preconditions.java:112)
	at java.base/jdk.internal.util.Preconditions.checkFromToIndex(Preconditions.java:349)
	at java.base/java.lang.String.checkBoundsBeginEnd(String.java:5224)
	at java.base/java.lang.String.substring(String.java:3186)
	at com.ragstudy.service.HybridSearchService.normalizeContent(HybridSearchService.java:115)
	at com.ragstudy.service.HybridSearchService.deduplicate(HybridSearchService.java:105)
	at com.ragstudy.service.HybridSearchService.hybridSearch(HybridSearchService.java:55)
	at com.ragstudy.service.MultiHopService.multiHopSearch(MultiHopService.java:32)
	at com.ragstudy.service.KnowledgeSearchService.multiHopSearch(KnowledgeSearchService.java:82)
	at com.ragstudy.controller.SearchController.multiHopSearch(SearchController.java:61)
	at java.base/jdk.internal.reflect.DirectMethodHandleAccessor.invoke(DirectMethodHandleAccessor.java:104)
	at java.base/java.lang.reflect.Method.invoke(Method.java:565)
	at org.springframework.web.method.support.InvocableHandlerMethod.doInvoke(InvocableHandlerMethod.java:258)
	at org.springframework.web.method.support.InvocableHandlerMethod.invokeForRequest(InvocableHandlerMethod.java:191)
	at org.springframework.web.servlet.mvc.method.annotation.ServletInvocableHandlerMethod.invokeAndHandle(ServletInvocableHandlerMethod.java:118)
	at org.springframework.web.servlet.mvc.method.annotation.RequestMappingHandlerAdapter.invokeHandlerMethod(RequestMappingHandlerAdapter.java:986)
	at org.springframework.web.servlet.mvc.method.annotation.RequestMappingHandlerAdapter.handleInternal(RequestMappingHandlerAdapter.java:891)
	at org.springframework.web.servlet.mvc.method.AbstractHandlerMethodAdapter.handle(AbstractHandlerMethodAdapter.java:87)
	at org.springframework.web.servlet.DispatcherServlet.doDispatch(DispatcherServlet.java:1089)
	at org.springframework.web.servlet.DispatcherServlet.doService(DispatcherServlet.java:979)
	at org.springframework.web.servlet.FrameworkServlet.processRequest(FrameworkServlet.java:1014)
	at org.springframework.web.servlet.FrameworkServlet.doPost(FrameworkServlet.java:914)
	at jakarta.servlet.http.HttpServlet.service(HttpServlet.java:590)
	at org.springframework.web.servlet.FrameworkServlet.service(FrameworkServlet.java:885)
	at jakarta.servlet.http.HttpServlet.service(HttpServlet.java:658)
	at org.apache.catalina.core.ApplicationFilterChain.internalDoFilter(ApplicationFilterChain.java:195)
	at org.apache.catalina.core.ApplicationFilterChain.doFilter(ApplicationFilterChain.java:140)
	at org.apache.tomcat.websocket.server.WsFilter.doFilter(WsFilter.java:51)
	at org.apache.catalina.core.ApplicationFilterChain.internalDoFilter(ApplicationFilterChain.java:164)
	at org.apache.catalina.core.ApplicationFilterChain.doFilter(ApplicationFilterChain.java:140)
	at org.springframework.web.filter.RequestContextFilter.doFilterInternal(RequestContextFilter.java:100)
	at org.springframework.web.filter.OncePerRequestFilter.doFilter(OncePerRequestFilter.java:116)
	at org.apache.catalina.core.ApplicationFilterChain.internalDoFilter(ApplicationFilterChain.java:164)
	at org.apache.catalina.core.ApplicationFilterChain.doFilter(ApplicationFilterChain.java:140)
	at org.springframework.web.filter.FormContentFilter.doFilterInternal(FormContentFilter.java:93)
	at org.springframework.web.filter.OncePerRequestFilter.doFilter(OncePerRequestFilter.java:116)
	at org.apache.catalina.core.ApplicationFilterChain.internalDoFilter(ApplicationFilterChain.java:164)
	at org.apache.catalina.core.ApplicationFilterChain.doFilter(ApplicationFilterChain.java:140)
	at org.springframework.web.filter.ServerHttpObservationFilter.doFilterInternal(ServerHttpObservationFilter.java:114)
	at org.springframework.web.filter.OncePerRequestFilter.doFilter(OncePerRequestFilter.java:116)
	at org.apache.catalina.core.ApplicationFilterChain.internalDoFilter(ApplicationFilterChain.java:164)
	at org.apache.catalina.core.ApplicationFilterChain.doFilter(ApplicationFilterChain.java:140)
	at org.springframework.web.filter.CharacterEncodingFilter.doFilterInternal(CharacterEncodingFilter.java:201)
	at org.springframework.web.filter.OncePerRequestFilter.doFilter(OncePerRequestFilter.java:116)
	at org.apache.catalina.core.ApplicationFilterChain.internalDoFilter(ApplicationFilterChain.java:164)
	at org.apache.catalina.core.ApplicationFilterChain.doFilter(ApplicationFilterChain.java:140)
	at org.apache.catalina.core.StandardWrapperValve.invoke(StandardWrapperValve.java:167)
	at org.apache.catalina.core.StandardContextValve.invoke(StandardContextValve.java:90)
	at org.apache.catalina.authenticator.AuthenticatorBase.invoke(AuthenticatorBase.java:483)
	at org.apache.catalina.core.StandardHostValve.invoke(StandardHostValve.java:115)
	at org.apache.catalina.valves.ErrorReportValve.invoke(ErrorReportValve.java:93)
	at org.apache.catalina.core.StandardEngineValve.invoke(StandardEngineValve.java:74)
	at org.apache.catalina.connector.CoyoteAdapter.service(CoyoteAdapter.java:344)
	at org.apache.coyote.http11.Http11Processor.service(Http11Processor.java:397)
	at org.apache.coyote.AbstractProcessorLight.process(AbstractProcessorLight.java:63)
	at org.apache.coyote.AbstractProtocol$ConnectionHandler.process(AbstractProtocol.java:905)
	at org.apache.tomcat.util.net.NioEndpoint$SocketProcessor.doRun(NioEndpoint.java:1743)
	at org.apache.tomcat.util.net.SocketProcessorBase.run(SocketProcessorBase.java:52)
	at org.apache.tomcat.util.threads.ThreadPoolExecutor.runWorker(ThreadPoolExecutor.java:1190)
	at org.apache.tomcat.util.threads.ThreadPoolExecutor$Worker.run(ThreadPoolExecutor.java:659)
	at org.apache.tomcat.util.threads.TaskThread$WrappingRunnable.run(TaskThread.java:63)
	at java.base/java.lang.Thread.run(Thread.java:1516)
2026-08-17 16:34:36.397 [http-nio-8002-exec-6] ERROR c.r.common.GlobalExceptionHandler - 系统异常
org.springframework.web.HttpRequestMethodNotSupportedException: Request method 'GET' is not supported
	at org.springframework.web.servlet.mvc.method.RequestMappingInfoHandlerMapping.handleNoMatch(RequestMappingInfoHandlerMapping.java:267)
	at org.springframework.web.servlet.handler.AbstractHandlerMethodMapping.lookupHandlerMethod(AbstractHandlerMethodMapping.java:441)
	at org.springframework.web.servlet.handler.AbstractHandlerMethodMapping.getHandlerInternal(AbstractHandlerMethodMapping.java:382)
	at org.springframework.web.servlet.mvc.method.RequestMappingInfoHandlerMapping.getHandlerInternal(RequestMappingInfoHandlerMapping.java:127)
	at org.springframework.web.servlet.mvc.method.RequestMappingInfoHandlerMapping.getHandlerInternal(RequestMappingInfoHandlerMapping.java:68)
	at org.springframework.web.servlet.handler.AbstractHandlerMapping.getHandler(AbstractHandlerMapping.java:509)
	at org.springframework.web.servlet.DispatcherServlet.getHandler(DispatcherServlet.java:1284)
	at org.springframework.web.servlet.DispatcherServlet.doDispatch(DispatcherServlet.java:1065)
	at org.springframework.web.servlet.DispatcherServlet.doService(DispatcherServlet.java:979)
	at org.springframework.web.servlet.FrameworkServlet.processRequest(FrameworkServlet.java:1014)
	at org.springframework.web.servlet.FrameworkServlet.doGet(FrameworkServlet.java:903)
	at jakarta.servlet.http.HttpServlet.service(HttpServlet.java:564)
	at org.springframework.web.servlet.FrameworkServlet.service(FrameworkServlet.java:885)
	at jakarta.servlet.http.HttpServlet.service(HttpServlet.java:658)
	at org.apache.catalina.core.ApplicationFilterChain.internalDoFilter(ApplicationFilterChain.java:195)
	at org.apache.catalina.core.ApplicationFilterChain.doFilter(ApplicationFilterChain.java:140)
	at org.apache.tomcat.websocket.server.WsFilter.doFilter(WsFilter.java:51)
	at org.apache.catalina.core.ApplicationFilterChain.internalDoFilter(ApplicationFilterChain.java:164)
	at org.apache.catalina.core.ApplicationFilterChain.doFilter(ApplicationFilterChain.java:140)
	at org.springframework.web.filter.RequestContextFilter.doFilterInternal(RequestContextFilter.java:100)
	at org.springframework.web.filter.OncePerRequestFilter.doFilter(OncePerRequestFilter.java:116)
	at org.apache.catalina.core.ApplicationFilterChain.internalDoFilter(ApplicationFilterChain.java:164)
	at org.apache.catalina.core.ApplicationFilterChain.doFilter(ApplicationFilterChain.java:140)
	at org.springframework.web.filter.FormContentFilter.doFilterInternal(FormContentFilter.java:93)
	at org.springframework.web.filter.OncePerRequestFilter.doFilter(OncePerRequestFilter.java:116)
	at org.apache.catalina.core.ApplicationFilterChain.internalDoFilter(ApplicationFilterChain.java:164)
	at org.apache.catalina.core.ApplicationFilterChain.doFilter(ApplicationFilterChain.java:140)
	at org.springframework.web.filter.ServerHttpObservationFilter.doFilterInternal(ServerHttpObservationFilter.java:114)
	at org.springframework.web.filter.OncePerRequestFilter.doFilter(OncePerRequestFilter.java:116)
	at org.apache.catalina.core.ApplicationFilterChain.internalDoFilter(ApplicationFilterChain.java:164)
	at org.apache.catalina.core.ApplicationFilterChain.doFilter(ApplicationFilterChain.java:140)
	at org.springframework.web.filter.CharacterEncodingFilter.doFilterInternal(CharacterEncodingFilter.java:201)
	at org.springframework.web.filter.OncePerRequestFilter.doFilter(OncePerRequestFilter.java:116)
	at org.apache.catalina.core.ApplicationFilterChain.internalDoFilter(ApplicationFilterChain.java:164)
	at org.apache.catalina.core.ApplicationFilterChain.doFilter(ApplicationFilterChain.java:140)
	at org.apache.catalina.core.StandardWrapperValve.invoke(StandardWrapperValve.java:167)
	at org.apache.catalina.core.StandardContextValve.invoke(StandardContextValve.java:90)
	at org.apache.catalina.authenticator.AuthenticatorBase.invoke(AuthenticatorBase.java:483)
	at org.apache.catalina.core.StandardHostValve.invoke(StandardHostValve.java:115)
	at org.apache.catalina.valves.ErrorReportValve.invoke(ErrorReportValve.java:93)
	at org.apache.catalina.core.StandardEngineValve.invoke(StandardEngineValve.java:74)
	at org.apache.catalina.connector.CoyoteAdapter.service(CoyoteAdapter.java:344)
	at org.apache.coyote.http11.Http11Processor.service(Http11Processor.java:397)
	at org.apache.coyote.AbstractProcessorLight.process(AbstractProcessorLight.java:63)
	at org.apache.coyote.AbstractProtocol$ConnectionHandler.process(AbstractProtocol.java:905)
	at org.apache.tomcat.util.net.NioEndpoint$SocketProcessor.doRun(NioEndpoint.java:1743)
	at org.apache.tomcat.util.net.SocketProcessorBase.run(SocketProcessorBase.java:52)
	at org.apache.tomcat.util.threads.ThreadPoolExecutor.runWorker(ThreadPoolExecutor.java:1190)
	at org.apache.tomcat.util.threads.ThreadPoolExecutor$Worker.run(ThreadPoolExecutor.java:659)
	at org.apache.tomcat.util.threads.TaskThread$WrappingRunnable.run(TaskThread.java:63)
	at java.base/java.lang.Thread.run(Thread.java:1516)
2026-08-17 16:34:36.441 [http-nio-8002-exec-9] DEBUG c.r.r.K.selectById - ==>  Preparing: SELECT id,file_name,file_type,file_size,department,category,total_chunks,total_parent_chunks,status,summary,create_time,update_time,deleted FROM knowledge_document WHERE id=? AND deleted=0
2026-08-17 16:34:36.443 [http-nio-8002-exec-9] DEBUG c.r.r.K.selectById - ==> Parameters: 3(Long)
2026-08-17 16:34:36.450 [http-nio-8002-exec-9] DEBUG c.r.r.K.selectById - <==      Total: 1
2026-08-17 16:34:36.451 [http-nio-8002-exec-9] DEBUG c.r.r.K.selectByDocumentId - ==>  Preparing: SELECT * FROM knowledge_chunk WHERE document_id = ? AND deleted = 0 ORDER BY chunk_index
2026-08-17 16:34:36.451 [http-nio-8002-exec-9] DEBUG c.r.r.K.selectByDocumentId - ==> Parameters: 3(Long)
2026-08-17 16:34:36.456 [http-nio-8002-exec-9] DEBUG c.r.r.K.selectByDocumentId - <==      Total: 3
2026-08-17 16:34:36.486 [http-nio-8002-exec-9] DEBUG c.r.service.VectorStoreServiceImpl - 向量删除成功: collection=rag_knowledge, id=doc_3_child_0
2026-08-17 16:34:36.502 [http-nio-8002-exec-9] DEBUG c.r.service.VectorStoreServiceImpl - 向量删除成功: collection=rag_knowledge, id=doc_3_child_1
2026-08-17 16:34:36.507 [http-nio-8002-exec-9] DEBUG c.r.service.VectorStoreServiceImpl - 向量删除成功: collection=rag_knowledge, id=doc_3_child_2
2026-08-17 16:34:36.511 [http-nio-8002-exec-9] DEBUG c.r.r.KnowledgeChunkMapper.delete - ==>  Preparing: UPDATE knowledge_chunk SET deleted=1 WHERE deleted=0 AND (document_id = ?)
2026-08-17 16:34:36.514 [http-nio-8002-exec-9] DEBUG c.r.r.KnowledgeChunkMapper.delete - ==> Parameters: 3(Long)
2026-08-17 16:34:36.517 [http-nio-8002-exec-9] DEBUG c.r.r.KnowledgeChunkMapper.delete - <==    Updates: 3
2026-08-17 16:34:36.522 [http-nio-8002-exec-9] DEBUG c.r.r.K.deleteById - ==>  Preparing: UPDATE knowledge_document SET update_time=?, deleted=1 WHERE id=? AND deleted=0
2026-08-17 16:34:36.523 [http-nio-8002-exec-9] DEBUG c.r.r.K.deleteById - ==> Parameters: 2026-08-17T16:34:36.522257800(LocalDateTime), 3(Long)
2026-08-17 16:34:36.526 [http-nio-8002-exec-9] DEBUG c.r.r.K.deleteById - <==    Updates: 1
2026-08-17 16:34:36.526 [http-nio-8002-exec-9] INFO  c.r.service.KnowledgeBaseService - 文档已删除: id=3, chunks=3
2026-08-17 16:38:53.982 [background-preinit] INFO  o.h.validator.internal.util.Version - HV000001: Hibernate Validator 8.0.2.Final
2026-08-17 16:38:54.021 [main] INFO  com.ragstudy.RagEngineApplication - Starting RagEngineApplication using Java 26.0.1 with PID 23124 (D:\RAG-study\rag-engine\target\classes started by Lenovo in D:\RAG-study\rag-engine)
2026-08-17 16:38:54.022 [main] DEBUG com.ragstudy.RagEngineApplication - Running with Spring Boot v3.4.4, Spring v6.2.5
2026-08-17 16:38:54.022 [main] INFO  com.ragstudy.RagEngineApplication - The following 1 profile is active: "dev"
2026-08-17 16:38:55.434 [main] INFO  o.s.b.w.e.tomcat.TomcatWebServer - Tomcat initialized with port 8002 (http)
2026-08-17 16:38:55.447 [main] INFO  o.a.coyote.http11.Http11NioProtocol - Initializing ProtocolHandler ["http-nio-8002"]
2026-08-17 16:38:55.451 [main] INFO  o.a.catalina.core.StandardService - Starting service [Tomcat]
2026-08-17 16:38:55.451 [main] INFO  o.a.catalina.core.StandardEngine - Starting Servlet engine: [Apache Tomcat/10.1.39]
2026-08-17 16:38:55.520 [main] INFO  o.a.c.c.C.[Tomcat].[localhost].[/] - Initializing Spring embedded WebApplicationContext
2026-08-17 16:38:55.522 [main] INFO  o.s.b.w.s.c.ServletWebServerApplicationContext - Root WebApplicationContext: initialization completed in 1461 ms
2026-08-17 16:38:55.751 [main] INFO  com.zaxxer.hikari.HikariDataSource - HikariPool-1 - Starting...
2026-08-17 16:38:56.047 [main] INFO  com.zaxxer.hikari.pool.HikariPool - HikariPool-1 - Added connection com.mysql.cj.jdbc.ConnectionImpl@30eedaa4
2026-08-17 16:38:56.049 [main] INFO  com.zaxxer.hikari.HikariDataSource - HikariPool-1 - Start completed.
2026-08-17 16:38:56.211 [main] INFO  c.r.service.EmbeddingServiceImpl - 初始化 Embedding 服务...
2026-08-17 16:38:56.211 [main] INFO  c.r.service.EmbeddingServiceImpl - 加载 ONNX 模型: D:\RAG-study\rag-engine\target\classes\models\onnx\model.onnx
2026-08-17 16:38:56.534 [main] INFO  c.r.service.EmbeddingServiceImpl - 加载分词器: D:\RAG-study\rag-engine\target\classes\models\tokenizer.json
2026-08-17 16:38:57.570 [main] INFO  ai.djl.util.Platform - Found matching platform from: jar:file:/D:/Server/apache-maven-3.6.3/MavenRepositories/ai/djl/huggingface/tokenizers/0.31.0/tokenizers-0.31.0.jar!/native/lib/tokenizers.properties
2026-08-17 16:38:57.591 [main] WARN  a.d.h.t.HuggingFaceTokenizer - maxLength is not explicitly specified, use modelMaxLength: 512
2026-08-17 16:38:57.591 [main] INFO  c.r.service.EmbeddingServiceImpl - Embedding 服务初始化完成 - 模型: D:\RAG-study\rag-engine\target\classes\models\onnx\model.onnx, 向量维度: 512
2026-08-17 16:38:57.595 [main] INFO  c.r.service.VectorStoreServiceImpl - 初始化向量数据库服务...
2026-08-17 16:38:57.934 [main] INFO  c.r.service.VectorStoreServiceImpl - Qdrant 连接成功: localhost:6334
2026-08-17 16:38:57.935 [main] INFO  c.r.service.VectorStoreServiceImpl - 向量数据库服务初始化完成
2026-08-17 16:38:57.945 [main] INFO  c.ragstudy.service.Bm25ServiceImpl - 初始化 BM25 索引服务...
2026-08-17 16:38:57.997 [main] WARN  o.a.l.i.v.VectorizationProvider - You are running with Java 23 or later. To make full use of the Vector API, please update Apache Lucene.
2026-08-17 16:38:58.032 [main] INFO  c.ragstudy.service.Bm25ServiceImpl - BM25 索引服务初始化完成, 索引路径: D:\RAG-study\rag-engine\.\data\bm25_index
2026-08-17 16:38:58.559 [main] INFO  o.s.b.a.e.web.EndpointLinksResolver - Exposing 1 endpoint beneath base path '/actuator'
2026-08-17 16:38:58.633 [main] INFO  o.a.coyote.http11.Http11NioProtocol - Starting ProtocolHandler ["http-nio-8002"]
2026-08-17 16:38:58.644 [main] INFO  o.s.b.w.e.tomcat.TomcatWebServer - Tomcat started on port 8002 (http) with context path '/'
2026-08-17 16:38:58.657 [main] INFO  com.ragstudy.RagEngineApplication - Started RagEngineApplication in 5.142 seconds (process running for 5.522)
2026-08-17 16:39:55.133 [http-nio-8002-exec-1] INFO  o.a.c.c.C.[Tomcat].[localhost].[/] - Initializing Spring DispatcherServlet 'dispatcherServlet'
2026-08-17 16:39:55.135 [http-nio-8002-exec-1] INFO  o.s.web.servlet.DispatcherServlet - Initializing Servlet 'dispatcherServlet'
2026-08-17 16:39:55.136 [http-nio-8002-exec-1] INFO  o.s.web.servlet.DispatcherServlet - Completed initialization in 0 ms
2026-08-17 16:39:55.291 [http-nio-8002-exec-2] INFO  c.r.controller.KnowledgeController - 收到文档上传请求: fileName=test_doc.txt, department=yiliao, category=AI
2026-08-17 16:39:55.297 [http-nio-8002-exec-2] INFO  c.r.service.KnowledgeBaseService - 开始上传文档: test_doc.txt, department=yiliao, category=AI
2026-08-17 16:39:55.753 [http-nio-8002-exec-2] DEBUG c.r.r.KnowledgeDocumentMapper.insert - ==>  Preparing: INSERT INTO knowledge_document ( file_name, file_type, file_size, department, category, status, create_time, update_time ) VALUES ( ?, ?, ?, ?, ?, ?, ?, ? )
2026-08-17 16:39:55.781 [http-nio-8002-exec-2] DEBUG c.r.r.KnowledgeDocumentMapper.insert - ==> Parameters: test_doc.txt(String), txt(String), 1054(Long), yiliao(String), AI(String), processing(String), 2026-08-17T16:39:55.750291100(LocalDateTime), 2026-08-17T16:39:55.751288200(LocalDateTime)
2026-08-17 16:39:55.786 [http-nio-8002-exec-2] DEBUG c.r.r.KnowledgeDocumentMapper.insert - <==    Updates: 1
2026-08-17 16:39:55.795 [http-nio-8002-exec-2] INFO  c.r.service.KnowledgeBaseService - 文档记录已创建: id=4
2026-08-17 16:39:55.796 [http-nio-8002-exec-2] INFO  c.ragstudy.service.DocumentChunker - 开始文档分块: docId=doc_4, childSize=300, parentSize=1000, overlap=50
2026-08-17 16:39:55.797 [http-nio-8002-exec-2] INFO  c.ragstudy.service.DocumentChunker - 文档分块完成: docId=doc_4, childChunks=3, parentChunks=1
2026-08-17 16:39:55.876 [http-nio-8002-exec-2] DEBUG c.r.r.KnowledgeChunkMapper.insert - ==>  Preparing: INSERT INTO knowledge_chunk ( document_id, chunk_id, chunk_index, content, content_length, parent_chunk_id, parent_chunk_index, create_time ) VALUES ( ?, ?, ?, ?, ?, ?, ?, ? )
2026-08-17 16:39:55.880 [http-nio-8002-exec-2] DEBUG c.r.r.KnowledgeChunkMapper.insert - ==> Parameters: 4(Long), doc_4_child_0(String), 0(Integer), 人工智能在医疗领域的应用日益广泛，深度学习技术被用于医学影像分析和疾病诊断。 自然语言处理技术帮助医生快速查阅医学文献，提高诊疗效率。 机器学习算法可以预测患者的疾病风险，实现个性化治疗方案。 卷积神经网络（CNN）在CT图像和MRI影像的病灶检测中表现优异，准确率超过95%。 Transformer架构被用于处理电子病历中的非结构化文本数据，提取关键医疗信息。 知识图谱技术在医疗领域构建疾病、药物、症状之间的关联关系，辅助临床决策。 推荐系统可以根据患者的病史和症状，推荐合适的检查项目和专科医生。 强化学习被应用于药物剂量优化，通过模拟患者反应找到最佳用药方案。(String), 285(Integer), doc_4_parent_0(String), 0(Integer), 2026-08-17T16:39:55.876696200(LocalDateTime)
2026-08-17 16:39:55.885 [http-nio-8002-exec-2] DEBUG c.r.r.KnowledgeChunkMapper.insert - <==    Updates: 1
2026-08-17 16:39:55.887 [http-nio-8002-exec-2] DEBUG c.r.r.KnowledgeChunkMapper.insert - ==>  Preparing: INSERT INTO knowledge_chunk ( document_id, chunk_id, chunk_index, content, content_length, parent_chunk_id, parent_chunk_index, create_time ) VALUES ( ?, ?, ?, ?, ?, ?, ?, ? )
2026-08-17 16:39:55.888 [http-nio-8002-exec-2] DEBUG c.r.r.KnowledgeChunkMapper.insert - ==> Parameters: 4(Long), doc_4_child_1(String), 1(Integer), 状，推荐合适的检查项目和专科医生。 强化学习被应用于药物剂量优化，通过模拟患者反应找到最佳用药方案。 在医疗领域，数据隐私和安全是首要考虑因素，联邦学习技术可以在保护隐私的前提下进行模型训练。 医疗人工智能的发展面临数据标注成本高、模型可解释性不足等挑战，但前景广阔。(String), 134(Integer), doc_4_parent_0(String), 0(Integer), 2026-08-17T16:39:55.887712700(LocalDateTime)
2026-08-17 16:39:55.891 [http-nio-8002-exec-2] DEBUG c.r.r.KnowledgeChunkMapper.insert - <==    Updates: 1
2026-08-17 16:39:55.893 [http-nio-8002-exec-2] DEBUG c.r.r.KnowledgeChunkMapper.insert - ==>  Preparing: INSERT INTO knowledge_chunk ( document_id, chunk_id, chunk_index, content, content_length, parent_chunk_id, parent_chunk_index, create_time ) VALUES ( ?, ?, ?, ?, ?, ?, ?, ? )
2026-08-17 16:39:55.894 [http-nio-8002-exec-2] DEBUG c.r.r.KnowledgeChunkMapper.insert - ==> Parameters: 4(Long), doc_4_child_2(String), 2(Integer), 私的前提下进行模型训练。 医疗人工智能的发展面临数据标注成本高、模型可解释性不足等挑战，但前景广阔。(String), 50(Integer), doc_4_parent_0(String), 0(Integer), 2026-08-17T16:39:55.892697700(LocalDateTime)
2026-08-17 16:39:55.897 [http-nio-8002-exec-2] DEBUG c.r.r.KnowledgeChunkMapper.insert - <==    Updates: 1
2026-08-17 16:39:56.015 [http-nio-8002-exec-2] DEBUG c.r.service.VectorStoreServiceImpl - 批量向量入库成功: collection=rag_knowledge, count=3
2026-08-17 16:39:56.071 [http-nio-8002-exec-2] DEBUG c.r.service.VectorStoreServiceImpl - 批量向量入库成功: collection=rag_knowledge_parent, count=1
2026-08-17 16:39:56.434 [http-nio-8002-exec-2] INFO  c.ragstudy.service.Bm25ServiceImpl - BM25 索引写入完成, 新增 3 条记录
2026-08-17 16:39:56.454 [http-nio-8002-exec-2] DEBUG c.r.r.K.updateById - ==>  Preparing: UPDATE knowledge_document SET file_name=?, file_type=?, file_size=?, department=?, category=?, total_chunks=?, total_parent_chunks=?, status=?, create_time=?, update_time=? WHERE id=? AND deleted=0
2026-08-17 16:39:56.458 [http-nio-8002-exec-2] DEBUG c.r.r.K.updateById - ==> Parameters: test_doc.txt(String), txt(String), 1054(Long), yiliao(String), AI(String), 3(Integer), 1(Integer), indexed(String), 2026-08-17T16:39:55.750291100(LocalDateTime), 2026-08-17T16:39:56.435573400(LocalDateTime), 4(Long)
2026-08-17 16:39:56.461 [http-nio-8002-exec-2] DEBUG c.r.r.K.updateById - <==    Updates: 1
2026-08-17 16:39:56.462 [http-nio-8002-exec-2] INFO  c.r.service.KnowledgeBaseService - 文档上传完成: id=4, chunks=3, parentChunks=1
2026-08-17 16:39:56.528 [http-nio-8002-exec-3] INFO  c.r.controller.KnowledgeController - 获取文档详情: id=4
2026-08-17 16:39:56.531 [http-nio-8002-exec-3] DEBUG c.r.r.K.selectById - ==>  Preparing: SELECT id,file_name,file_type,file_size,department,category,total_chunks,total_parent_chunks,status,summary,create_time,update_time,deleted FROM knowledge_document WHERE id=? AND deleted=0
2026-08-17 16:39:56.532 [http-nio-8002-exec-3] DEBUG c.r.r.K.selectById - ==> Parameters: 4(Long)
2026-08-17 16:39:56.555 [http-nio-8002-exec-3] DEBUG c.r.r.K.selectById - <==      Total: 1
2026-08-17 16:39:56.778 [http-nio-8002-exec-4] DEBUG c.r.r.K.selectList - ==>  Preparing: SELECT id,file_name,file_type,file_size,department,category,total_chunks,total_parent_chunks,status,summary,create_time,update_time,deleted FROM knowledge_document WHERE deleted=0 ORDER BY create_time DESC
2026-08-17 16:39:56.779 [http-nio-8002-exec-4] DEBUG c.r.r.K.selectList - ==> Parameters: 
2026-08-17 16:39:56.782 [http-nio-8002-exec-4] DEBUG c.r.r.K.selectList - <==      Total: 1
2026-08-17 16:39:57.016 [http-nio-8002-exec-6] INFO  c.r.controller.SearchController - 收到检索请求: query=医学影像, topK=5, hybrid=true
2026-08-17 16:39:57.017 [http-nio-8002-exec-6] INFO  c.r.service.KnowledgeSearchService - 开始检索: query=医学影像, topK=5, hybrid=true
2026-08-17 16:39:57.062 [http-nio-8002-exec-6] DEBUG c.r.service.VectorStoreServiceImpl - 向量检索完成: collection=rag_knowledge, hits=6
2026-08-17 16:39:57.101 [http-nio-8002-exec-6] INFO  c.r.service.KnowledgeSearchService - 检索完成: hits=4, latency=0.084s
2026-08-17 16:39:57.227 [http-nio-8002-exec-8] INFO  c.r.controller.SearchController - 收到检索+重排序请求: query=深度学习技术, topK=5, rerankTopK=3
2026-08-17 16:39:57.227 [http-nio-8002-exec-8] INFO  c.r.service.KnowledgeSearchService - 开始检索+重排序: query=深度学习技术, topK=5, rerankTopK=3
2026-08-17 16:39:57.235 [http-nio-8002-exec-8] DEBUG c.r.service.VectorStoreServiceImpl - 向量检索完成: collection=rag_knowledge, hits=6
2026-08-17 16:39:57.238 [http-nio-8002-exec-8] INFO  c.ragstudy.service.RerankerService - 重排序: query=深度学习技术, candidates=3, topK=5
2026-08-17 16:39:57.293 [http-nio-8002-exec-8] INFO  c.ragstudy.service.RerankerService - 重排序完成: topK=2, scores=[0.4822, 0.4585]
2026-08-17 16:39:57.294 [http-nio-8002-exec-8] INFO  c.r.service.KnowledgeSearchService - 检索+重排序完成: hits=2, latency=0.067s
2026-08-17 16:39:57.355 [http-nio-8002-exec-10] INFO  c.r.controller.SearchController - 收到多轮检索请求: query=人工智能医疗应用, topK=5
2026-08-17 16:39:57.355 [http-nio-8002-exec-10] INFO  c.ragstudy.service.MultiHopService - 多轮检索: query=人工智能医疗应用
2026-08-17 16:39:57.364 [http-nio-8002-exec-10] DEBUG c.r.service.VectorStoreServiceImpl - 向量检索完成: collection=rag_knowledge, hits=6
2026-08-17 16:39:57.368 [http-nio-8002-exec-10] INFO  c.ragstudy.service.RerankerService - 重排序: query=人工智能医疗应用, candidates=4, topK=10
2026-08-17 16:39:57.432 [http-nio-8002-exec-10] INFO  c.ragstudy.service.RerankerService - 重排序完成: topK=3, scores=[0.5070, 0.4247, 0.4029]
2026-08-17 16:39:57.432 [http-nio-8002-exec-10] INFO  c.ragstudy.service.MultiHopService - 多轮检索: 第1轮结果数量满足条件，跳过第2轮 (highQuality=0, minSources=3)
2026-08-17 16:39:57.503 [http-nio-8002-exec-2] DEBUG c.r.r.K.selectCount - ==>  Preparing: SELECT COUNT( * ) AS total FROM knowledge_document WHERE deleted=0
2026-08-17 16:39:57.504 [http-nio-8002-exec-2] DEBUG c.r.r.K.selectCount - ==> Parameters: 
2026-08-17 16:39:57.513 [http-nio-8002-exec-2] DEBUG c.r.r.K.selectCount - <==      Total: 1
2026-08-17 16:39:57.514 [http-nio-8002-exec-2] DEBUG c.r.r.K.selectCount - ==>  Preparing: SELECT COUNT( * ) AS total FROM knowledge_chunk WHERE deleted=0
2026-08-17 16:39:57.514 [http-nio-8002-exec-2] DEBUG c.r.r.K.selectCount - ==> Parameters: 
2026-08-17 16:39:57.515 [http-nio-8002-exec-2] DEBUG c.r.r.K.selectCount - <==      Total: 1
2026-08-17 16:39:57.515 [http-nio-8002-exec-2] DEBUG c.r.r.K.selectList - ==>  Preparing: SELECT id,file_name,file_type,file_size,department,category,total_chunks,total_parent_chunks,status,summary,create_time,update_time,deleted FROM knowledge_document WHERE deleted=0
2026-08-17 16:39:57.515 [http-nio-8002-exec-2] DEBUG c.r.r.K.selectList - ==> Parameters: 
2026-08-17 16:39:57.517 [http-nio-8002-exec-2] DEBUG c.r.r.K.selectList - <==      Total: 1
2026-08-17 16:39:57.562 [http-nio-8002-exec-3] DEBUG c.r.r.K.selectById - ==>  Preparing: SELECT id,file_name,file_type,file_size,department,category,total_chunks,total_parent_chunks,status,summary,create_time,update_time,deleted FROM knowledge_document WHERE id=? AND deleted=0
2026-08-17 16:39:57.563 [http-nio-8002-exec-3] DEBUG c.r.r.K.selectById - ==> Parameters: 4(Long)
2026-08-17 16:39:57.565 [http-nio-8002-exec-3] DEBUG c.r.r.K.selectById - <==      Total: 1
2026-08-17 16:39:57.565 [http-nio-8002-exec-3] DEBUG c.r.r.K.selectByDocumentId - ==>  Preparing: SELECT * FROM knowledge_chunk WHERE document_id = ? AND deleted = 0 ORDER BY chunk_index
2026-08-17 16:39:57.565 [http-nio-8002-exec-3] DEBUG c.r.r.K.selectByDocumentId - ==> Parameters: 4(Long)
2026-08-17 16:39:57.567 [http-nio-8002-exec-3] DEBUG c.r.r.K.selectByDocumentId - <==      Total: 3
2026-08-17 16:39:57.576 [http-nio-8002-exec-3] DEBUG c.r.service.VectorStoreServiceImpl - 向量删除成功: collection=rag_knowledge, id=doc_4_child_0
2026-08-17 16:39:57.585 [http-nio-8002-exec-3] DEBUG c.r.service.VectorStoreServiceImpl - 向量删除成功: collection=rag_knowledge, id=doc_4_child_1
2026-08-17 16:39:57.589 [http-nio-8002-exec-3] DEBUG c.r.service.VectorStoreServiceImpl - 向量删除成功: collection=rag_knowledge, id=doc_4_child_2
2026-08-17 16:39:57.592 [http-nio-8002-exec-3] DEBUG c.r.r.KnowledgeChunkMapper.delete - ==>  Preparing: UPDATE knowledge_chunk SET deleted=1 WHERE deleted=0 AND (document_id = ?)
2026-08-17 16:39:57.594 [http-nio-8002-exec-3] DEBUG c.r.r.KnowledgeChunkMapper.delete - ==> Parameters: 4(Long)
2026-08-17 16:39:57.595 [http-nio-8002-exec-3] DEBUG c.r.r.KnowledgeChunkMapper.delete - <==    Updates: 3
2026-08-17 16:39:57.599 [http-nio-8002-exec-3] DEBUG c.r.r.K.deleteById - ==>  Preparing: UPDATE knowledge_document SET update_time=?, deleted=1 WHERE id=? AND deleted=0
2026-08-17 16:39:57.599 [http-nio-8002-exec-3] DEBUG c.r.r.K.deleteById - ==> Parameters: 2026-08-17T16:39:57.599328200(LocalDateTime), 4(Long)
2026-08-17 16:39:57.600 [http-nio-8002-exec-3] DEBUG c.r.r.K.deleteById - <==    Updates: 1
2026-08-17 16:39:57.601 [http-nio-8002-exec-3] INFO  c.r.service.KnowledgeBaseService - 文档已删除: id=4, chunks=3
2026-08-17 16:41:05.463 [http-nio-8002-exec-5] INFO  c.r.controller.KnowledgeController - 收到文档上传请求: fileName=test_doc.txt, department=yiliao, category=AI
2026-08-17 16:41:05.465 [http-nio-8002-exec-5] INFO  c.r.service.KnowledgeBaseService - 开始上传文档: test_doc.txt, department=yiliao, category=AI
2026-08-17 16:41:05.478 [http-nio-8002-exec-5] DEBUG c.r.r.KnowledgeDocumentMapper.insert - ==>  Preparing: INSERT INTO knowledge_document ( file_name, file_type, file_size, department, category, status, create_time, update_time ) VALUES ( ?, ?, ?, ?, ?, ?, ?, ? )
2026-08-17 16:41:05.479 [http-nio-8002-exec-5] DEBUG c.r.r.KnowledgeDocumentMapper.insert - ==> Parameters: test_doc.txt(String), txt(String), 1054(Long), yiliao(String), AI(String), processing(String), 2026-08-17T16:41:05.478581400(LocalDateTime), 2026-08-17T16:41:05.478581400(LocalDateTime)
2026-08-17 16:41:05.481 [http-nio-8002-exec-5] DEBUG c.r.r.KnowledgeDocumentMapper.insert - <==    Updates: 1
2026-08-17 16:41:05.481 [http-nio-8002-exec-5] INFO  c.r.service.KnowledgeBaseService - 文档记录已创建: id=5
2026-08-17 16:41:05.482 [http-nio-8002-exec-5] INFO  c.ragstudy.service.DocumentChunker - 开始文档分块: docId=doc_5, childSize=300, parentSize=1000, overlap=50
2026-08-17 16:41:05.482 [http-nio-8002-exec-5] INFO  c.ragstudy.service.DocumentChunker - 文档分块完成: docId=doc_5, childChunks=3, parentChunks=1
2026-08-17 16:41:05.547 [http-nio-8002-exec-5] DEBUG c.r.r.KnowledgeChunkMapper.insert - ==>  Preparing: INSERT INTO knowledge_chunk ( document_id, chunk_id, chunk_index, content, content_length, parent_chunk_id, parent_chunk_index, create_time ) VALUES ( ?, ?, ?, ?, ?, ?, ?, ? )
2026-08-17 16:41:05.548 [http-nio-8002-exec-5] DEBUG c.r.r.KnowledgeChunkMapper.insert - ==> Parameters: 5(Long), doc_5_child_0(String), 0(Integer), 人工智能在医疗领域的应用日益广泛，深度学习技术被用于医学影像分析和疾病诊断。 自然语言处理技术帮助医生快速查阅医学文献，提高诊疗效率。 机器学习算法可以预测患者的疾病风险，实现个性化治疗方案。 卷积神经网络（CNN）在CT图像和MRI影像的病灶检测中表现优异，准确率超过95%。 Transformer架构被用于处理电子病历中的非结构化文本数据，提取关键医疗信息。 知识图谱技术在医疗领域构建疾病、药物、症状之间的关联关系，辅助临床决策。 推荐系统可以根据患者的病史和症状，推荐合适的检查项目和专科医生。 强化学习被应用于药物剂量优化，通过模拟患者反应找到最佳用药方案。(String), 285(Integer), doc_5_parent_0(String), 0(Integer), 2026-08-17T16:41:05.547064300(LocalDateTime)
2026-08-17 16:41:05.549 [http-nio-8002-exec-5] DEBUG c.r.r.KnowledgeChunkMapper.insert - <==    Updates: 1
2026-08-17 16:41:05.550 [http-nio-8002-exec-5] DEBUG c.r.r.KnowledgeChunkMapper.insert - ==>  Preparing: INSERT INTO knowledge_chunk ( document_id, chunk_id, chunk_index, content, content_length, parent_chunk_id, parent_chunk_index, create_time ) VALUES ( ?, ?, ?, ?, ?, ?, ?, ? )
2026-08-17 16:41:05.551 [http-nio-8002-exec-5] DEBUG c.r.r.KnowledgeChunkMapper.insert - ==> Parameters: 5(Long), doc_5_child_1(String), 1(Integer), 状，推荐合适的检查项目和专科医生。 强化学习被应用于药物剂量优化，通过模拟患者反应找到最佳用药方案。 在医疗领域，数据隐私和安全是首要考虑因素，联邦学习技术可以在保护隐私的前提下进行模型训练。 医疗人工智能的发展面临数据标注成本高、模型可解释性不足等挑战，但前景广阔。(String), 134(Integer), doc_5_parent_0(String), 0(Integer), 2026-08-17T16:41:05.550481500(LocalDateTime)
2026-08-17 16:41:05.553 [http-nio-8002-exec-5] DEBUG c.r.r.KnowledgeChunkMapper.insert - <==    Updates: 1
2026-08-17 16:41:05.554 [http-nio-8002-exec-5] DEBUG c.r.r.KnowledgeChunkMapper.insert - ==>  Preparing: INSERT INTO knowledge_chunk ( document_id, chunk_id, chunk_index, content, content_length, parent_chunk_id, parent_chunk_index, create_time ) VALUES ( ?, ?, ?, ?, ?, ?, ?, ? )
2026-08-17 16:41:05.554 [http-nio-8002-exec-5] DEBUG c.r.r.KnowledgeChunkMapper.insert - ==> Parameters: 5(Long), doc_5_child_2(String), 2(Integer), 私的前提下进行模型训练。 医疗人工智能的发展面临数据标注成本高、模型可解释性不足等挑战，但前景广阔。(String), 50(Integer), doc_5_parent_0(String), 0(Integer), 2026-08-17T16:41:05.554650800(LocalDateTime)
2026-08-17 16:41:05.555 [http-nio-8002-exec-5] DEBUG c.r.r.KnowledgeChunkMapper.insert - <==    Updates: 1
2026-08-17 16:41:05.572 [http-nio-8002-exec-5] DEBUG c.r.service.VectorStoreServiceImpl - 批量向量入库成功: collection=rag_knowledge, count=3
2026-08-17 16:41:05.636 [http-nio-8002-exec-5] DEBUG c.r.service.VectorStoreServiceImpl - 批量向量入库成功: collection=rag_knowledge_parent, count=1
2026-08-17 16:41:05.676 [http-nio-8002-exec-5] INFO  c.ragstudy.service.Bm25ServiceImpl - BM25 索引写入完成, 新增 3 条记录
2026-08-17 16:41:05.677 [http-nio-8002-exec-5] DEBUG c.r.r.K.updateById - ==>  Preparing: UPDATE knowledge_document SET file_name=?, file_type=?, file_size=?, department=?, category=?, total_chunks=?, total_parent_chunks=?, status=?, create_time=?, update_time=? WHERE id=? AND deleted=0
2026-08-17 16:41:05.677 [http-nio-8002-exec-5] DEBUG c.r.r.K.updateById - ==> Parameters: test_doc.txt(String), txt(String), 1054(Long), yiliao(String), AI(String), 3(Integer), 1(Integer), indexed(String), 2026-08-17T16:41:05.478581400(LocalDateTime), 2026-08-17T16:41:05.676308700(LocalDateTime), 5(Long)
2026-08-17 16:41:05.679 [http-nio-8002-exec-5] DEBUG c.r.r.K.updateById - <==    Updates: 1
2026-08-17 16:41:05.679 [http-nio-8002-exec-5] INFO  c.r.service.KnowledgeBaseService - 文档上传完成: id=5, chunks=3, parentChunks=1
2026-08-17 16:41:05.819 [http-nio-8002-exec-6] INFO  c.r.controller.SearchController - 收到检索+重排序请求: query=深度学习技术, topK=5, rerankTopK=3
2026-08-17 16:41:05.819 [http-nio-8002-exec-6] INFO  c.r.service.KnowledgeSearchService - 开始检索+重排序: query=深度学习技术, topK=5, rerankTopK=3
2026-08-17 16:41:05.825 [http-nio-8002-exec-6] DEBUG c.r.service.VectorStoreServiceImpl - 向量检索完成: collection=rag_knowledge, hits=6
2026-08-17 16:41:05.830 [http-nio-8002-exec-6] INFO  c.ragstudy.service.RerankerService - 重排序: query=深度学习技术, candidates=3, topK=5
2026-08-17 16:41:05.883 [http-nio-8002-exec-6] INFO  c.ragstudy.service.RerankerService - 重排序完成: topK=2, scores=[0.4822, 0.4585]
2026-08-17 16:41:05.884 [http-nio-8002-exec-6] INFO  c.r.service.KnowledgeSearchService - 检索+重排序完成: hits=2, latency=0.065s
2026-08-17 16:42:04.139 [http-nio-8002-exec-9] INFO  c.r.controller.KnowledgeController - 收到文档上传请求: fileName=test_doc.txt, department=yiliao, category=AI
2026-08-17 16:42:04.139 [http-nio-8002-exec-9] INFO  c.r.service.KnowledgeBaseService - 开始上传文档: test_doc.txt, department=yiliao, category=AI
2026-08-17 16:42:04.155 [http-nio-8002-exec-9] DEBUG c.r.r.KnowledgeDocumentMapper.insert - ==>  Preparing: INSERT INTO knowledge_document ( file_name, file_type, file_size, department, category, status, create_time, update_time ) VALUES ( ?, ?, ?, ?, ?, ?, ?, ? )
2026-08-17 16:42:04.156 [http-nio-8002-exec-9] DEBUG c.r.r.KnowledgeDocumentMapper.insert - ==> Parameters: test_doc.txt(String), txt(String), 1054(Long), yiliao(String), AI(String), processing(String), 2026-08-17T16:42:04.155976(LocalDateTime), 2026-08-17T16:42:04.155976(LocalDateTime)
2026-08-17 16:42:04.159 [http-nio-8002-exec-9] DEBUG c.r.r.KnowledgeDocumentMapper.insert - <==    Updates: 1
2026-08-17 16:42:04.160 [http-nio-8002-exec-9] INFO  c.r.service.KnowledgeBaseService - 文档记录已创建: id=6
2026-08-17 16:42:04.160 [http-nio-8002-exec-9] INFO  c.ragstudy.service.DocumentChunker - 开始文档分块: docId=doc_6, childSize=300, parentSize=1000, overlap=50
2026-08-17 16:42:04.160 [http-nio-8002-exec-9] INFO  c.ragstudy.service.DocumentChunker - 文档分块完成: docId=doc_6, childChunks=3, parentChunks=1
2026-08-17 16:42:04.223 [http-nio-8002-exec-9] DEBUG c.r.r.KnowledgeChunkMapper.insert - ==>  Preparing: INSERT INTO knowledge_chunk ( document_id, chunk_id, chunk_index, content, content_length, parent_chunk_id, parent_chunk_index, create_time ) VALUES ( ?, ?, ?, ?, ?, ?, ?, ? )
2026-08-17 16:42:04.224 [http-nio-8002-exec-9] DEBUG c.r.r.KnowledgeChunkMapper.insert - ==> Parameters: 6(Long), doc_6_child_0(String), 0(Integer), 人工智能在医疗领域的应用日益广泛，深度学习技术被用于医学影像分析和疾病诊断。 自然语言处理技术帮助医生快速查阅医学文献，提高诊疗效率。 机器学习算法可以预测患者的疾病风险，实现个性化治疗方案。 卷积神经网络（CNN）在CT图像和MRI影像的病灶检测中表现优异，准确率超过95%。 Transformer架构被用于处理电子病历中的非结构化文本数据，提取关键医疗信息。 知识图谱技术在医疗领域构建疾病、药物、症状之间的关联关系，辅助临床决策。 推荐系统可以根据患者的病史和症状，推荐合适的检查项目和专科医生。 强化学习被应用于药物剂量优化，通过模拟患者反应找到最佳用药方案。(String), 285(Integer), doc_6_parent_0(String), 0(Integer), 2026-08-17T16:42:04.223570300(LocalDateTime)
2026-08-17 16:42:04.226 [http-nio-8002-exec-9] DEBUG c.r.r.KnowledgeChunkMapper.insert - <==    Updates: 1
2026-08-17 16:42:04.227 [http-nio-8002-exec-9] DEBUG c.r.r.KnowledgeChunkMapper.insert - ==>  Preparing: INSERT INTO knowledge_chunk ( document_id, chunk_id, chunk_index, content, content_length, parent_chunk_id, parent_chunk_index, create_time ) VALUES ( ?, ?, ?, ?, ?, ?, ?, ? )
2026-08-17 16:42:04.228 [http-nio-8002-exec-9] DEBUG c.r.r.KnowledgeChunkMapper.insert - ==> Parameters: 6(Long), doc_6_child_1(String), 1(Integer), 状，推荐合适的检查项目和专科医生。 强化学习被应用于药物剂量优化，通过模拟患者反应找到最佳用药方案。 在医疗领域，数据隐私和安全是首要考虑因素，联邦学习技术可以在保护隐私的前提下进行模型训练。 医疗人工智能的发展面临数据标注成本高、模型可解释性不足等挑战，但前景广阔。(String), 134(Integer), doc_6_parent_0(String), 0(Integer), 2026-08-17T16:42:04.227891500(LocalDateTime)
2026-08-17 16:42:04.229 [http-nio-8002-exec-9] DEBUG c.r.r.KnowledgeChunkMapper.insert - <==    Updates: 1
2026-08-17 16:42:04.230 [http-nio-8002-exec-9] DEBUG c.r.r.KnowledgeChunkMapper.insert - ==>  Preparing: INSERT INTO knowledge_chunk ( document_id, chunk_id, chunk_index, content, content_length, parent_chunk_id, parent_chunk_index, create_time ) VALUES ( ?, ?, ?, ?, ?, ?, ?, ? )
2026-08-17 16:42:04.231 [http-nio-8002-exec-9] DEBUG c.r.r.KnowledgeChunkMapper.insert - ==> Parameters: 6(Long), doc_6_child_2(String), 2(Integer), 私的前提下进行模型训练。 医疗人工智能的发展面临数据标注成本高、模型可解释性不足等挑战，但前景广阔。(String), 50(Integer), doc_6_parent_0(String), 0(Integer), 2026-08-17T16:42:04.230880600(LocalDateTime)
2026-08-17 16:42:04.231 [http-nio-8002-exec-9] DEBUG c.r.r.KnowledgeChunkMapper.insert - <==    Updates: 1
2026-08-17 16:42:04.243 [http-nio-8002-exec-9] DEBUG c.r.service.VectorStoreServiceImpl - 批量向量入库成功: collection=rag_knowledge, count=3
2026-08-17 16:42:04.299 [http-nio-8002-exec-9] DEBUG c.r.service.VectorStoreServiceImpl - 批量向量入库成功: collection=rag_knowledge_parent, count=1
2026-08-17 16:42:04.337 [http-nio-8002-exec-9] INFO  c.ragstudy.service.Bm25ServiceImpl - BM25 索引写入完成, 新增 3 条记录
2026-08-17 16:42:04.338 [http-nio-8002-exec-9] DEBUG c.r.r.K.updateById - ==>  Preparing: UPDATE knowledge_document SET file_name=?, file_type=?, file_size=?, department=?, category=?, total_chunks=?, total_parent_chunks=?, status=?, create_time=?, update_time=? WHERE id=? AND deleted=0
2026-08-17 16:42:04.339 [http-nio-8002-exec-9] DEBUG c.r.r.K.updateById - ==> Parameters: test_doc.txt(String), txt(String), 1054(Long), yiliao(String), AI(String), 3(Integer), 1(Integer), indexed(String), 2026-08-17T16:42:04.155976(LocalDateTime), 2026-08-17T16:42:04.337074900(LocalDateTime), 6(Long)
2026-08-17 16:42:04.340 [http-nio-8002-exec-9] DEBUG c.r.r.K.updateById - <==    Updates: 1
2026-08-17 16:42:04.340 [http-nio-8002-exec-9] INFO  c.r.service.KnowledgeBaseService - 文档上传完成: id=6, chunks=3, parentChunks=1
2026-08-17 16:42:04.386 [http-nio-8002-exec-10] INFO  c.r.controller.KnowledgeController - 获取文档详情: id=6
2026-08-17 16:42:04.386 [http-nio-8002-exec-10] DEBUG c.r.r.K.selectById - ==>  Preparing: SELECT id,file_name,file_type,file_size,department,category,total_chunks,total_parent_chunks,status,summary,create_time,update_time,deleted FROM knowledge_document WHERE id=? AND deleted=0
2026-08-17 16:42:04.387 [http-nio-8002-exec-10] DEBUG c.r.r.K.selectById - ==> Parameters: 6(Long)
2026-08-17 16:42:04.388 [http-nio-8002-exec-10] DEBUG c.r.r.K.selectById - <==      Total: 1
2026-08-17 16:42:04.423 [http-nio-8002-exec-2] DEBUG c.r.r.K.selectList - ==>  Preparing: SELECT id,file_name,file_type,file_size,department,category,total_chunks,total_parent_chunks,status,summary,create_time,update_time,deleted FROM knowledge_document WHERE deleted=0 ORDER BY create_time DESC
2026-08-17 16:42:04.423 [http-nio-8002-exec-2] DEBUG c.r.r.K.selectList - ==> Parameters: 
2026-08-17 16:42:04.425 [http-nio-8002-exec-2] DEBUG c.r.r.K.selectList - <==      Total: 2
2026-08-17 16:42:04.492 [http-nio-8002-exec-4] INFO  c.r.controller.SearchController - 收到检索请求: query=医学影像, topK=5, hybrid=true
2026-08-17 16:42:04.493 [http-nio-8002-exec-4] INFO  c.r.service.KnowledgeSearchService - 开始检索: query=医学影像, topK=5, hybrid=true
2026-08-17 16:42:04.502 [http-nio-8002-exec-4] DEBUG c.r.service.VectorStoreServiceImpl - 向量检索完成: collection=rag_knowledge, hits=9
2026-08-17 16:42:04.504 [http-nio-8002-exec-4] INFO  c.r.service.KnowledgeSearchService - 检索完成: hits=4, latency=0.011s
2026-08-17 16:42:04.642 [http-nio-8002-exec-6] INFO  c.r.controller.SearchController - 收到检索+重排序请求: query=深度学习技术, topK=5, rerankTopK=3
2026-08-17 16:42:04.642 [http-nio-8002-exec-6] INFO  c.r.service.KnowledgeSearchService - 开始检索+重排序: query=深度学习技术, topK=5, rerankTopK=3
2026-08-17 16:42:04.648 [http-nio-8002-exec-6] DEBUG c.r.service.VectorStoreServiceImpl - 向量检索完成: collection=rag_knowledge, hits=6
2026-08-17 16:42:04.651 [http-nio-8002-exec-6] INFO  c.ragstudy.service.RerankerService - 重排序: query=深度学习技术, candidates=3, topK=5
2026-08-17 16:42:04.710 [http-nio-8002-exec-6] INFO  c.ragstudy.service.RerankerService - 重排序完成: topK=2, scores=[0.4822, 0.4585]
2026-08-17 16:42:04.710 [http-nio-8002-exec-6] INFO  c.r.service.KnowledgeSearchService - 检索+重排序完成: hits=2, latency=0.068s
2026-08-17 16:42:04.769 [http-nio-8002-exec-8] INFO  c.r.controller.SearchController - 收到多轮检索请求: query=人工智能医疗应用, topK=5
2026-08-17 16:42:04.769 [http-nio-8002-exec-8] INFO  c.ragstudy.service.MultiHopService - 多轮检索: query=人工智能医疗应用
2026-08-17 16:42:04.776 [http-nio-8002-exec-8] DEBUG c.r.service.VectorStoreServiceImpl - 向量检索完成: collection=rag_knowledge, hits=9
2026-08-17 16:42:04.779 [http-nio-8002-exec-8] INFO  c.ragstudy.service.RerankerService - 重排序: query=人工智能医疗应用, candidates=4, topK=10
2026-08-17 16:42:04.846 [http-nio-8002-exec-8] INFO  c.ragstudy.service.RerankerService - 重排序完成: topK=3, scores=[0.5070, 0.4247, 0.4029]
2026-08-17 16:42:04.846 [http-nio-8002-exec-8] INFO  c.ragstudy.service.MultiHopService - 多轮检索: 第1轮结果数量满足条件，跳过第2轮 (highQuality=0, minSources=3)
2026-08-17 16:42:04.907 [http-nio-8002-exec-10] DEBUG c.r.r.K.selectCount - ==>  Preparing: SELECT COUNT( * ) AS total FROM knowledge_document WHERE deleted=0
2026-08-17 16:42:04.908 [http-nio-8002-exec-10] DEBUG c.r.r.K.selectCount - ==> Parameters: 
2026-08-17 16:42:04.909 [http-nio-8002-exec-10] DEBUG c.r.r.K.selectCount - <==      Total: 1
2026-08-17 16:42:04.909 [http-nio-8002-exec-10] DEBUG c.r.r.K.selectCount - ==>  Preparing: SELECT COUNT( * ) AS total FROM knowledge_chunk WHERE deleted=0
2026-08-17 16:42:04.909 [http-nio-8002-exec-10] DEBUG c.r.r.K.selectCount - ==> Parameters: 
2026-08-17 16:42:04.911 [http-nio-8002-exec-10] DEBUG c.r.r.K.selectCount - <==      Total: 1
2026-08-17 16:42:04.912 [http-nio-8002-exec-10] DEBUG c.r.r.K.selectList - ==>  Preparing: SELECT id,file_name,file_type,file_size,department,category,total_chunks,total_parent_chunks,status,summary,create_time,update_time,deleted FROM knowledge_document WHERE deleted=0
2026-08-17 16:42:04.912 [http-nio-8002-exec-10] DEBUG c.r.r.K.selectList - ==> Parameters: 
2026-08-17 16:42:04.914 [http-nio-8002-exec-10] DEBUG c.r.r.K.selectList - <==      Total: 2
2026-08-17 16:42:04.947 [http-nio-8002-exec-1] DEBUG c.r.r.K.selectById - ==>  Preparing: SELECT id,file_name,file_type,file_size,department,category,total_chunks,total_parent_chunks,status,summary,create_time,update_time,deleted FROM knowledge_document WHERE id=? AND deleted=0
2026-08-17 16:42:04.947 [http-nio-8002-exec-1] DEBUG c.r.r.K.selectById - ==> Parameters: 6(Long)
2026-08-17 16:42:04.950 [http-nio-8002-exec-1] DEBUG c.r.r.K.selectById - <==      Total: 1
2026-08-17 16:42:04.951 [http-nio-8002-exec-1] DEBUG c.r.r.K.selectByDocumentId - ==>  Preparing: SELECT * FROM knowledge_chunk WHERE document_id = ? AND deleted = 0 ORDER BY chunk_index
2026-08-17 16:42:04.952 [http-nio-8002-exec-1] DEBUG c.r.r.K.selectByDocumentId - ==> Parameters: 6(Long)
2026-08-17 16:42:04.953 [http-nio-8002-exec-1] DEBUG c.r.r.K.selectByDocumentId - <==      Total: 3
2026-08-17 16:42:04.957 [http-nio-8002-exec-1] DEBUG c.r.service.VectorStoreServiceImpl - 向量删除成功: collection=rag_knowledge, id=doc_6_child_0
2026-08-17 16:42:04.961 [http-nio-8002-exec-1] DEBUG c.r.service.VectorStoreServiceImpl - 向量删除成功: collection=rag_knowledge, id=doc_6_child_1
2026-08-17 16:42:04.964 [http-nio-8002-exec-1] DEBUG c.r.service.VectorStoreServiceImpl - 向量删除成功: collection=rag_knowledge, id=doc_6_child_2
2026-08-17 16:42:04.966 [http-nio-8002-exec-1] DEBUG c.r.r.KnowledgeChunkMapper.delete - ==>  Preparing: UPDATE knowledge_chunk SET deleted=1 WHERE deleted=0 AND (document_id = ?)
2026-08-17 16:42:04.967 [http-nio-8002-exec-1] DEBUG c.r.r.KnowledgeChunkMapper.delete - ==> Parameters: 6(Long)
2026-08-17 16:42:04.969 [http-nio-8002-exec-1] DEBUG c.r.r.KnowledgeChunkMapper.delete - <==    Updates: 3
2026-08-17 16:42:04.970 [http-nio-8002-exec-1] DEBUG c.r.r.K.deleteById - ==>  Preparing: UPDATE knowledge_document SET update_time=?, deleted=1 WHERE id=? AND deleted=0
2026-08-17 16:42:04.970 [http-nio-8002-exec-1] DEBUG c.r.r.K.deleteById - ==> Parameters: 2026-08-17T16:42:04.970710900(LocalDateTime), 6(Long)
2026-08-17 16:42:04.971 [http-nio-8002-exec-1] DEBUG c.r.r.K.deleteById - <==    Updates: 1
2026-08-17 16:42:04.971 [http-nio-8002-exec-1] INFO  c.r.service.KnowledgeBaseService - 文档已删除: id=6, chunks=3
2026-08-17 16:43:19.162 [http-nio-8002-exec-6] INFO  c.r.controller.KnowledgeController - 收到文档上传请求: fileName=test_doc.txt, department=yiliao, category=AI
2026-08-17 16:43:19.164 [http-nio-8002-exec-6] INFO  c.r.service.KnowledgeBaseService - 开始上传文档: test_doc.txt, department=yiliao, category=AI
2026-08-17 16:43:19.175 [http-nio-8002-exec-6] DEBUG c.r.r.KnowledgeDocumentMapper.insert - ==>  Preparing: INSERT INTO knowledge_document ( file_name, file_type, file_size, department, category, status, create_time, update_time ) VALUES ( ?, ?, ?, ?, ?, ?, ?, ? )
2026-08-17 16:43:19.177 [http-nio-8002-exec-6] DEBUG c.r.r.KnowledgeDocumentMapper.insert - ==> Parameters: test_doc.txt(String), txt(String), 1054(Long), yiliao(String), AI(String), processing(String), 2026-08-17T16:43:19.175974500(LocalDateTime), 2026-08-17T16:43:19.175974500(LocalDateTime)
2026-08-17 16:43:19.178 [http-nio-8002-exec-6] DEBUG c.r.r.KnowledgeDocumentMapper.insert - <==    Updates: 1
2026-08-17 16:43:19.178 [http-nio-8002-exec-6] INFO  c.r.service.KnowledgeBaseService - 文档记录已创建: id=7
2026-08-17 16:43:19.180 [http-nio-8002-exec-6] INFO  c.ragstudy.service.DocumentChunker - 开始文档分块: docId=doc_7, childSize=300, parentSize=1000, overlap=50
2026-08-17 16:43:19.180 [http-nio-8002-exec-6] INFO  c.ragstudy.service.DocumentChunker - 文档分块完成: docId=doc_7, childChunks=3, parentChunks=1
2026-08-17 16:43:19.239 [http-nio-8002-exec-6] DEBUG c.r.r.KnowledgeChunkMapper.insert - ==>  Preparing: INSERT INTO knowledge_chunk ( document_id, chunk_id, chunk_index, content, content_length, parent_chunk_id, parent_chunk_index, create_time ) VALUES ( ?, ?, ?, ?, ?, ?, ?, ? )
2026-08-17 16:43:19.239 [http-nio-8002-exec-6] DEBUG c.r.r.KnowledgeChunkMapper.insert - ==> Parameters: 7(Long), doc_7_child_0(String), 0(Integer), 人工智能在医疗领域的应用日益广泛，深度学习技术被用于医学影像分析和疾病诊断。 自然语言处理技术帮助医生快速查阅医学文献，提高诊疗效率。 机器学习算法可以预测患者的疾病风险，实现个性化治疗方案。 卷积神经网络（CNN）在CT图像和MRI影像的病灶检测中表现优异，准确率超过95%。 Transformer架构被用于处理电子病历中的非结构化文本数据，提取关键医疗信息。 知识图谱技术在医疗领域构建疾病、药物、症状之间的关联关系，辅助临床决策。 推荐系统可以根据患者的病史和症状，推荐合适的检查项目和专科医生。 强化学习被应用于药物剂量优化，通过模拟患者反应找到最佳用药方案。(String), 285(Integer), doc_7_parent_0(String), 0(Integer), 2026-08-17T16:43:19.238819200(LocalDateTime)
2026-08-17 16:43:19.241 [http-nio-8002-exec-6] DEBUG c.r.r.KnowledgeChunkMapper.insert - <==    Updates: 1
2026-08-17 16:43:19.242 [http-nio-8002-exec-6] DEBUG c.r.r.KnowledgeChunkMapper.insert - ==>  Preparing: INSERT INTO knowledge_chunk ( document_id, chunk_id, chunk_index, content, content_length, parent_chunk_id, parent_chunk_index, create_time ) VALUES ( ?, ?, ?, ?, ?, ?, ?, ? )
2026-08-17 16:43:19.242 [http-nio-8002-exec-6] DEBUG c.r.r.KnowledgeChunkMapper.insert - ==> Parameters: 7(Long), doc_7_child_1(String), 1(Integer), 状，推荐合适的检查项目和专科医生。 强化学习被应用于药物剂量优化，通过模拟患者反应找到最佳用药方案。 在医疗领域，数据隐私和安全是首要考虑因素，联邦学习技术可以在保护隐私的前提下进行模型训练。 医疗人工智能的发展面临数据标注成本高、模型可解释性不足等挑战，但前景广阔。(String), 134(Integer), doc_7_parent_0(String), 0(Integer), 2026-08-17T16:43:19.242164100(LocalDateTime)
2026-08-17 16:43:19.244 [http-nio-8002-exec-6] DEBUG c.r.r.KnowledgeChunkMapper.insert - <==    Updates: 1
2026-08-17 16:43:19.244 [http-nio-8002-exec-6] DEBUG c.r.r.KnowledgeChunkMapper.insert - ==>  Preparing: INSERT INTO knowledge_chunk ( document_id, chunk_id, chunk_index, content, content_length, parent_chunk_id, parent_chunk_index, create_time ) VALUES ( ?, ?, ?, ?, ?, ?, ?, ? )
2026-08-17 16:43:19.244 [http-nio-8002-exec-6] DEBUG c.r.r.KnowledgeChunkMapper.insert - ==> Parameters: 7(Long), doc_7_child_2(String), 2(Integer), 私的前提下进行模型训练。 医疗人工智能的发展面临数据标注成本高、模型可解释性不足等挑战，但前景广阔。(String), 50(Integer), doc_7_parent_0(String), 0(Integer), 2026-08-17T16:43:19.244213100(LocalDateTime)
2026-08-17 16:43:19.246 [http-nio-8002-exec-6] DEBUG c.r.r.KnowledgeChunkMapper.insert - <==    Updates: 1
2026-08-17 16:43:19.257 [http-nio-8002-exec-6] DEBUG c.r.service.VectorStoreServiceImpl - 批量向量入库成功: collection=rag_knowledge, count=3
2026-08-17 16:43:19.319 [http-nio-8002-exec-6] DEBUG c.r.service.VectorStoreServiceImpl - 批量向量入库成功: collection=rag_knowledge_parent, count=1
2026-08-17 16:43:19.358 [http-nio-8002-exec-6] INFO  c.ragstudy.service.Bm25ServiceImpl - BM25 索引写入完成, 新增 3 条记录
2026-08-17 16:43:19.359 [http-nio-8002-exec-6] DEBUG c.r.r.K.updateById - ==>  Preparing: UPDATE knowledge_document SET file_name=?, file_type=?, file_size=?, department=?, category=?, total_chunks=?, total_parent_chunks=?, status=?, create_time=?, update_time=? WHERE id=? AND deleted=0
2026-08-17 16:43:19.360 [http-nio-8002-exec-6] DEBUG c.r.r.K.updateById - ==> Parameters: test_doc.txt(String), txt(String), 1054(Long), yiliao(String), AI(String), 3(Integer), 1(Integer), indexed(String), 2026-08-17T16:43:19.175974500(LocalDateTime), 2026-08-17T16:43:19.359191500(LocalDateTime), 7(Long)
2026-08-17 16:43:19.361 [http-nio-8002-exec-6] DEBUG c.r.r.K.updateById - <==    Updates: 1
2026-08-17 16:43:19.362 [http-nio-8002-exec-6] INFO  c.r.service.KnowledgeBaseService - 文档上传完成: id=7, chunks=3, parentChunks=1
2026-08-17 16:43:19.436 [http-nio-8002-exec-7] INFO  c.r.controller.KnowledgeController - 获取文档详情: id=7
2026-08-17 16:43:19.436 [http-nio-8002-exec-7] DEBUG c.r.r.K.selectById - ==>  Preparing: SELECT id,file_name,file_type,file_size,department,category,total_chunks,total_parent_chunks,status,summary,create_time,update_time,deleted FROM knowledge_document WHERE id=? AND deleted=0
2026-08-17 16:43:19.437 [http-nio-8002-exec-7] DEBUG c.r.r.K.selectById - ==> Parameters: 7(Long)
2026-08-17 16:43:19.439 [http-nio-8002-exec-7] DEBUG c.r.r.K.selectById - <==      Total: 1
2026-08-17 16:43:19.472 [http-nio-8002-exec-9] DEBUG c.r.r.K.selectList - ==>  Preparing: SELECT id,file_name,file_type,file_size,department,category,total_chunks,total_parent_chunks,status,summary,create_time,update_time,deleted FROM knowledge_document WHERE deleted=0 ORDER BY create_time DESC
2026-08-17 16:43:19.472 [http-nio-8002-exec-9] DEBUG c.r.r.K.selectList - ==> Parameters: 
2026-08-17 16:43:19.473 [http-nio-8002-exec-9] DEBUG c.r.r.K.selectList - <==      Total: 2
2026-08-17 16:43:19.534 [http-nio-8002-exec-1] INFO  c.r.controller.SearchController - 收到检索请求: query=医学影像, topK=5, hybrid=true
2026-08-17 16:43:19.534 [http-nio-8002-exec-1] INFO  c.r.service.KnowledgeSearchService - 开始检索: query=医学影像, topK=5, hybrid=true
2026-08-17 16:43:19.541 [http-nio-8002-exec-1] DEBUG c.r.service.VectorStoreServiceImpl - 向量检索完成: collection=rag_knowledge, hits=9
2026-08-17 16:43:19.543 [http-nio-8002-exec-1] INFO  c.r.service.KnowledgeSearchService - 检索完成: hits=4, latency=0.009s
2026-08-17 16:43:19.586 [http-nio-8002-exec-3] INFO  c.r.controller.SearchController - 收到检索+重排序请求: query=深度学习技术, topK=5, rerankTopK=3
2026-08-17 16:43:19.587 [http-nio-8002-exec-3] INFO  c.r.service.KnowledgeSearchService - 开始检索+重排序: query=深度学习技术, topK=5, rerankTopK=3
2026-08-17 16:43:19.594 [http-nio-8002-exec-3] DEBUG c.r.service.VectorStoreServiceImpl - 向量检索完成: collection=rag_knowledge, hits=6
2026-08-17 16:43:19.597 [http-nio-8002-exec-3] INFO  c.ragstudy.service.RerankerService - 重排序: query=深度学习技术, candidates=3, topK=5
2026-08-17 16:43:19.659 [http-nio-8002-exec-3] INFO  c.ragstudy.service.RerankerService - 重排序完成: topK=2, scores=[0.4822, 0.4585]
2026-08-17 16:43:19.659 [http-nio-8002-exec-3] INFO  c.r.service.KnowledgeSearchService - 检索+重排序完成: hits=2, latency=0.072s
2026-08-17 16:43:19.695 [http-nio-8002-exec-5] INFO  c.r.controller.SearchController - 收到多轮检索请求: query=人工智能医疗应用, topK=5
2026-08-17 16:43:19.695 [http-nio-8002-exec-5] INFO  c.ragstudy.service.MultiHopService - 多轮检索: query=人工智能医疗应用
2026-08-17 16:43:19.700 [http-nio-8002-exec-5] DEBUG c.r.service.VectorStoreServiceImpl - 向量检索完成: collection=rag_knowledge, hits=9
2026-08-17 16:43:19.704 [http-nio-8002-exec-5] INFO  c.ragstudy.service.RerankerService - 重排序: query=人工智能医疗应用, candidates=4, topK=10
2026-08-17 16:43:19.767 [http-nio-8002-exec-5] INFO  c.ragstudy.service.RerankerService - 重排序完成: topK=3, scores=[0.5070, 0.4247, 0.4029]
2026-08-17 16:43:19.768 [http-nio-8002-exec-5] INFO  c.ragstudy.service.MultiHopService - 多轮检索: 第1轮结果数量满足条件，跳过第2轮 (highQuality=0, minSources=3)
2026-08-17 16:43:19.806 [http-nio-8002-exec-7] DEBUG c.r.r.K.selectCount - ==>  Preparing: SELECT COUNT( * ) AS total FROM knowledge_document WHERE deleted=0
2026-08-17 16:43:19.807 [http-nio-8002-exec-7] DEBUG c.r.r.K.selectCount - ==> Parameters: 
2026-08-17 16:43:19.808 [http-nio-8002-exec-7] DEBUG c.r.r.K.selectCount - <==      Total: 1
2026-08-17 16:43:19.810 [http-nio-8002-exec-7] DEBUG c.r.r.K.selectCount - ==>  Preparing: SELECT COUNT( * ) AS total FROM knowledge_chunk WHERE deleted=0
2026-08-17 16:43:19.813 [http-nio-8002-exec-7] DEBUG c.r.r.K.selectCount - ==> Parameters: 
2026-08-17 16:43:19.814 [http-nio-8002-exec-7] DEBUG c.r.r.K.selectCount - <==      Total: 1
2026-08-17 16:43:19.815 [http-nio-8002-exec-7] DEBUG c.r.r.K.selectList - ==>  Preparing: SELECT id,file_name,file_type,file_size,department,category,total_chunks,total_parent_chunks,status,summary,create_time,update_time,deleted FROM knowledge_document WHERE deleted=0
2026-08-17 16:43:19.816 [http-nio-8002-exec-7] DEBUG c.r.r.K.selectList - ==> Parameters: 
2026-08-17 16:43:19.819 [http-nio-8002-exec-7] DEBUG c.r.r.K.selectList - <==      Total: 2
2026-08-17 16:43:19.857 [http-nio-8002-exec-9] DEBUG c.r.r.K.selectById - ==>  Preparing: SELECT id,file_name,file_type,file_size,department,category,total_chunks,total_parent_chunks,status,summary,create_time,update_time,deleted FROM knowledge_document WHERE id=? AND deleted=0
2026-08-17 16:43:19.859 [http-nio-8002-exec-9] DEBUG c.r.r.K.selectById - ==> Parameters: 7(Long)
2026-08-17 16:43:19.861 [http-nio-8002-exec-9] DEBUG c.r.r.K.selectById - <==      Total: 1
2026-08-17 16:43:19.861 [http-nio-8002-exec-9] DEBUG c.r.r.K.selectByDocumentId - ==>  Preparing: SELECT * FROM knowledge_chunk WHERE document_id = ? AND deleted = 0 ORDER BY chunk_index
2026-08-17 16:43:19.861 [http-nio-8002-exec-9] DEBUG c.r.r.K.selectByDocumentId - ==> Parameters: 7(Long)
2026-08-17 16:43:19.863 [http-nio-8002-exec-9] DEBUG c.r.r.K.selectByDocumentId - <==      Total: 3
2026-08-17 16:43:19.867 [http-nio-8002-exec-9] DEBUG c.r.service.VectorStoreServiceImpl - 向量删除成功: collection=rag_knowledge, id=doc_7_child_0
2026-08-17 16:43:19.870 [http-nio-8002-exec-9] DEBUG c.r.service.VectorStoreServiceImpl - 向量删除成功: collection=rag_knowledge, id=doc_7_child_1
2026-08-17 16:43:19.876 [http-nio-8002-exec-9] DEBUG c.r.service.VectorStoreServiceImpl - 向量删除成功: collection=rag_knowledge, id=doc_7_child_2
2026-08-17 16:43:19.877 [http-nio-8002-exec-9] DEBUG c.r.r.KnowledgeChunkMapper.delete - ==>  Preparing: UPDATE knowledge_chunk SET deleted=1 WHERE deleted=0 AND (document_id = ?)
2026-08-17 16:43:19.877 [http-nio-8002-exec-9] DEBUG c.r.r.KnowledgeChunkMapper.delete - ==> Parameters: 7(Long)
2026-08-17 16:43:19.880 [http-nio-8002-exec-9] DEBUG c.r.r.KnowledgeChunkMapper.delete - <==    Updates: 3
2026-08-17 16:43:19.881 [http-nio-8002-exec-9] DEBUG c.r.r.K.deleteById - ==>  Preparing: UPDATE knowledge_document SET update_time=?, deleted=1 WHERE id=? AND deleted=0
2026-08-17 16:43:19.881 [http-nio-8002-exec-9] DEBUG c.r.r.K.deleteById - ==> Parameters: 2026-08-17T16:43:19.880243900(LocalDateTime), 7(Long)
2026-08-17 16:43:19.882 [http-nio-8002-exec-9] DEBUG c.r.r.K.deleteById - <==    Updates: 1
2026-08-17 16:43:19.883 [http-nio-8002-exec-9] INFO  c.r.service.KnowledgeBaseService - 文档已删除: id=7, chunks=3
2026-08-17 16:44:50.643 [background-preinit] INFO  o.h.validator.internal.util.Version - HV000001: Hibernate Validator 8.0.2.Final
2026-08-17 16:44:50.682 [main] INFO  com.ragstudy.RagEngineApplication - Starting RagEngineApplication using Java 26.0.1 with PID 11556 (D:\RAG-study\rag-engine\target\classes started by Lenovo in D:\RAG-study\rag-engine)
2026-08-17 16:44:50.682 [main] DEBUG com.ragstudy.RagEngineApplication - Running with Spring Boot v3.4.4, Spring v6.2.5
2026-08-17 16:44:50.682 [main] INFO  com.ragstudy.RagEngineApplication - The following 1 profile is active: "dev"
2026-08-17 16:44:51.644 [main] INFO  o.s.b.w.e.tomcat.TomcatWebServer - Tomcat initialized with port 8002 (http)
2026-08-17 16:44:51.655 [main] INFO  o.a.coyote.http11.Http11NioProtocol - Initializing ProtocolHandler ["http-nio-8002"]
2026-08-17 16:44:51.656 [main] INFO  o.a.catalina.core.StandardService - Starting service [Tomcat]
2026-08-17 16:44:51.656 [main] INFO  o.a.catalina.core.StandardEngine - Starting Servlet engine: [Apache Tomcat/10.1.39]
2026-08-17 16:44:51.716 [main] INFO  o.a.c.c.C.[Tomcat].[localhost].[/] - Initializing Spring embedded WebApplicationContext
2026-08-17 16:44:51.718 [main] INFO  o.s.b.w.s.c.ServletWebServerApplicationContext - Root WebApplicationContext: initialization completed in 1000 ms
2026-08-17 16:44:51.943 [main] INFO  com.zaxxer.hikari.HikariDataSource - HikariPool-1 - Starting...
2026-08-17 16:44:52.314 [main] INFO  com.zaxxer.hikari.pool.HikariPool - HikariPool-1 - Added connection com.mysql.cj.jdbc.ConnectionImpl@295b07e0
2026-08-17 16:44:52.315 [main] INFO  com.zaxxer.hikari.HikariDataSource - HikariPool-1 - Start completed.
2026-08-17 16:44:52.487 [main] INFO  c.r.service.EmbeddingServiceImpl - 初始化 Embedding 服务...
2026-08-17 16:44:52.488 [main] INFO  c.r.service.EmbeddingServiceImpl - 加载 ONNX 模型: D:\RAG-study\rag-engine\target\classes\models\onnx\model.onnx
2026-08-17 16:44:52.781 [main] INFO  c.r.service.EmbeddingServiceImpl - 加载分词器: D:\RAG-study\rag-engine\target\classes\models\tokenizer.json
2026-08-17 16:44:52.906 [main] INFO  ai.djl.util.Platform - Found matching platform from: jar:file:/D:/Server/apache-maven-3.6.3/MavenRepositories/ai/djl/huggingface/tokenizers/0.31.0/tokenizers-0.31.0.jar!/native/lib/tokenizers.properties
2026-08-17 16:44:52.925 [main] WARN  a.d.h.t.HuggingFaceTokenizer - maxLength is not explicitly specified, use modelMaxLength: 512
2026-08-17 16:44:52.925 [main] INFO  c.r.service.EmbeddingServiceImpl - Embedding 服务初始化完成 - 模型: D:\RAG-study\rag-engine\target\classes\models\onnx\model.onnx, 向量维度: 512
2026-08-17 16:44:52.929 [main] INFO  c.r.service.VectorStoreServiceImpl - 初始化向量数据库服务...
2026-08-17 16:44:53.269 [main] INFO  c.r.service.VectorStoreServiceImpl - Qdrant 连接成功: localhost:6334
2026-08-17 16:44:53.270 [main] INFO  c.r.service.VectorStoreServiceImpl - 向量数据库服务初始化完成
2026-08-17 16:44:53.278 [main] INFO  c.ragstudy.service.Bm25ServiceImpl - 初始化 BM25 索引服务...
2026-08-17 16:44:53.330 [main] WARN  o.a.l.i.v.VectorizationProvider - You are running with Java 23 or later. To make full use of the Vector API, please update Apache Lucene.
2026-08-17 16:44:53.341 [main] ERROR c.ragstudy.service.Bm25ServiceImpl - BM25 索引初始化失败
org.apache.lucene.store.LockObtainFailedException: Lock held by another program: D:\RAG-study\rag-engine\data\bm25_index\write.lock
	at org.apache.lucene.store.NativeFSLockFactory.obtainFSLock(NativeFSLockFactory.java:117)
	at org.apache.lucene.store.FSLockFactory.obtainLock(FSLockFactory.java:43)
	at org.apache.lucene.store.BaseDirectory.obtainLock(BaseDirectory.java:44)
	at org.apache.lucene.index.IndexWriter.<init>(IndexWriter.java:956)
	at com.ragstudy.service.Bm25ServiceImpl.init(Bm25ServiceImpl.java:54)
	at java.base/jdk.internal.reflect.DirectMethodHandleAccessor.invoke(DirectMethodHandleAccessor.java:104)
	at java.base/java.lang.reflect.Method.invoke(Method.java:565)
	at org.springframework.beans.factory.annotation.InitDestroyAnnotationBeanPostProcessor$LifecycleMethod.invoke(InitDestroyAnnotationBeanPostProcessor.java:457)
	at org.springframework.beans.factory.annotation.InitDestroyAnnotationBeanPostProcessor$LifecycleMetadata.invokeInitMethods(InitDestroyAnnotationBeanPostProcessor.java:401)
	at org.springframework.beans.factory.annotation.InitDestroyAnnotationBeanPostProcessor.postProcessBeforeInitialization(InitDestroyAnnotationBeanPostProcessor.java:219)
	at org.springframework.beans.factory.support.AbstractAutowireCapableBeanFactory.applyBeanPostProcessorsBeforeInitialization(AbstractAutowireCapableBeanFactory.java:423)
	at org.springframework.beans.factory.support.AbstractAutowireCapableBeanFactory.initializeBean(AbstractAutowireCapableBeanFactory.java:1804)
	at org.springframework.beans.factory.support.AbstractAutowireCapableBeanFactory.doCreateBean(AbstractAutowireCapableBeanFactory.java:601)
	at org.springframework.beans.factory.support.AbstractAutowireCapableBeanFactory.createBean(AbstractAutowireCapableBeanFactory.java:523)
	at org.springframework.beans.factory.support.AbstractBeanFactory.lambda$doGetBean$0(AbstractBeanFactory.java:339)
	at org.springframework.beans.factory.support.DefaultSingletonBeanRegistry.getSingleton(DefaultSingletonBeanRegistry.java:347)
	at org.springframework.beans.factory.support.AbstractBeanFactory.doGetBean(AbstractBeanFactory.java:337)
	at org.springframework.beans.factory.support.AbstractBeanFactory.getBean(AbstractBeanFactory.java:202)
	at org.springframework.beans.factory.config.DependencyDescriptor.resolveCandidate(DependencyDescriptor.java:254)
	at org.springframework.beans.factory.support.DefaultListableBeanFactory.doResolveDependency(DefaultListableBeanFactory.java:1667)
	at org.springframework.beans.factory.support.DefaultListableBeanFactory.resolveDependency(DefaultListableBeanFactory.java:1555)
	at org.springframework.beans.factory.support.ConstructorResolver.resolveAutowiredArgument(ConstructorResolver.java:913)
	at org.springframework.beans.factory.support.ConstructorResolver.createArgumentArray(ConstructorResolver.java:791)
	at org.springframework.beans.factory.support.ConstructorResolver.autowireConstructor(ConstructorResolver.java:240)
	at org.springframework.beans.factory.support.AbstractAutowireCapableBeanFactory.autowireConstructor(AbstractAutowireCapableBeanFactory.java:1381)
	at org.springframework.beans.factory.support.AbstractAutowireCapableBeanFactory.createBeanInstance(AbstractAutowireCapableBeanFactory.java:1218)
	at org.springframework.beans.factory.support.AbstractAutowireCapableBeanFactory.doCreateBean(AbstractAutowireCapableBeanFactory.java:563)
	at org.springframework.beans.factory.support.AbstractAutowireCapableBeanFactory.createBean(AbstractAutowireCapableBeanFactory.java:523)
	at org.springframework.beans.factory.support.AbstractBeanFactory.lambda$doGetBean$0(AbstractBeanFactory.java:339)
	at org.springframework.beans.factory.support.DefaultSingletonBeanRegistry.getSingleton(DefaultSingletonBeanRegistry.java:347)
	at org.springframework.beans.factory.support.AbstractBeanFactory.doGetBean(AbstractBeanFactory.java:337)
	at org.springframework.beans.factory.support.AbstractBeanFactory.getBean(AbstractBeanFactory.java:202)
	at org.springframework.beans.factory.support.DefaultListableBeanFactory.doResolveDependency(DefaultListableBeanFactory.java:1609)
	at org.springframework.beans.factory.support.DefaultListableBeanFactory.resolveDependency(DefaultListableBeanFactory.java:1555)
	at org.springframework.beans.factory.support.ConstructorResolver.resolveAutowiredArgument(ConstructorResolver.java:913)
	at org.springframework.beans.factory.support.ConstructorResolver.createArgumentArray(ConstructorResolver.java:791)
	at org.springframework.beans.factory.support.ConstructorResolver.autowireConstructor(ConstructorResolver.java:240)
	at org.springframework.beans.factory.support.AbstractAutowireCapableBeanFactory.autowireConstructor(AbstractAutowireCapableBeanFactory.java:1381)
	at org.springframework.beans.factory.support.AbstractAutowireCapableBeanFactory.createBeanInstance(AbstractAutowireCapableBeanFactory.java:1218)
	at org.springframework.beans.factory.support.AbstractAutowireCapableBeanFactory.doCreateBean(AbstractAutowireCapableBeanFactory.java:563)
	at org.springframework.beans.factory.support.AbstractAutowireCapableBeanFactory.createBean(AbstractAutowireCapableBeanFactory.java:523)
	at org.springframework.beans.factory.support.AbstractBeanFactory.lambda$doGetBean$0(AbstractBeanFactory.java:339)
	at org.springframework.beans.factory.support.DefaultSingletonBeanRegistry.getSingleton(DefaultSingletonBeanRegistry.java:347)
	at org.springframework.beans.factory.support.AbstractBeanFactory.doGetBean(AbstractBeanFactory.java:337)
	at org.springframework.beans.factory.support.AbstractBeanFactory.getBean(AbstractBeanFactory.java:202)
	at org.springframework.beans.factory.support.DefaultListableBeanFactory.instantiateSingleton(DefaultListableBeanFactory.java:1155)
	at org.springframework.beans.factory.support.DefaultListableBeanFactory.preInstantiateSingleton(DefaultListableBeanFactory.java:1121)
	at org.springframework.beans.factory.support.DefaultListableBeanFactory.preInstantiateSingletons(DefaultListableBeanFactory.java:1056)
	at org.springframework.context.support.AbstractApplicationContext.finishBeanFactoryInitialization(AbstractApplicationContext.java:987)
	at org.springframework.context.support.AbstractApplicationContext.refresh(AbstractApplicationContext.java:627)
	at org.springframework.boot.web.servlet.context.ServletWebServerApplicationContext.refresh(ServletWebServerApplicationContext.java:146)
	at org.springframework.boot.SpringApplication.refresh(SpringApplication.java:752)
	at org.springframework.boot.SpringApplication.refreshContext(SpringApplication.java:439)
	at org.springframework.boot.SpringApplication.run(SpringApplication.java:318)
	at org.springframework.boot.SpringApplication.run(SpringApplication.java:1361)
	at org.springframework.boot.SpringApplication.run(SpringApplication.java:1350)
	at com.ragstudy.RagEngineApplication.main(RagEngineApplication.java:10)
2026-08-17 16:44:53.343 [main] WARN  o.s.b.w.s.c.AnnotationConfigServletWebServerApplicationContext - Exception encountered during context initialization - cancelling refresh attempt: org.springframework.beans.factory.UnsatisfiedDependencyException: Error creating bean with name 'knowledgeController' defined in file [D:\RAG-study\rag-engine\target\classes\com\ragstudy\controller\KnowledgeController.class]: Unsatisfied dependency expressed through constructor parameter 0: Error creating bean with name 'knowledgeBaseService' defined in file [D:\RAG-study\rag-engine\target\classes\com\ragstudy\service\KnowledgeBaseService.class]: Unsatisfied dependency expressed through constructor parameter 5: Error creating bean with name 'bm25ServiceImpl': Invocation of init method failed
2026-08-17 16:44:53.348 [main] INFO  c.r.service.VectorStoreServiceImpl - Qdrant 客户端已关闭
2026-08-17 16:44:53.353 [main] INFO  c.r.service.EmbeddingServiceImpl - Embedding 服务已关闭
2026-08-17 16:44:53.354 [main] INFO  com.zaxxer.hikari.HikariDataSource - HikariPool-1 - Shutdown initiated...
2026-08-17 16:44:53.360 [main] INFO  com.zaxxer.hikari.HikariDataSource - HikariPool-1 - Shutdown completed.
2026-08-17 16:44:53.361 [main] INFO  o.a.catalina.core.StandardService - Stopping service [Tomcat]
2026-08-17 16:44:53.373 [main] INFO  o.s.b.a.l.ConditionEvaluationReportLogger - 

Error starting ApplicationContext. To display the condition evaluation report re-run your application with 'debug' enabled.
2026-08-17 16:44:53.385 [main] ERROR o.s.boot.SpringApplication - Application run failed
org.springframework.beans.factory.UnsatisfiedDependencyException: Error creating bean with name 'knowledgeController' defined in file [D:\RAG-study\rag-engine\target\classes\com\ragstudy\controller\KnowledgeController.class]: Unsatisfied dependency expressed through constructor parameter 0: Error creating bean with name 'knowledgeBaseService' defined in file [D:\RAG-study\rag-engine\target\classes\com\ragstudy\service\KnowledgeBaseService.class]: Unsatisfied dependency expressed through constructor parameter 5: Error creating bean with name 'bm25ServiceImpl': Invocation of init method failed
	at org.springframework.beans.factory.support.ConstructorResolver.createArgumentArray(ConstructorResolver.java:804)
	at org.springframework.beans.factory.support.ConstructorResolver.autowireConstructor(ConstructorResolver.java:240)
	at org.springframework.beans.factory.support.AbstractAutowireCapableBeanFactory.autowireConstructor(AbstractAutowireCapableBeanFactory.java:1381)
	at org.springframework.beans.factory.support.AbstractAutowireCapableBeanFactory.createBeanInstance(AbstractAutowireCapableBeanFactory.java:1218)
	at org.springframework.beans.factory.support.AbstractAutowireCapableBeanFactory.doCreateBean(AbstractAutowireCapableBeanFactory.java:563)
	at org.springframework.beans.factory.support.AbstractAutowireCapableBeanFactory.createBean(AbstractAutowireCapableBeanFactory.java:523)
	at org.springframework.beans.factory.support.AbstractBeanFactory.lambda$doGetBean$0(AbstractBeanFactory.java:339)
	at org.springframework.beans.factory.support.DefaultSingletonBeanRegistry.getSingleton(DefaultSingletonBeanRegistry.java:347)
	at org.springframework.beans.factory.support.AbstractBeanFactory.doGetBean(AbstractBeanFactory.java:337)
	at org.springframework.beans.factory.support.AbstractBeanFactory.getBean(AbstractBeanFactory.java:202)
	at org.springframework.beans.factory.support.DefaultListableBeanFactory.instantiateSingleton(DefaultListableBeanFactory.java:1155)
	at org.springframework.beans.factory.support.DefaultListableBeanFactory.preInstantiateSingleton(DefaultListableBeanFactory.java:1121)
	at org.springframework.beans.factory.support.DefaultListableBeanFactory.preInstantiateSingletons(DefaultListableBeanFactory.java:1056)
	at org.springframework.context.support.AbstractApplicationContext.finishBeanFactoryInitialization(AbstractApplicationContext.java:987)
	at org.springframework.context.support.AbstractApplicationContext.refresh(AbstractApplicationContext.java:627)
	at org.springframework.boot.web.servlet.context.ServletWebServerApplicationContext.refresh(ServletWebServerApplicationContext.java:146)
	at org.springframework.boot.SpringApplication.refresh(SpringApplication.java:752)
	at org.springframework.boot.SpringApplication.refreshContext(SpringApplication.java:439)
	at org.springframework.boot.SpringApplication.run(SpringApplication.java:318)
	at org.springframework.boot.SpringApplication.run(SpringApplication.java:1361)
	at org.springframework.boot.SpringApplication.run(SpringApplication.java:1350)
	at com.ragstudy.RagEngineApplication.main(RagEngineApplication.java:10)
Caused by: org.springframework.beans.factory.UnsatisfiedDependencyException: Error creating bean with name 'knowledgeBaseService' defined in file [D:\RAG-study\rag-engine\target\classes\com\ragstudy\service\KnowledgeBaseService.class]: Unsatisfied dependency expressed through constructor parameter 5: Error creating bean with name 'bm25ServiceImpl': Invocation of init method failed
	at org.springframework.beans.factory.support.ConstructorResolver.createArgumentArray(ConstructorResolver.java:804)
	at org.springframework.beans.factory.support.ConstructorResolver.autowireConstructor(ConstructorResolver.java:240)
	at org.springframework.beans.factory.support.AbstractAutowireCapableBeanFactory.autowireConstructor(AbstractAutowireCapableBeanFactory.java:1381)
	at org.springframework.beans.factory.support.AbstractAutowireCapableBeanFactory.createBeanInstance(AbstractAutowireCapableBeanFactory.java:1218)
	at org.springframework.beans.factory.support.AbstractAutowireCapableBeanFactory.doCreateBean(AbstractAutowireCapableBeanFactory.java:563)
	at org.springframework.beans.factory.support.AbstractAutowireCapableBeanFactory.createBean(AbstractAutowireCapableBeanFactory.java:523)
	at org.springframework.beans.factory.support.AbstractBeanFactory.lambda$doGetBean$0(AbstractBeanFactory.java:339)
	at org.springframework.beans.factory.support.DefaultSingletonBeanRegistry.getSingleton(DefaultSingletonBeanRegistry.java:347)
	at org.springframework.beans.factory.support.AbstractBeanFactory.doGetBean(AbstractBeanFactory.java:337)
	at org.springframework.beans.factory.support.AbstractBeanFactory.getBean(AbstractBeanFactory.java:202)
	at org.springframework.beans.factory.support.DefaultListableBeanFactory.doResolveDependency(DefaultListableBeanFactory.java:1609)
	at org.springframework.beans.factory.support.DefaultListableBeanFactory.resolveDependency(DefaultListableBeanFactory.java:1555)
	at org.springframework.beans.factory.support.ConstructorResolver.resolveAutowiredArgument(ConstructorResolver.java:913)
	at org.springframework.beans.factory.support.ConstructorResolver.createArgumentArray(ConstructorResolver.java:791)
	... 21 common frames omitted
Caused by: org.springframework.beans.factory.BeanCreationException: Error creating bean with name 'bm25ServiceImpl': Invocation of init method failed
	at org.springframework.beans.factory.annotation.InitDestroyAnnotationBeanPostProcessor.postProcessBeforeInitialization(InitDestroyAnnotationBeanPostProcessor.java:222)
	at org.springframework.beans.factory.support.AbstractAutowireCapableBeanFactory.applyBeanPostProcessorsBeforeInitialization(AbstractAutowireCapableBeanFactory.java:423)
	at org.springframework.beans.factory.support.AbstractAutowireCapableBeanFactory.initializeBean(AbstractAutowireCapableBeanFactory.java:1804)
	at org.springframework.beans.factory.support.AbstractAutowireCapableBeanFactory.doCreateBean(AbstractAutowireCapableBeanFactory.java:601)
	at org.springframework.beans.factory.support.AbstractAutowireCapableBeanFactory.createBean(AbstractAutowireCapableBeanFactory.java:523)
	at org.springframework.beans.factory.support.AbstractBeanFactory.lambda$doGetBean$0(AbstractBeanFactory.java:339)
	at org.springframework.beans.factory.support.DefaultSingletonBeanRegistry.getSingleton(DefaultSingletonBeanRegistry.java:347)
	at org.springframework.beans.factory.support.AbstractBeanFactory.doGetBean(AbstractBeanFactory.java:337)
	at org.springframework.beans.factory.support.AbstractBeanFactory.getBean(AbstractBeanFactory.java:202)
	at org.springframework.beans.factory.config.DependencyDescriptor.resolveCandidate(DependencyDescriptor.java:254)
	at org.springframework.beans.factory.support.DefaultListableBeanFactory.doResolveDependency(DefaultListableBeanFactory.java:1667)
	at org.springframework.beans.factory.support.DefaultListableBeanFactory.resolveDependency(DefaultListableBeanFactory.java:1555)
	at org.springframework.beans.factory.support.ConstructorResolver.resolveAutowiredArgument(ConstructorResolver.java:913)
	at org.springframework.beans.factory.support.ConstructorResolver.createArgumentArray(ConstructorResolver.java:791)
	... 34 common frames omitted
Caused by: java.lang.RuntimeException: BM25 索引初始化失败
	at com.ragstudy.service.Bm25ServiceImpl.init(Bm25ServiceImpl.java:59)
	at java.base/jdk.internal.reflect.DirectMethodHandleAccessor.invoke(DirectMethodHandleAccessor.java:104)
	at java.base/java.lang.reflect.Method.invoke(Method.java:565)
	at org.springframework.beans.factory.annotation.InitDestroyAnnotationBeanPostProcessor$LifecycleMethod.invoke(InitDestroyAnnotationBeanPostProcessor.java:457)
	at org.springframework.beans.factory.annotation.InitDestroyAnnotationBeanPostProcessor$LifecycleMetadata.invokeInitMethods(InitDestroyAnnotationBeanPostProcessor.java:401)
	at org.springframework.beans.factory.annotation.InitDestroyAnnotationBeanPostProcessor.postProcessBeforeInitialization(InitDestroyAnnotationBeanPostProcessor.java:219)
	... 47 common frames omitted
Caused by: org.apache.lucene.store.LockObtainFailedException: Lock held by another program: D:\RAG-study\rag-engine\data\bm25_index\write.lock
	at org.apache.lucene.store.NativeFSLockFactory.obtainFSLock(NativeFSLockFactory.java:117)
	at org.apache.lucene.store.FSLockFactory.obtainLock(FSLockFactory.java:43)
	at org.apache.lucene.store.BaseDirectory.obtainLock(BaseDirectory.java:44)
	at org.apache.lucene.index.IndexWriter.<init>(IndexWriter.java:956)
	at com.ragstudy.service.Bm25ServiceImpl.init(Bm25ServiceImpl.java:54)
	... 52 common frames omitted
2026-08-17 16:45:24.203 [SpringApplicationShutdownHook] INFO  o.s.b.w.e.tomcat.GracefulShutdown - Commencing graceful shutdown. Waiting for active requests to complete
2026-08-17 16:45:24.209 [tomcat-shutdown] INFO  o.s.b.w.e.tomcat.GracefulShutdown - Graceful shutdown complete
2026-08-17 16:45:24.217 [SpringApplicationShutdownHook] INFO  c.ragstudy.service.Bm25ServiceImpl - BM25 索引服务已关闭
2026-08-17 16:45:24.224 [SpringApplicationShutdownHook] INFO  c.r.service.VectorStoreServiceImpl - Qdrant 客户端已关闭
2026-08-17 16:45:24.235 [SpringApplicationShutdownHook] INFO  c.r.service.EmbeddingServiceImpl - Embedding 服务已关闭
2026-08-17 16:45:24.236 [SpringApplicationShutdownHook] INFO  com.zaxxer.hikari.HikariDataSource - HikariPool-1 - Shutdown initiated...
2026-08-17 16:45:24.241 [SpringApplicationShutdownHook] INFO  com.zaxxer.hikari.HikariDataSource - HikariPool-1 - Shutdown completed.
2026-08-17 16:45:30.364 [background-preinit] INFO  o.h.validator.internal.util.Version - HV000001: Hibernate Validator 8.0.2.Final
2026-08-17 16:45:30.403 [main] INFO  com.ragstudy.RagEngineApplication - Starting RagEngineApplication using Java 26.0.1 with PID 27756 (D:\RAG-study\rag-engine\target\classes started by Lenovo in D:\RAG-study\rag-engine)
2026-08-17 16:45:30.403 [main] DEBUG com.ragstudy.RagEngineApplication - Running with Spring Boot v3.4.4, Spring v6.2.5
2026-08-17 16:45:30.403 [main] INFO  com.ragstudy.RagEngineApplication - The following 1 profile is active: "dev"
2026-08-17 16:45:31.583 [main] INFO  o.s.b.w.e.tomcat.TomcatWebServer - Tomcat initialized with port 8002 (http)
2026-08-17 16:45:31.596 [main] INFO  o.a.coyote.http11.Http11NioProtocol - Initializing ProtocolHandler ["http-nio-8002"]
2026-08-17 16:45:31.597 [main] INFO  o.a.catalina.core.StandardService - Starting service [Tomcat]
2026-08-17 16:45:31.597 [main] INFO  o.a.catalina.core.StandardEngine - Starting Servlet engine: [Apache Tomcat/10.1.39]
2026-08-17 16:45:31.658 [main] INFO  o.a.c.c.C.[Tomcat].[localhost].[/] - Initializing Spring embedded WebApplicationContext
2026-08-17 16:45:31.658 [main] INFO  o.s.b.w.s.c.ServletWebServerApplicationContext - Root WebApplicationContext: initialization completed in 1216 ms
2026-08-17 16:45:31.895 [main] INFO  com.zaxxer.hikari.HikariDataSource - HikariPool-1 - Starting...
2026-08-17 16:45:32.193 [main] INFO  com.zaxxer.hikari.pool.HikariPool - HikariPool-1 - Added connection com.mysql.cj.jdbc.ConnectionImpl@52cb52bd
2026-08-17 16:45:32.195 [main] INFO  com.zaxxer.hikari.HikariDataSource - HikariPool-1 - Start completed.
2026-08-17 16:45:32.341 [main] INFO  c.r.service.EmbeddingServiceImpl - 初始化 Embedding 服务...
2026-08-17 16:45:32.342 [main] INFO  c.r.service.EmbeddingServiceImpl - 加载 ONNX 模型: D:\RAG-study\rag-engine\target\classes\models\onnx\model.onnx
2026-08-17 16:45:32.661 [main] INFO  c.r.service.EmbeddingServiceImpl - 加载分词器: D:\RAG-study\rag-engine\target\classes\models\tokenizer.json
2026-08-17 16:45:33.702 [main] INFO  ai.djl.util.Platform - Found matching platform from: jar:file:/D:/Server/apache-maven-3.6.3/MavenRepositories/ai/djl/huggingface/tokenizers/0.31.0/tokenizers-0.31.0.jar!/native/lib/tokenizers.properties
2026-08-17 16:45:33.722 [main] WARN  a.d.h.t.HuggingFaceTokenizer - maxLength is not explicitly specified, use modelMaxLength: 512
2026-08-17 16:45:33.723 [main] INFO  c.r.service.EmbeddingServiceImpl - Embedding 服务初始化完成 - 模型: D:\RAG-study\rag-engine\target\classes\models\onnx\model.onnx, 向量维度: 512
2026-08-17 16:45:33.726 [main] INFO  c.r.service.VectorStoreServiceImpl - 初始化向量数据库服务...
2026-08-17 16:45:34.091 [main] INFO  c.r.service.VectorStoreServiceImpl - Qdrant 连接成功: localhost:6334
2026-08-17 16:45:34.091 [main] INFO  c.r.service.VectorStoreServiceImpl - 向量数据库服务初始化完成
2026-08-17 16:45:34.100 [main] INFO  c.ragstudy.service.Bm25ServiceImpl - 初始化 BM25 索引服务...
2026-08-17 16:45:34.155 [main] WARN  o.a.l.i.v.VectorizationProvider - You are running with Java 23 or later. To make full use of the Vector API, please update Apache Lucene.
2026-08-17 16:45:34.249 [main] INFO  c.ragstudy.service.Bm25ServiceImpl - BM25 索引服务初始化完成, 索引路径: D:\RAG-study\rag-engine\.\data\bm25_index
2026-08-17 16:45:34.850 [main] INFO  o.s.b.a.e.web.EndpointLinksResolver - Exposing 1 endpoint beneath base path '/actuator'
2026-08-17 16:45:34.904 [main] INFO  o.a.coyote.http11.Http11NioProtocol - Starting ProtocolHandler ["http-nio-8002"]
2026-08-17 16:45:34.917 [main] INFO  o.s.b.w.e.tomcat.TomcatWebServer - Tomcat started on port 8002 (http) with context path '/'
2026-08-17 16:45:34.928 [main] INFO  com.ragstudy.RagEngineApplication - Started RagEngineApplication in 5.137 seconds (process running for 5.641)
2026-08-17 16:45:57.841 [SpringApplicationShutdownHook] INFO  o.s.b.w.e.tomcat.GracefulShutdown - Commencing graceful shutdown. Waiting for active requests to complete
2026-08-17 16:45:57.846 [tomcat-shutdown] INFO  o.s.b.w.e.tomcat.GracefulShutdown - Graceful shutdown complete
2026-08-17 16:45:57.853 [SpringApplicationShutdownHook] INFO  c.ragstudy.service.Bm25ServiceImpl - BM25 索引服务已关闭
2026-08-17 16:45:57.858 [SpringApplicationShutdownHook] INFO  c.r.service.VectorStoreServiceImpl - Qdrant 客户端已关闭
2026-08-17 16:45:57.864 [SpringApplicationShutdownHook] INFO  c.r.service.EmbeddingServiceImpl - Embedding 服务已关闭
2026-08-17 16:45:57.864 [SpringApplicationShutdownHook] INFO  com.zaxxer.hikari.HikariDataSource - HikariPool-1 - Shutdown initiated...
2026-08-17 16:45:57.870 [SpringApplicationShutdownHook] INFO  com.zaxxer.hikari.HikariDataSource - HikariPool-1 - Shutdown completed.
2026-08-17 16:45:59.915 [background-preinit] INFO  o.h.validator.internal.util.Version - HV000001: Hibernate Validator 8.0.2.Final
2026-08-17 16:45:59.949 [main] INFO  com.ragstudy.RagEngineApplication - Starting RagEngineApplication using Java 26.0.1 with PID 17616 (D:\RAG-study\rag-engine\target\classes started by Lenovo in D:\RAG-study\rag-engine)
2026-08-17 16:45:59.949 [main] DEBUG com.ragstudy.RagEngineApplication - Running with Spring Boot v3.4.4, Spring v6.2.5
2026-08-17 16:45:59.950 [main] INFO  com.ragstudy.RagEngineApplication - The following 1 profile is active: "dev"
2026-08-17 16:46:00.967 [main] INFO  o.s.b.w.e.tomcat.TomcatWebServer - Tomcat initialized with port 8002 (http)
2026-08-17 16:46:00.977 [main] INFO  o.a.coyote.http11.Http11NioProtocol - Initializing ProtocolHandler ["http-nio-8002"]
2026-08-17 16:46:00.978 [main] INFO  o.a.catalina.core.StandardService - Starting service [Tomcat]
2026-08-17 16:46:00.978 [main] INFO  o.a.catalina.core.StandardEngine - Starting Servlet engine: [Apache Tomcat/10.1.39]
2026-08-17 16:46:01.041 [main] INFO  o.a.c.c.C.[Tomcat].[localhost].[/] - Initializing Spring embedded WebApplicationContext
2026-08-17 16:46:01.041 [main] INFO  o.s.b.w.s.c.ServletWebServerApplicationContext - Root WebApplicationContext: initialization completed in 1056 ms
2026-08-17 16:46:01.255 [main] INFO  com.zaxxer.hikari.HikariDataSource - HikariPool-1 - Starting...
2026-08-17 16:46:01.537 [main] INFO  com.zaxxer.hikari.pool.HikariPool - HikariPool-1 - Added connection com.mysql.cj.jdbc.ConnectionImpl@4be12f6c
2026-08-17 16:46:01.538 [main] INFO  com.zaxxer.hikari.HikariDataSource - HikariPool-1 - Start completed.
2026-08-17 16:46:01.676 [main] INFO  c.r.service.EmbeddingServiceImpl - 初始化 Embedding 服务...
2026-08-17 16:46:01.676 [main] INFO  c.r.service.EmbeddingServiceImpl - 加载 ONNX 模型: D:\RAG-study\rag-engine\target\classes\models\onnx\model.onnx
2026-08-17 16:46:01.936 [main] INFO  c.r.service.EmbeddingServiceImpl - 加载分词器: D:\RAG-study\rag-engine\target\classes\models\tokenizer.json
2026-08-17 16:46:02.516 [main] INFO  ai.djl.util.Platform - Found matching platform from: jar:file:/D:/Server/apache-maven-3.6.3/MavenRepositories/ai/djl/huggingface/tokenizers/0.31.0/tokenizers-0.31.0.jar!/native/lib/tokenizers.properties
2026-08-17 16:46:02.536 [main] WARN  a.d.h.t.HuggingFaceTokenizer - maxLength is not explicitly specified, use modelMaxLength: 512
2026-08-17 16:46:02.536 [main] INFO  c.r.service.EmbeddingServiceImpl - Embedding 服务初始化完成 - 模型: D:\RAG-study\rag-engine\target\classes\models\onnx\model.onnx, 向量维度: 512
2026-08-17 16:46:02.540 [main] INFO  c.r.service.VectorStoreServiceImpl - 初始化向量数据库服务...
2026-08-17 16:46:02.912 [main] INFO  c.r.service.VectorStoreServiceImpl - Qdrant 连接成功: localhost:6334
2026-08-17 16:46:02.912 [main] INFO  c.r.service.VectorStoreServiceImpl - 向量数据库服务初始化完成
2026-08-17 16:46:02.924 [main] INFO  c.ragstudy.service.Bm25ServiceImpl - 初始化 BM25 索引服务...
2026-08-17 16:46:02.987 [main] WARN  o.a.l.i.v.VectorizationProvider - You are running with Java 23 or later. To make full use of the Vector API, please update Apache Lucene.
2026-08-17 16:46:03.088 [main] INFO  c.ragstudy.service.Bm25ServiceImpl - BM25 索引服务初始化完成, 索引路径: D:\RAG-study\rag-engine\.\data\bm25_index
2026-08-17 16:46:03.580 [main] INFO  o.s.b.a.e.web.EndpointLinksResolver - Exposing 1 endpoint beneath base path '/actuator'
2026-08-17 16:46:03.623 [main] INFO  o.a.coyote.http11.Http11NioProtocol - Starting ProtocolHandler ["http-nio-8002"]
2026-08-17 16:46:03.633 [main] INFO  o.s.b.w.e.tomcat.TomcatWebServer - Tomcat started on port 8002 (http) with context path '/'
2026-08-17 16:46:03.642 [main] INFO  com.ragstudy.RagEngineApplication - Started RagEngineApplication in 4.191 seconds (process running for 4.855)
2026-08-17 16:48:46.697 [SpringApplicationShutdownHook] INFO  o.s.b.w.e.tomcat.GracefulShutdown - Commencing graceful shutdown. Waiting for active requests to complete
2026-08-17 16:48:46.702 [tomcat-shutdown] INFO  o.s.b.w.e.tomcat.GracefulShutdown - Graceful shutdown complete
2026-08-17 16:48:46.708 [SpringApplicationShutdownHook] INFO  c.ragstudy.service.Bm25ServiceImpl - BM25 索引服务已关闭
2026-08-17 16:48:46.714 [SpringApplicationShutdownHook] INFO  c.r.service.VectorStoreServiceImpl - Qdrant 客户端已关闭
2026-08-17 16:48:46.719 [SpringApplicationShutdownHook] INFO  c.r.service.EmbeddingServiceImpl - Embedding 服务已关闭
2026-08-17 16:48:46.719 [SpringApplicationShutdownHook] INFO  com.zaxxer.hikari.HikariDataSource - HikariPool-1 - Shutdown initiated...
2026-08-17 16:48:46.725 [SpringApplicationShutdownHook] INFO  com.zaxxer.hikari.HikariDataSource - HikariPool-1 - Shutdown completed.
2026-08-17 16:48:49.980 [background-preinit] INFO  o.h.validator.internal.util.Version - HV000001: Hibernate Validator 8.0.2.Final
2026-08-17 16:48:50.024 [main] INFO  com.ragstudy.RagEngineApplication - Starting RagEngineApplication using Java 26.0.1 with PID 26412 (D:\RAG-study\rag-engine\target\classes started by Lenovo in D:\RAG-study\rag-engine)
2026-08-17 16:48:50.025 [main] DEBUG com.ragstudy.RagEngineApplication - Running with Spring Boot v3.4.4, Spring v6.2.5
2026-08-17 16:48:50.025 [main] INFO  com.ragstudy.RagEngineApplication - The following 1 profile is active: "dev"
2026-08-17 16:48:51.029 [main] INFO  o.s.b.w.e.tomcat.TomcatWebServer - Tomcat initialized with port 8002 (http)
2026-08-17 16:48:51.039 [main] INFO  o.a.coyote.http11.Http11NioProtocol - Initializing ProtocolHandler ["http-nio-8002"]
2026-08-17 16:48:51.040 [main] INFO  o.a.catalina.core.StandardService - Starting service [Tomcat]
2026-08-17 16:48:51.040 [main] INFO  o.a.catalina.core.StandardEngine - Starting Servlet engine: [Apache Tomcat/10.1.39]
2026-08-17 16:48:51.088 [main] INFO  o.a.c.c.C.[Tomcat].[localhost].[/] - Initializing Spring embedded WebApplicationContext
2026-08-17 16:48:51.088 [main] INFO  o.s.b.w.s.c.ServletWebServerApplicationContext - Root WebApplicationContext: initialization completed in 1027 ms
2026-08-17 16:48:51.308 [main] INFO  com.zaxxer.hikari.HikariDataSource - HikariPool-1 - Starting...
2026-08-17 16:48:51.581 [main] INFO  com.zaxxer.hikari.pool.HikariPool - HikariPool-1 - Added connection com.mysql.cj.jdbc.ConnectionImpl@3dfe59d7
2026-08-17 16:48:51.582 [main] INFO  com.zaxxer.hikari.HikariDataSource - HikariPool-1 - Start completed.
2026-08-17 16:48:51.729 [main] INFO  c.r.service.EmbeddingServiceImpl - 初始化 Embedding 服务...
2026-08-17 16:48:51.730 [main] INFO  c.r.service.EmbeddingServiceImpl - 加载 ONNX 模型: D:\RAG-study\rag-engine\target\classes\models\onnx\model.onnx
2026-08-17 16:48:51.995 [main] INFO  c.r.service.EmbeddingServiceImpl - 加载分词器: D:\RAG-study\rag-engine\target\classes\models\tokenizer.json
2026-08-17 16:48:52.557 [main] INFO  ai.djl.util.Platform - Found matching platform from: jar:file:/D:/Server/apache-maven-3.6.3/MavenRepositories/ai/djl/huggingface/tokenizers/0.31.0/tokenizers-0.31.0.jar!/native/lib/tokenizers.properties
2026-08-17 16:48:52.576 [main] WARN  a.d.h.t.HuggingFaceTokenizer - maxLength is not explicitly specified, use modelMaxLength: 512
2026-08-17 16:48:52.577 [main] INFO  c.r.service.EmbeddingServiceImpl - Embedding 服务初始化完成 - 模型: D:\RAG-study\rag-engine\target\classes\models\onnx\model.onnx, 向量维度: 512
2026-08-17 16:48:52.580 [main] INFO  c.r.service.VectorStoreServiceImpl - 初始化向量数据库服务...
2026-08-17 16:48:52.925 [main] INFO  c.r.service.VectorStoreServiceImpl - Qdrant 连接成功: localhost:6334
2026-08-17 16:48:52.925 [main] INFO  c.r.service.VectorStoreServiceImpl - 向量数据库服务初始化完成
2026-08-17 16:48:52.934 [main] INFO  c.ragstudy.service.Bm25ServiceImpl - 初始化 BM25 索引服务...
2026-08-17 16:48:52.982 [main] WARN  o.a.l.i.v.VectorizationProvider - You are running with Java 23 or later. To make full use of the Vector API, please update Apache Lucene.
2026-08-17 16:48:53.059 [main] INFO  c.ragstudy.service.Bm25ServiceImpl - BM25 索引服务初始化完成, 索引路径: D:\RAG-study\rag-engine\.\data\bm25_index
2026-08-17 16:48:53.521 [main] INFO  o.s.b.a.e.web.EndpointLinksResolver - Exposing 1 endpoint beneath base path '/actuator'
2026-08-17 16:48:53.560 [main] INFO  o.a.coyote.http11.Http11NioProtocol - Starting ProtocolHandler ["http-nio-8002"]
2026-08-17 16:48:53.570 [main] INFO  o.s.b.w.e.tomcat.TomcatWebServer - Tomcat started on port 8002 (http) with context path '/'
2026-08-17 16:48:53.578 [main] INFO  com.ragstudy.RagEngineApplication - Started RagEngineApplication in 4.051 seconds (process running for 4.49)
2026-08-17 17:43:14.894 [http-nio-8002-exec-1] INFO  o.a.c.c.C.[Tomcat].[localhost].[/] - Initializing Spring DispatcherServlet 'dispatcherServlet'
2026-08-17 17:43:14.896 [http-nio-8002-exec-1] INFO  o.s.web.servlet.DispatcherServlet - Initializing Servlet 'dispatcherServlet'
2026-08-17 17:43:14.899 [http-nio-8002-exec-1] INFO  o.s.web.servlet.DispatcherServlet - Completed initialization in 2 ms
2026-08-17 17:43:14.991 [http-nio-8002-exec-1] DEBUG c.r.r.K.selectCount - ==>  Preparing: SELECT COUNT( * ) AS total FROM knowledge_document WHERE deleted=0
2026-08-17 17:43:15.025 [http-nio-8002-exec-1] DEBUG c.r.r.K.selectCount - ==> Parameters: 
2026-08-17 17:43:15.063 [http-nio-8002-exec-1] DEBUG c.r.r.K.selectCount - <==      Total: 1
2026-08-17 17:43:15.065 [http-nio-8002-exec-1] DEBUG c.r.r.K.selectCount - ==>  Preparing: SELECT COUNT( * ) AS total FROM knowledge_chunk WHERE deleted=0
2026-08-17 17:43:15.065 [http-nio-8002-exec-1] DEBUG c.r.r.K.selectCount - ==> Parameters: 
2026-08-17 17:43:15.067 [http-nio-8002-exec-1] DEBUG c.r.r.K.selectCount - <==      Total: 1
2026-08-17 17:43:15.068 [http-nio-8002-exec-1] DEBUG c.r.r.K.selectList - ==>  Preparing: SELECT id,file_name,file_type,file_size,department,category,total_chunks,total_parent_chunks,status,summary,create_time,update_time,deleted FROM knowledge_document WHERE deleted=0
2026-08-17 17:43:15.068 [http-nio-8002-exec-1] DEBUG c.r.r.K.selectList - ==> Parameters: 
2026-08-17 17:43:15.076 [http-nio-8002-exec-1] DEBUG c.r.r.K.selectList - <==      Total: 1
2026-08-17 17:43:15.393 [http-nio-8002-exec-3] DEBUG c.r.r.K.selectList - ==>  Preparing: SELECT id,file_name,file_type,file_size,department,category,total_chunks,total_parent_chunks,status,summary,create_time,update_time,deleted FROM knowledge_document WHERE deleted=0 ORDER BY create_time DESC
2026-08-17 17:43:15.394 [http-nio-8002-exec-3] DEBUG c.r.r.K.selectList - ==> Parameters: 
2026-08-17 17:43:15.395 [http-nio-8002-exec-3] DEBUG c.r.r.K.selectList - <==      Total: 1
2026-08-17 17:43:27.401 [http-nio-8002-exec-5] INFO  c.r.controller.SearchController - 收到检索请求: query=test, topK=5, hybrid=true
2026-08-17 17:43:27.402 [http-nio-8002-exec-5] INFO  c.r.service.KnowledgeSearchService - 开始检索: query=test, topK=5, hybrid=true
2026-08-17 17:43:27.653 [http-nio-8002-exec-5] DEBUG c.r.service.VectorStoreServiceImpl - 向量检索完成: collection=rag_knowledge, hits=6
2026-08-17 17:43:27.904 [http-nio-8002-exec-5] INFO  c.r.service.KnowledgeSearchService - 检索完成: hits=4, latency=0.502s
2026-08-17 17:43:37.886 [http-nio-8002-exec-7] DEBUG c.r.r.K.selectCount - ==>  Preparing: SELECT COUNT( * ) AS total FROM knowledge_document WHERE deleted=0
2026-08-17 17:43:37.888 [http-nio-8002-exec-7] DEBUG c.r.r.K.selectCount - ==> Parameters: 
2026-08-17 17:43:37.890 [http-nio-8002-exec-7] DEBUG c.r.r.K.selectCount - <==      Total: 1
2026-08-17 17:43:37.890 [http-nio-8002-exec-7] DEBUG c.r.r.K.selectCount - ==>  Preparing: SELECT COUNT( * ) AS total FROM knowledge_chunk WHERE deleted=0
2026-08-17 17:43:37.890 [http-nio-8002-exec-7] DEBUG c.r.r.K.selectCount - ==> Parameters: 
2026-08-17 17:43:37.893 [http-nio-8002-exec-7] DEBUG c.r.r.K.selectCount - <==      Total: 1
2026-08-17 17:43:37.893 [http-nio-8002-exec-7] DEBUG c.r.r.K.selectList - ==>  Preparing: SELECT id,file_name,file_type,file_size,department,category,total_chunks,total_parent_chunks,status,summary,create_time,update_time,deleted FROM knowledge_document WHERE deleted=0
2026-08-17 17:43:37.893 [http-nio-8002-exec-7] DEBUG c.r.r.K.selectList - ==> Parameters: 
2026-08-17 17:43:37.894 [http-nio-8002-exec-7] DEBUG c.r.r.K.selectList - <==      Total: 1
2026-08-17 17:43:38.085 [http-nio-8002-exec-9] DEBUG c.r.r.K.selectList - ==>  Preparing: SELECT id,file_name,file_type,file_size,department,category,total_chunks,total_parent_chunks,status,summary,create_time,update_time,deleted FROM knowledge_document WHERE deleted=0 ORDER BY create_time DESC
2026-08-17 17:43:38.085 [http-nio-8002-exec-9] DEBUG c.r.r.K.selectList - ==> Parameters: 
2026-08-17 17:43:38.087 [http-nio-8002-exec-9] DEBUG c.r.r.K.selectList - <==      Total: 1
2026-08-17 17:43:40.553 [http-nio-8002-exec-1] ERROR c.r.common.GlobalExceptionHandler - 系统异常
org.springframework.web.servlet.resource.NoResourceFoundException: No static resource api/internal/knowledge/chunks/5.
	at org.springframework.web.servlet.resource.ResourceHttpRequestHandler.handleRequest(ResourceHttpRequestHandler.java:585)
	at org.springframework.web.servlet.mvc.HttpRequestHandlerAdapter.handle(HttpRequestHandlerAdapter.java:52)
	at org.springframework.web.servlet.DispatcherServlet.doDispatch(DispatcherServlet.java:1089)
	at org.springframework.web.servlet.DispatcherServlet.doService(DispatcherServlet.java:979)
	at org.springframework.web.servlet.FrameworkServlet.processRequest(FrameworkServlet.java:1014)
	at org.springframework.web.servlet.FrameworkServlet.doGet(FrameworkServlet.java:903)
	at jakarta.servlet.http.HttpServlet.service(HttpServlet.java:564)
	at org.springframework.web.servlet.FrameworkServlet.service(FrameworkServlet.java:885)
	at jakarta.servlet.http.HttpServlet.service(HttpServlet.java:658)
	at org.apache.catalina.core.ApplicationFilterChain.internalDoFilter(ApplicationFilterChain.java:195)
	at org.apache.catalina.core.ApplicationFilterChain.doFilter(ApplicationFilterChain.java:140)
	at org.apache.tomcat.websocket.server.WsFilter.doFilter(WsFilter.java:51)
	at org.apache.catalina.core.ApplicationFilterChain.internalDoFilter(ApplicationFilterChain.java:164)
	at org.apache.catalina.core.ApplicationFilterChain.doFilter(ApplicationFilterChain.java:140)
	at org.springframework.web.filter.RequestContextFilter.doFilterInternal(RequestContextFilter.java:100)
	at org.springframework.web.filter.OncePerRequestFilter.doFilter(OncePerRequestFilter.java:116)
	at org.apache.catalina.core.ApplicationFilterChain.internalDoFilter(ApplicationFilterChain.java:164)
	at org.apache.catalina.core.ApplicationFilterChain.doFilter(ApplicationFilterChain.java:140)
	at org.springframework.web.filter.FormContentFilter.doFilterInternal(FormContentFilter.java:93)
	at org.springframework.web.filter.OncePerRequestFilter.doFilter(OncePerRequestFilter.java:116)
	at org.apache.catalina.core.ApplicationFilterChain.internalDoFilter(ApplicationFilterChain.java:164)
	at org.apache.catalina.core.ApplicationFilterChain.doFilter(ApplicationFilterChain.java:140)
	at org.springframework.web.filter.ServerHttpObservationFilter.doFilterInternal(ServerHttpObservationFilter.java:114)
	at org.springframework.web.filter.OncePerRequestFilter.doFilter(OncePerRequestFilter.java:116)
	at org.apache.catalina.core.ApplicationFilterChain.internalDoFilter(ApplicationFilterChain.java:164)
	at org.apache.catalina.core.ApplicationFilterChain.doFilter(ApplicationFilterChain.java:140)
	at org.springframework.web.filter.CharacterEncodingFilter.doFilterInternal(CharacterEncodingFilter.java:201)
	at org.springframework.web.filter.OncePerRequestFilter.doFilter(OncePerRequestFilter.java:116)
	at org.apache.catalina.core.ApplicationFilterChain.internalDoFilter(ApplicationFilterChain.java:164)
	at org.apache.catalina.core.ApplicationFilterChain.doFilter(ApplicationFilterChain.java:140)
	at org.apache.catalina.core.StandardWrapperValve.invoke(StandardWrapperValve.java:167)
	at org.apache.catalina.core.StandardContextValve.invoke(StandardContextValve.java:90)
	at org.apache.catalina.authenticator.AuthenticatorBase.invoke(AuthenticatorBase.java:483)
	at org.apache.catalina.core.StandardHostValve.invoke(StandardHostValve.java:115)
	at org.apache.catalina.valves.ErrorReportValve.invoke(ErrorReportValve.java:93)
	at org.apache.catalina.core.StandardEngineValve.invoke(StandardEngineValve.java:74)
	at org.apache.catalina.connector.CoyoteAdapter.service(CoyoteAdapter.java:344)
	at org.apache.coyote.http11.Http11Processor.service(Http11Processor.java:397)
	at org.apache.coyote.AbstractProcessorLight.process(AbstractProcessorLight.java:63)
	at org.apache.coyote.AbstractProtocol$ConnectionHandler.process(AbstractProtocol.java:905)
	at org.apache.tomcat.util.net.NioEndpoint$SocketProcessor.doRun(NioEndpoint.java:1743)
	at org.apache.tomcat.util.net.SocketProcessorBase.run(SocketProcessorBase.java:52)
	at org.apache.tomcat.util.threads.ThreadPoolExecutor.runWorker(ThreadPoolExecutor.java:1190)
	at org.apache.tomcat.util.threads.ThreadPoolExecutor$Worker.run(ThreadPoolExecutor.java:659)
	at org.apache.tomcat.util.threads.TaskThread$WrappingRunnable.run(TaskThread.java:63)
	at java.base/java.lang.Thread.run(Thread.java:1516)
2026-08-17 17:43:44.900 [http-nio-8002-exec-6] ERROR c.r.common.GlobalExceptionHandler - 系统异常
org.springframework.web.servlet.resource.NoResourceFoundException: No static resource api/internal/knowledge/chunks/5.
	at org.springframework.web.servlet.resource.ResourceHttpRequestHandler.handleRequest(ResourceHttpRequestHandler.java:585)
	at org.springframework.web.servlet.mvc.HttpRequestHandlerAdapter.handle(HttpRequestHandlerAdapter.java:52)
	at org.springframework.web.servlet.DispatcherServlet.doDispatch(DispatcherServlet.java:1089)
	at org.springframework.web.servlet.DispatcherServlet.doService(DispatcherServlet.java:979)
	at org.springframework.web.servlet.FrameworkServlet.processRequest(FrameworkServlet.java:1014)
	at org.springframework.web.servlet.FrameworkServlet.doGet(FrameworkServlet.java:903)
	at jakarta.servlet.http.HttpServlet.service(HttpServlet.java:564)
	at org.springframework.web.servlet.FrameworkServlet.service(FrameworkServlet.java:885)
	at jakarta.servlet.http.HttpServlet.service(HttpServlet.java:658)
	at org.apache.catalina.core.ApplicationFilterChain.internalDoFilter(ApplicationFilterChain.java:195)
	at org.apache.catalina.core.ApplicationFilterChain.doFilter(ApplicationFilterChain.java:140)
	at org.apache.tomcat.websocket.server.WsFilter.doFilter(WsFilter.java:51)
	at org.apache.catalina.core.ApplicationFilterChain.internalDoFilter(ApplicationFilterChain.java:164)
	at org.apache.catalina.core.ApplicationFilterChain.doFilter(ApplicationFilterChain.java:140)
	at org.springframework.web.filter.RequestContextFilter.doFilterInternal(RequestContextFilter.java:100)
	at org.springframework.web.filter.OncePerRequestFilter.doFilter(OncePerRequestFilter.java:116)
	at org.apache.catalina.core.ApplicationFilterChain.internalDoFilter(ApplicationFilterChain.java:164)
	at org.apache.catalina.core.ApplicationFilterChain.doFilter(ApplicationFilterChain.java:140)
	at org.springframework.web.filter.FormContentFilter.doFilterInternal(FormContentFilter.java:93)
	at org.springframework.web.filter.OncePerRequestFilter.doFilter(OncePerRequestFilter.java:116)
	at org.apache.catalina.core.ApplicationFilterChain.internalDoFilter(ApplicationFilterChain.java:164)
	at org.apache.catalina.core.ApplicationFilterChain.doFilter(ApplicationFilterChain.java:140)
	at org.springframework.web.filter.ServerHttpObservationFilter.doFilterInternal(ServerHttpObservationFilter.java:114)
	at org.springframework.web.filter.OncePerRequestFilter.doFilter(OncePerRequestFilter.java:116)
	at org.apache.catalina.core.ApplicationFilterChain.internalDoFilter(ApplicationFilterChain.java:164)
	at org.apache.catalina.core.ApplicationFilterChain.doFilter(ApplicationFilterChain.java:140)
	at org.springframework.web.filter.CharacterEncodingFilter.doFilterInternal(CharacterEncodingFilter.java:201)
	at org.springframework.web.filter.OncePerRequestFilter.doFilter(OncePerRequestFilter.java:116)
	at org.apache.catalina.core.ApplicationFilterChain.internalDoFilter(ApplicationFilterChain.java:164)
	at org.apache.catalina.core.ApplicationFilterChain.doFilter(ApplicationFilterChain.java:140)
	at org.apache.catalina.core.StandardWrapperValve.invoke(StandardWrapperValve.java:167)
	at org.apache.catalina.core.StandardContextValve.invoke(StandardContextValve.java:90)
	at org.apache.catalina.authenticator.AuthenticatorBase.invoke(AuthenticatorBase.java:483)
	at org.apache.catalina.core.StandardHostValve.invoke(StandardHostValve.java:115)
	at org.apache.catalina.valves.ErrorReportValve.invoke(ErrorReportValve.java:93)
	at org.apache.catalina.core.StandardEngineValve.invoke(StandardEngineValve.java:74)
	at org.apache.catalina.connector.CoyoteAdapter.service(CoyoteAdapter.java:344)
	at org.apache.coyote.http11.Http11Processor.service(Http11Processor.java:397)
	at org.apache.coyote.AbstractProcessorLight.process(AbstractProcessorLight.java:63)
	at org.apache.coyote.AbstractProtocol$ConnectionHandler.process(AbstractProtocol.java:905)
	at org.apache.tomcat.util.net.NioEndpoint$SocketProcessor.doRun(NioEndpoint.java:1743)
	at org.apache.tomcat.util.net.SocketProcessorBase.run(SocketProcessorBase.java:52)
	at org.apache.tomcat.util.threads.ThreadPoolExecutor.runWorker(ThreadPoolExecutor.java:1190)
	at org.apache.tomcat.util.threads.ThreadPoolExecutor$Worker.run(ThreadPoolExecutor.java:659)
	at org.apache.tomcat.util.threads.TaskThread$WrappingRunnable.run(TaskThread.java:63)
	at java.base/java.lang.Thread.run(Thread.java:1516)
2026-08-17 17:45:06.629 [http-nio-8002-exec-3] DEBUG c.r.r.K.selectCount - ==>  Preparing: SELECT COUNT( * ) AS total FROM knowledge_document WHERE deleted=0
2026-08-17 17:45:06.630 [http-nio-8002-exec-3] DEBUG c.r.r.K.selectCount - ==> Parameters: 
2026-08-17 17:45:06.630 [http-nio-8002-exec-3] DEBUG c.r.r.K.selectCount - <==      Total: 1
2026-08-17 17:45:06.632 [http-nio-8002-exec-3] DEBUG c.r.r.K.selectCount - ==>  Preparing: SELECT COUNT( * ) AS total FROM knowledge_chunk WHERE deleted=0
2026-08-17 17:45:06.632 [http-nio-8002-exec-3] DEBUG c.r.r.K.selectCount - ==> Parameters: 
2026-08-17 17:45:06.632 [http-nio-8002-exec-3] DEBUG c.r.r.K.selectCount - <==      Total: 1
2026-08-17 17:45:06.633 [http-nio-8002-exec-3] DEBUG c.r.r.K.selectList - ==>  Preparing: SELECT id,file_name,file_type,file_size,department,category,total_chunks,total_parent_chunks,status,summary,create_time,update_time,deleted FROM knowledge_document WHERE deleted=0
2026-08-17 17:45:06.633 [http-nio-8002-exec-3] DEBUG c.r.r.K.selectList - ==> Parameters: 
2026-08-17 17:45:06.634 [http-nio-8002-exec-3] DEBUG c.r.r.K.selectList - <==      Total: 1
2026-08-17 17:45:06.832 [http-nio-8002-exec-5] DEBUG c.r.r.K.selectList - ==>  Preparing: SELECT id,file_name,file_type,file_size,department,category,total_chunks,total_parent_chunks,status,summary,create_time,update_time,deleted FROM knowledge_document WHERE deleted=0 ORDER BY create_time DESC
2026-08-17 17:45:06.832 [http-nio-8002-exec-5] DEBUG c.r.r.K.selectList - ==> Parameters: 
2026-08-17 17:45:06.834 [http-nio-8002-exec-5] DEBUG c.r.r.K.selectList - <==      Total: 1
2026-08-17 17:47:54.593 [http-nio-8002-exec-7] WARN  o.apache.catalina.connector.Request - Creating the temporary upload location [C:\Users\Lenovo\AppData\Local\Temp\tomcat.8002.5126692959195564190\work\Tomcat\localhost\ROOT] as it is required by the servlet [dispatcherServlet]
2026-08-17 17:47:54.653 [http-nio-8002-exec-7] INFO  c.r.controller.KnowledgeController - 收到文档上传请求: fileName=15b6832b007c_IT设备与办公故障排查手册.md, department=企业制度, category=管理规范
2026-08-17 17:47:54.667 [http-nio-8002-exec-7] INFO  c.r.service.KnowledgeBaseService - 开始上传文档: 15b6832b007c_IT设备与办公故障排查手册.md, department=企业制度, category=管理规范
2026-08-17 17:47:55.897 [http-nio-8002-exec-7] DEBUG c.r.r.KnowledgeDocumentMapper.insert - ==>  Preparing: INSERT INTO knowledge_document ( file_name, file_type, file_size, department, category, status, create_time, update_time ) VALUES ( ?, ?, ?, ?, ?, ?, ?, ? )
2026-08-17 17:47:55.905 [http-nio-8002-exec-7] DEBUG c.r.r.KnowledgeDocumentMapper.insert - ==> Parameters: 15b6832b007c_IT设备与办公故障排查手册.md(String), md(String), 1758(Long), 企业制度(String), 管理规范(String), processing(String), 2026-08-17T17:47:55.895200500(LocalDateTime), 2026-08-17T17:47:55.897236300(LocalDateTime)
2026-08-17 17:47:55.913 [http-nio-8002-exec-7] DEBUG c.r.r.KnowledgeDocumentMapper.insert - <==    Updates: 1
2026-08-17 17:47:55.919 [http-nio-8002-exec-7] INFO  c.r.service.KnowledgeBaseService - 文档记录已创建: id=8
2026-08-17 17:47:55.920 [http-nio-8002-exec-7] INFO  c.ragstudy.service.DocumentChunker - 开始文档分块: docId=doc_8, childSize=300, parentSize=1000, overlap=50
2026-08-17 17:47:55.922 [http-nio-8002-exec-7] INFO  c.ragstudy.service.DocumentChunker - 文档分块完成: docId=doc_8, childChunks=4, parentChunks=1
2026-08-17 17:47:56.321 [http-nio-8002-exec-7] DEBUG c.r.r.KnowledgeChunkMapper.insert - ==>  Preparing: INSERT INTO knowledge_chunk ( document_id, chunk_id, chunk_index, content, content_length, parent_chunk_id, parent_chunk_index, create_time ) VALUES ( ?, ?, ?, ?, ?, ?, ?, ? )
2026-08-17 17:47:56.325 [http-nio-8002-exec-7] DEBUG c.r.r.KnowledgeChunkMapper.insert - ==> Parameters: 8(Long), doc_8_child_0(String), 0(Integer), IT设备与办公故障排查手册 1. 企业微信登录异常：出现登录失败、闪退、无法接收消息，优先检查VPN内网连通状态，校准电脑系统时间至北京时间，更新企业微信至最新版本，重启客户端即可修复。 2. OA系统访问故障：页面打不开、加载空白、提交按钮无响应，需清理浏览器缓存，统一使用Chrome浏览器访问，关闭本地代理/VPN外网代理，仍异常可联系IT加入公司IP白名单。 3. 开发服务器连接失败：SSH无法连接服务器、端口不通，排查步骤：确认公司VPN已正常连接、检查服务器SSH22端口未被防火墙拦截、清空本地SSH缓存与密钥、关闭本机网络代理。(String), 273(Integer), doc_8_parent_0(String), 0(Integer), 2026-08-17T17:47:56.320529600(LocalDateTime)
2026-08-17 17:47:56.327 [http-nio-8002-exec-7] DEBUG c.r.r.KnowledgeChunkMapper.insert - <==    Updates: 1
2026-08-17 17:47:56.333 [http-nio-8002-exec-7] DEBUG c.r.r.KnowledgeChunkMapper.insert - ==>  Preparing: INSERT INTO knowledge_chunk ( document_id, chunk_id, chunk_index, content, content_length, parent_chunk_id, parent_chunk_index, create_time ) VALUES ( ?, ?, ?, ?, ?, ?, ?, ? )
2026-08-17 17:47:56.336 [http-nio-8002-exec-7] DEBUG c.r.r.KnowledgeChunkMapper.insert - ==> Parameters: 8(Long), doc_8_child_1(String), 1(Integer), PN已正常连接、检查服务器SSH22端口未被防火墙拦截、清空本地SSH缓存与密钥、关闭本机网络代理。 4. Git代码仓库异常：拉取/推送代码失败、权限报错，排查方式：核对个人账户仓库权限、检查本地SSH密钥是否过期失效、确认当前操作分支权限配置、重启Git客户端。 5. 内外网网络故障：电脑能连WiFi但内网不通、无法访问公司业务系统，解决方式：重启电脑网卡、关闭第三方防火墙/杀毒软件、重置本地DNS为公司内网DNS地址。 6. 打印机故障：无法连接、打印任务卡顿、打印空白，排查步骤：确认打印机与电脑处于同一内网、检查打印机IP连通性、重启电脑打印服务、重新绑定打印机设备。(String), 291(Integer), doc_8_parent_0(String), 0(Integer), 2026-08-17T17:47:56.332194900(LocalDateTime)
2026-08-17 17:47:56.340 [http-nio-8002-exec-7] DEBUG c.r.r.KnowledgeChunkMapper.insert - <==    Updates: 1
2026-08-17 17:47:56.342 [http-nio-8002-exec-7] DEBUG c.r.r.KnowledgeChunkMapper.insert - ==>  Preparing: INSERT INTO knowledge_chunk ( document_id, chunk_id, chunk_index, content, content_length, parent_chunk_id, parent_chunk_index, create_time ) VALUES ( ?, ?, ?, ?, ?, ?, ?, ? )
2026-08-17 17:47:56.343 [http-nio-8002-exec-7] DEBUG c.r.r.KnowledgeChunkMapper.insert - ==> Parameters: 8(Long), doc_8_child_2(String), 2(Integer), 排查步骤：确认打印机与电脑处于同一内网、检查打印机IP连通性、重启电脑打印服务、重新绑定打印机设备。 7. 办公软件异常：Word/Excel打不开、文件损坏，可使用办公软件自带修复工具修复，禁止私自下载破解版办公软件，异常可联系IT协助处理。 8. 账号权限异常：OA、开发平台、业务系统权限缺失，统一提交IT权限申请工单，由运维人员统一配置开通，个人禁止私自修改系统权限配置。(String), 190(Integer), doc_8_parent_0(String), 0(Integer), 2026-08-17T17:47:56.341323200(LocalDateTime)
2026-08-17 17:47:56.349 [http-nio-8002-exec-7] DEBUG c.r.r.KnowledgeChunkMapper.insert - <==    Updates: 1
2026-08-17 17:47:56.356 [http-nio-8002-exec-7] DEBUG c.r.r.KnowledgeChunkMapper.insert - ==>  Preparing: INSERT INTO knowledge_chunk ( document_id, chunk_id, chunk_index, content, content_length, parent_chunk_id, parent_chunk_index, create_time ) VALUES ( ?, ?, ?, ?, ?, ?, ?, ? )
2026-08-17 17:47:56.357 [http-nio-8002-exec-7] DEBUG c.r.r.KnowledgeChunkMapper.insert - ==> Parameters: 8(Long), doc_8_child_3(String), 3(Integer), 、业务系统权限缺失，统一提交IT权限申请工单，由运维人员统一配置开通，个人禁止私自修改系统权限配置。(String), 50(Integer), doc_8_parent_0(String), 0(Integer), 2026-08-17T17:47:56.355246(LocalDateTime)
2026-08-17 17:47:56.360 [http-nio-8002-exec-7] DEBUG c.r.r.KnowledgeChunkMapper.insert - <==    Updates: 1
2026-08-17 17:47:56.528 [http-nio-8002-exec-7] DEBUG c.r.service.VectorStoreServiceImpl - 批量向量入库成功: collection=rag_knowledge, count=4
2026-08-17 17:47:56.921 [http-nio-8002-exec-7] DEBUG c.r.service.VectorStoreServiceImpl - 批量向量入库成功: collection=rag_knowledge_parent, count=1
2026-08-17 17:47:57.491 [http-nio-8002-exec-7] INFO  c.ragstudy.service.Bm25ServiceImpl - BM25 索引写入完成, 新增 4 条记录
2026-08-17 17:47:57.497 [http-nio-8002-exec-7] DEBUG c.r.r.K.updateById - ==>  Preparing: UPDATE knowledge_document SET file_name=?, file_type=?, file_size=?, department=?, category=?, total_chunks=?, total_parent_chunks=?, status=?, create_time=?, update_time=? WHERE id=? AND deleted=0
2026-08-17 17:47:57.499 [http-nio-8002-exec-7] DEBUG c.r.r.K.updateById - ==> Parameters: 15b6832b007c_IT设备与办公故障排查手册.md(String), md(String), 1758(Long), 企业制度(String), 管理规范(String), 4(Integer), 1(Integer), indexed(String), 2026-08-17T17:47:55.895200500(LocalDateTime), 2026-08-17T17:47:57.492734800(LocalDateTime), 8(Long)
2026-08-17 17:47:57.503 [http-nio-8002-exec-7] DEBUG c.r.r.K.updateById - <==    Updates: 1
2026-08-17 17:47:57.506 [http-nio-8002-exec-7] INFO  c.r.service.KnowledgeBaseService - 文档上传完成: id=8, chunks=4, parentChunks=1
2026-08-17 17:47:57.574 [http-nio-8002-exec-8] INFO  c.r.controller.KnowledgeController - 收到文档上传请求: fileName=1ab4c844e197_公司事务.md, department=企业制度, category=管理规范
2026-08-17 17:47:57.577 [http-nio-8002-exec-8] INFO  c.r.service.KnowledgeBaseService - 开始上传文档: 1ab4c844e197_公司事务.md, department=企业制度, category=管理规范
2026-08-17 17:47:57.669 [http-nio-8002-exec-8] DEBUG c.r.r.KnowledgeDocumentMapper.insert - ==>  Preparing: INSERT INTO knowledge_document ( file_name, file_type, file_size, department, category, status, create_time, update_time ) VALUES ( ?, ?, ?, ?, ?, ?, ?, ? )
2026-08-17 17:47:57.691 [http-nio-8002-exec-8] DEBUG c.r.r.KnowledgeDocumentMapper.insert - ==> Parameters: 1ab4c844e197_公司事务.md(String), md(String), 3697(Long), 企业制度(String), 管理规范(String), processing(String), 2026-08-17T17:47:57.669936200(LocalDateTime), 2026-08-17T17:47:57.669936200(LocalDateTime)
2026-08-17 17:47:57.696 [http-nio-8002-exec-8] DEBUG c.r.r.KnowledgeDocumentMapper.insert - <==    Updates: 1
2026-08-17 17:47:57.697 [http-nio-8002-exec-8] INFO  c.r.service.KnowledgeBaseService - 文档记录已创建: id=9
2026-08-17 17:47:57.698 [http-nio-8002-exec-8] INFO  c.ragstudy.service.DocumentChunker - 开始文档分块: docId=doc_9, childSize=300, parentSize=1000, overlap=50
2026-08-17 17:47:57.698 [http-nio-8002-exec-8] INFO  c.ragstudy.service.DocumentChunker - 文档分块完成: docId=doc_9, childChunks=9, parentChunks=2
2026-08-17 17:47:59.362 [http-nio-8002-exec-8] DEBUG c.r.r.KnowledgeChunkMapper.insert - ==>  Preparing: INSERT INTO knowledge_chunk ( document_id, chunk_id, chunk_index, content, content_length, parent_chunk_id, parent_chunk_index, create_time ) VALUES ( ?, ?, ?, ?, ?, ?, ?, ? )
2026-08-17 17:47:59.366 [http-nio-8002-exec-8] DEBUG c.r.r.KnowledgeChunkMapper.insert - ==> Parameters: 9(Long), doc_9_child_0(String), 0(Integer), 一、考勤制度类（5组） 1. 提问：我这个月迟到3次，每次5分钟，会扣钱吗？ 标准答案：月度迟到早退累计3次以内且单次时长不超过10分钟，不会扣款，无扣费处罚。 2. 提问：入职满3年有多少天年假，可以跨年用吗？ 标准答案：入职满3年可享受7天年假，年假不可以跨年结转，支持拆分使用。 3. 提问：请病假会扣基础工资和全勤奖吗？ 标准答案：病假不扣除基础工资，但会取消当月全勤奖，同时需事后补交OA申请及医院诊断凭证。 4. 提问：旷工一天怎么处罚，旷工三天会怎么样？ 标准答案：旷工1天扣除3倍日工资，月度累计旷工3天及以上视为自动离职。(String), 270(Integer), doc_9_parent_0(String), 0(Integer), 2026-08-17T17:47:59.360863100(LocalDateTime)
2026-08-17 17:47:59.370 [http-nio-8002-exec-8] DEBUG c.r.r.KnowledgeChunkMapper.insert - <==    Updates: 1
2026-08-17 17:47:59.372 [http-nio-8002-exec-8] DEBUG c.r.r.KnowledgeChunkMapper.insert - ==>  Preparing: INSERT INTO knowledge_chunk ( document_id, chunk_id, chunk_index, content, content_length, parent_chunk_id, parent_chunk_index, create_time ) VALUES ( ?, ?, ?, ?, ?, ?, ?, ? )
2026-08-17 17:47:59.377 [http-nio-8002-exec-8] DEBUG c.r.r.KnowledgeChunkMapper.insert - ==> Parameters: 9(Long), doc_9_child_1(String), 1(Integer), 怎么处罚，旷工三天会怎么样？ 标准答案：旷工1天扣除3倍日工资，月度累计旷工3天及以上视为自动离职。 5. 提问：工作日晚上加班到十点有补贴吗？ 标准答案：工作日加班超过20点可申领30元晚餐补贴。 二、财务报销类（5组） 6. 提问：二线城市出差住宿报销上限是多少？ 标准答案：二线城市出差住宿单日报销上限为300元，超出部分由员工自行承担。 7. 提问：普通员工单次业务招待费最多能报多少？超了怎么办？ 标准答案：普通员工单次招待费上限500元，超出额度需提前向总经理报备审批。(String), 241(Integer), doc_9_parent_0(String), 0(Integer), 2026-08-17T17:47:59.372866600(LocalDateTime)
2026-08-17 17:47:59.380 [http-nio-8002-exec-8] DEBUG c.r.r.KnowledgeChunkMapper.insert - <==    Updates: 1
2026-08-17 17:47:59.381 [http-nio-8002-exec-8] DEBUG c.r.r.KnowledgeChunkMapper.insert - ==>  Preparing: INSERT INTO knowledge_chunk ( document_id, chunk_id, chunk_index, content, content_length, parent_chunk_id, parent_chunk_index, create_time ) VALUES ( ?, ?, ?, ?, ?, ?, ?, ? )
2026-08-17 17:47:59.382 [http-nio-8002-exec-8] DEBUG c.r.r.KnowledgeChunkMapper.insert - ==> Parameters: 9(Long), doc_9_child_2(String), 2(Integer), 多能报多少？超了怎么办？ 标准答案：普通员工单次招待费上限500元，超出额度需提前向总经理报备审批。 8. 提问：出差消费后多久内必须提交报销？ 标准答案：所有因公消费票据需在消费完成后15个自然日内提交报销，逾期不予受理。 9. 提问：个人吃饭的费用可以报销吗？ 标准答案：不可以，仅因公产生的交通费、住宿费、办公采购费、业务招待费、因公话费可报销，私人消费一律不予报销。 10. 提问：出差预借公款后需要多久销账？ 标准答案：出差预借公款，需在出差结束后7天内完成销账，未按时销账会从工资中抵扣。(String), 250(Integer), doc_9_parent_0(String), 0(Integer), 2026-08-17T17:47:59.381348300(LocalDateTime)
2026-08-17 17:47:59.387 [http-nio-8002-exec-8] DEBUG c.r.r.KnowledgeChunkMapper.insert - <==    Updates: 1
2026-08-17 17:47:59.388 [http-nio-8002-exec-8] DEBUG c.r.r.KnowledgeChunkMapper.insert - ==>  Preparing: INSERT INTO knowledge_chunk ( document_id, chunk_id, chunk_index, content, content_length, parent_chunk_id, parent_chunk_index, create_time ) VALUES ( ?, ?, ?, ?, ?, ?, ?, ? )
2026-08-17 17:47:59.395 [http-nio-8002-exec-8] DEBUG c.r.r.KnowledgeChunkMapper.insert - ==> Parameters: 9(Long), doc_9_child_3(String), 3(Integer), 款后需要多久销账？ 标准答案：出差预借公款，需在出差结束后7天内完成销账，未按时销账会从工资中抵扣。 三、人事制度类（5组） 11. 提问：技术岗位试用期多久，薪资怎么算？ 标准答案：技术开发岗位试用期3-6个月，试用期薪资为转正薪资的80%，不发放全额绩效。 12. 提问：试用期离职需要提前多久申请？ 标准答案：试用期员工离职仅需提前3天提交离职申请，完成工作交接即可办理离职。 13. 提问：每月16号入职，当月缴纳社保吗？ 标准答案：每月15日后入职的员工，次月缴纳社保，当月不缴纳。(String), 246(Integer), doc_9_parent_0(String), 0(Integer), 2026-08-17T17:47:59.388673200(LocalDateTime)
2026-08-17 17:47:59.398 [http-nio-8002-exec-8] DEBUG c.r.r.KnowledgeChunkMapper.insert - <==    Updates: 1
2026-08-17 17:47:59.400 [http-nio-8002-exec-8] DEBUG c.r.r.KnowledgeChunkMapper.insert - ==>  Preparing: INSERT INTO knowledge_chunk ( document_id, chunk_id, chunk_index, content, content_length, parent_chunk_id, parent_chunk_index, create_time ) VALUES ( ?, ?, ?, ?, ?, ?, ?, ? )
2026-08-17 17:47:59.402 [http-nio-8002-exec-8] DEBUG c.r.r.KnowledgeChunkMapper.insert - ==> Parameters: 9(Long), doc_9_child_4(String), 4(Integer), 提问：每月16号入职，当月缴纳社保吗？ 标准答案：每月15日后入职的员工，次月缴纳社保，当月不缴纳。 14. 提问：自离会有什么处罚？ 标准答案：连续旷工3天擅自离岗视为自离，公司会扣发当月绩效，同时保留追责权利。 15. 提问：员工转正需要满足什么条件？ 标准答案：试用期无重大违纪、按时完成岗位工作任务、通过部门负责人转正评审即可转正。(String), 170(Integer), doc_9_parent_0(String), 0(Integer), 2026-08-17T17:47:59.400973100(LocalDateTime)
2026-08-17 17:47:59.407 [http-nio-8002-exec-8] DEBUG c.r.r.KnowledgeChunkMapper.insert - <==    Updates: 1
2026-08-17 17:47:59.427 [http-nio-8002-exec-8] DEBUG c.r.r.KnowledgeChunkMapper.insert - ==>  Preparing: INSERT INTO knowledge_chunk ( document_id, chunk_id, chunk_index, content, content_length, parent_chunk_id, parent_chunk_index, create_time ) VALUES ( ?, ?, ?, ?, ?, ?, ?, ? )
2026-08-17 17:47:59.431 [http-nio-8002-exec-8] DEBUG c.r.r.KnowledgeChunkMapper.insert - ==> Parameters: 9(Long), doc_9_child_5(String), 5(Integer), 要满足什么条件？ 标准答案：试用期无重大违纪、按时完成岗位工作任务、通过部门负责人转正评审即可转正。(String), 50(Integer), doc_9_parent_0(String), 0(Integer), 2026-08-17T17:47:59.426927100(LocalDateTime)
2026-08-17 17:47:59.437 [http-nio-8002-exec-8] DEBUG c.r.r.KnowledgeChunkMapper.insert - <==    Updates: 1
2026-08-17 17:47:59.439 [http-nio-8002-exec-8] DEBUG c.r.r.KnowledgeChunkMapper.insert - ==>  Preparing: INSERT INTO knowledge_chunk ( document_id, chunk_id, chunk_index, content, content_length, parent_chunk_id, parent_chunk_index, create_time ) VALUES ( ?, ?, ?, ?, ?, ?, ?, ? )
2026-08-17 17:47:59.441 [http-nio-8002-exec-8] DEBUG c.r.r.KnowledgeChunkMapper.insert - ==> Parameters: 9(Long), doc_9_child_6(String), 6(Integer), 四、IT故障/办公规范类（5组） 16. 提问：OA系统打不开应该怎么解决？ 标准答案：可清理浏览器缓存、切换Chrome浏览器、关闭本地代理，若仍异常可联系IT开通IP白名单。 17. 提问：Git拉取代码失败大概率是什么原因？ 标准答案：大概率是账号权限不足、本地SSH密钥过期、当前分支权限配置异常导致，可逐一排查修复。 18. 提问：公司内部文档可以上传到百度网盘吗？ 标准答案：不可以，企业涉密内部文档严禁上传至公共外网网盘，仅可存储于公司内网专属存储设备。 19. 提问：电脑内网不通外网怎么处理？ 标准答案：可重启电脑网卡、关闭第三方防火墙、重置本地公司DNS配置即可排查修复。(String), 296(Integer), doc_9_parent_1(String), 1(Integer), 2026-08-17T17:47:59.439848600(LocalDateTime)
2026-08-17 17:47:59.446 [http-nio-8002-exec-8] DEBUG c.r.r.KnowledgeChunkMapper.insert - <==    Updates: 1
2026-08-17 17:47:59.447 [http-nio-8002-exec-8] DEBUG c.r.r.KnowledgeChunkMapper.insert - ==>  Preparing: INSERT INTO knowledge_chunk ( document_id, chunk_id, chunk_index, content, content_length, parent_chunk_id, parent_chunk_index, create_time ) VALUES ( ?, ?, ?, ?, ?, ?, ?, ? )
2026-08-17 17:47:59.448 [http-nio-8002-exec-8] DEBUG c.r.r.KnowledgeChunkMapper.insert - ==> Parameters: 9(Long), doc_9_child_7(String), 7(Integer), 不通外网怎么处理？ 标准答案：可重启电脑网卡、关闭第三方防火墙、重置本地公司DNS配置即可排查修复。 20. 提问：办公电脑可以安装翻墙软件吗？ 标准答案：不可以，办公设备禁止安装非法翻墙软件、破解工具等违规软件，违规会被追责。(String), 114(Integer), doc_9_parent_1(String), 1(Integer), 2026-08-17T17:47:59.447812200(LocalDateTime)
2026-08-17 17:47:59.450 [http-nio-8002-exec-8] DEBUG c.r.r.KnowledgeChunkMapper.insert - <==    Updates: 1
2026-08-17 17:47:59.456 [http-nio-8002-exec-8] DEBUG c.r.r.KnowledgeChunkMapper.insert - ==>  Preparing: INSERT INTO knowledge_chunk ( document_id, chunk_id, chunk_index, content, content_length, parent_chunk_id, parent_chunk_index, create_time ) VALUES ( ?, ?, ?, ?, ?, ?, ?, ? )
2026-08-17 17:47:59.459 [http-nio-8002-exec-8] DEBUG c.r.r.KnowledgeChunkMapper.insert - ==> Parameters: 9(Long), doc_9_child_8(String), 8(Integer), 安装翻墙软件吗？ 标准答案：不可以，办公设备禁止安装非法翻墙软件、破解工具等违规软件，违规会被追责。(String), 50(Integer), doc_9_parent_1(String), 1(Integer), 2026-08-17T17:47:59.456455300(LocalDateTime)
2026-08-17 17:47:59.465 [http-nio-8002-exec-8] DEBUG c.r.r.KnowledgeChunkMapper.insert - <==    Updates: 1
2026-08-17 17:47:59.552 [http-nio-8002-exec-8] DEBUG c.r.service.VectorStoreServiceImpl - 批量向量入库成功: collection=rag_knowledge, count=9
2026-08-17 17:48:01.560 [http-nio-8002-exec-8] DEBUG c.r.service.VectorStoreServiceImpl - 批量向量入库成功: collection=rag_knowledge_parent, count=2
2026-08-17 17:48:01.834 [http-nio-8002-exec-8] INFO  c.ragstudy.service.Bm25ServiceImpl - BM25 索引写入完成, 新增 9 条记录
2026-08-17 17:48:01.834 [http-nio-8002-exec-8] DEBUG c.r.r.K.updateById - ==>  Preparing: UPDATE knowledge_document SET file_name=?, file_type=?, file_size=?, department=?, category=?, total_chunks=?, total_parent_chunks=?, status=?, create_time=?, update_time=? WHERE id=? AND deleted=0
2026-08-17 17:48:01.836 [http-nio-8002-exec-8] DEBUG c.r.r.K.updateById - ==> Parameters: 1ab4c844e197_公司事务.md(String), md(String), 3697(Long), 企业制度(String), 管理规范(String), 9(Integer), 2(Integer), indexed(String), 2026-08-17T17:47:57.669936200(LocalDateTime), 2026-08-17T17:48:01.834848900(LocalDateTime), 9(Long)
2026-08-17 17:48:01.840 [http-nio-8002-exec-8] DEBUG c.r.r.K.updateById - <==    Updates: 1
2026-08-17 17:48:01.840 [http-nio-8002-exec-8] INFO  c.r.service.KnowledgeBaseService - 文档上传完成: id=9, chunks=9, parentChunks=2
2026-08-17 17:48:01.890 [http-nio-8002-exec-9] INFO  c.r.controller.KnowledgeController - 收到文档上传请求: fileName=3210c241684a_财务报销管理制度.md, department=企业制度, category=管理规范
2026-08-17 17:48:01.891 [http-nio-8002-exec-9] INFO  c.r.service.KnowledgeBaseService - 开始上传文档: 3210c241684a_财务报销管理制度.md, department=企业制度, category=管理规范
2026-08-17 17:48:01.946 [http-nio-8002-exec-9] DEBUG c.r.r.KnowledgeDocumentMapper.insert - ==>  Preparing: INSERT INTO knowledge_document ( file_name, file_type, file_size, department, category, status, create_time, update_time ) VALUES ( ?, ?, ?, ?, ?, ?, ?, ? )
2026-08-17 17:48:01.947 [http-nio-8002-exec-9] DEBUG c.r.r.KnowledgeDocumentMapper.insert - ==> Parameters: 3210c241684a_财务报销管理制度.md(String), md(String), 1118(Long), 企业制度(String), 管理规范(String), processing(String), 2026-08-17T17:48:01.946207800(LocalDateTime), 2026-08-17T17:48:01.946207800(LocalDateTime)
2026-08-17 17:48:01.950 [http-nio-8002-exec-9] DEBUG c.r.r.KnowledgeDocumentMapper.insert - <==    Updates: 1
2026-08-17 17:48:01.951 [http-nio-8002-exec-9] INFO  c.r.service.KnowledgeBaseService - 文档记录已创建: id=10
2026-08-17 17:48:01.951 [http-nio-8002-exec-9] INFO  c.ragstudy.service.DocumentChunker - 开始文档分块: docId=doc_10, childSize=300, parentSize=1000, overlap=50
2026-08-17 17:48:01.951 [http-nio-8002-exec-9] INFO  c.ragstudy.service.DocumentChunker - 文档分块完成: docId=doc_10, childChunks=3, parentChunks=1
2026-08-17 17:48:02.135 [http-nio-8002-exec-9] DEBUG c.r.r.KnowledgeChunkMapper.insert - ==>  Preparing: INSERT INTO knowledge_chunk ( document_id, chunk_id, chunk_index, content, content_length, parent_chunk_id, parent_chunk_index, create_time ) VALUES ( ?, ?, ?, ?, ?, ?, ?, ? )
2026-08-17 17:48:02.136 [http-nio-8002-exec-9] DEBUG c.r.r.KnowledgeChunkMapper.insert - ==> Parameters: 10(Long), doc_10_child_0(String), 0(Integer), # 财务报销管理制度 1. 可报销范围：因公交通费、住宿费、办公物资采购、业务招待费、因公通讯费。个人消费一律不予报销。 2. 报销时效：消费完成后15个自然日内提交报销单据，逾期财务不予受理。 3. 差旅交通标准：普通员工仅限高铁二等座、动车、大巴；夜间长途可报销硬卧；不允许报销一等座、商务舱。 4. 差旅住宿标准：一线城市单日上限400元；二线城市300元；三线及以下城市200元，超出部分员工自行承担。 5. 业务招待费：普通员工单次招待费上限500元；部门主管单次上限1000元；超过额度必须总经理提前审批。(String), 259(Integer), doc_10_parent_0(String), 0(Integer), 2026-08-17T17:48:02.135571(LocalDateTime)
2026-08-17 17:48:02.140 [http-nio-8002-exec-9] DEBUG c.r.r.KnowledgeChunkMapper.insert - <==    Updates: 1
2026-08-17 17:48:02.141 [http-nio-8002-exec-9] DEBUG c.r.r.KnowledgeChunkMapper.insert - ==>  Preparing: INSERT INTO knowledge_chunk ( document_id, chunk_id, chunk_index, content, content_length, parent_chunk_id, parent_chunk_index, create_time ) VALUES ( ?, ?, ?, ?, ?, ?, ?, ? )
2026-08-17 17:48:02.142 [http-nio-8002-exec-9] DEBUG c.r.r.KnowledgeChunkMapper.insert - ==> Parameters: 10(Long), doc_10_child_1(String), 1(Integer), 业务招待费：普通员工单次招待费上限500元；部门主管单次上限1000元；超过额度必须总经理提前审批。 6. 报销审批流程：员工上传票据 → 直属主管审核 → 财务初审 → 财务复核 → 打款；正常周期1‑3个工作日。 7. 发票要求：必须增值税正规发票，抬头为本公司全称，发票内容与实际消费一致；虚假发票提交，记入员工档案。 8. 借款规则：出差预借公款，出差结束后7天内必须完成销账，未销账会从工资抵扣。(String), 203(Integer), doc_10_parent_0(String), 0(Integer), 2026-08-17T17:48:02.141096700(LocalDateTime)
2026-08-17 17:48:02.160 [http-nio-8002-exec-9] DEBUG c.r.r.KnowledgeChunkMapper.insert - <==    Updates: 1
2026-08-17 17:48:02.161 [http-nio-8002-exec-9] DEBUG c.r.r.KnowledgeChunkMapper.insert - ==>  Preparing: INSERT INTO knowledge_chunk ( document_id, chunk_id, chunk_index, content, content_length, parent_chunk_id, parent_chunk_index, create_time ) VALUES ( ?, ?, ?, ?, ?, ?, ?, ? )
2026-08-17 17:48:02.162 [http-nio-8002-exec-9] DEBUG c.r.r.KnowledgeChunkMapper.insert - ==> Parameters: 10(Long), doc_10_child_2(String), 2(Integer), 交，记入员工档案。 8. 借款规则：出差预借公款，出差结束后7天内必须完成销账，未销账会从工资抵扣。(String), 50(Integer), doc_10_parent_0(String), 0(Integer), 2026-08-17T17:48:02.161555600(LocalDateTime)
2026-08-17 17:48:02.166 [http-nio-8002-exec-9] DEBUG c.r.r.KnowledgeChunkMapper.insert - <==    Updates: 1
2026-08-17 17:48:02.188 [http-nio-8002-exec-9] DEBUG c.r.service.VectorStoreServiceImpl - 批量向量入库成功: collection=rag_knowledge, count=3
2026-08-17 17:48:02.460 [http-nio-8002-exec-9] DEBUG c.r.service.VectorStoreServiceImpl - 批量向量入库成功: collection=rag_knowledge_parent, count=1
2026-08-17 17:48:02.556 [http-nio-8002-exec-9] INFO  c.ragstudy.service.Bm25ServiceImpl - BM25 索引写入完成, 新增 3 条记录
2026-08-17 17:48:02.558 [http-nio-8002-exec-9] DEBUG c.r.r.K.updateById - ==>  Preparing: UPDATE knowledge_document SET file_name=?, file_type=?, file_size=?, department=?, category=?, total_chunks=?, total_parent_chunks=?, status=?, create_time=?, update_time=? WHERE id=? AND deleted=0
2026-08-17 17:48:02.558 [http-nio-8002-exec-9] DEBUG c.r.r.K.updateById - ==> Parameters: 3210c241684a_财务报销管理制度.md(String), md(String), 1118(Long), 企业制度(String), 管理规范(String), 3(Integer), 1(Integer), indexed(String), 2026-08-17T17:48:01.946207800(LocalDateTime), 2026-08-17T17:48:02.556886200(LocalDateTime), 10(Long)
2026-08-17 17:48:02.561 [http-nio-8002-exec-9] DEBUG c.r.r.K.updateById - <==    Updates: 1
2026-08-17 17:48:02.562 [http-nio-8002-exec-9] INFO  c.r.service.KnowledgeBaseService - 文档上传完成: id=10, chunks=3, parentChunks=1
2026-08-17 17:48:02.596 [http-nio-8002-exec-10] INFO  c.r.controller.KnowledgeController - 收到文档上传请求: fileName=8d98714fe79b_企业保密与办公行为规范.md, department=企业制度, category=管理规范
2026-08-17 17:48:02.599 [http-nio-8002-exec-10] INFO  c.r.service.KnowledgeBaseService - 开始上传文档: 8d98714fe79b_企业保密与办公行为规范.md, department=企业制度, category=管理规范
2026-08-17 17:48:02.721 [http-nio-8002-exec-10] DEBUG c.r.r.KnowledgeDocumentMapper.insert - ==>  Preparing: INSERT INTO knowledge_document ( file_name, file_type, file_size, department, category, status, create_time, update_time ) VALUES ( ?, ?, ?, ?, ?, ?, ?, ? )
2026-08-17 17:48:02.722 [http-nio-8002-exec-10] DEBUG c.r.r.KnowledgeDocumentMapper.insert - ==> Parameters: 8d98714fe79b_企业保密与办公行为规范.md(String), md(String), 1371(Long), 企业制度(String), 管理规范(String), processing(String), 2026-08-17T17:48:02.720674200(LocalDateTime), 2026-08-17T17:48:02.720674200(LocalDateTime)
2026-08-17 17:48:02.726 [http-nio-8002-exec-10] DEBUG c.r.r.KnowledgeDocumentMapper.insert - <==    Updates: 1
2026-08-17 17:48:02.726 [http-nio-8002-exec-10] INFO  c.r.service.KnowledgeBaseService - 文档记录已创建: id=11
2026-08-17 17:48:02.726 [http-nio-8002-exec-10] INFO  c.ragstudy.service.DocumentChunker - 开始文档分块: docId=doc_11, childSize=300, parentSize=1000, overlap=50
2026-08-17 17:48:02.727 [http-nio-8002-exec-10] INFO  c.ragstudy.service.DocumentChunker - 文档分块完成: docId=doc_11, childChunks=3, parentChunks=1
2026-08-17 17:48:03.034 [http-nio-8002-exec-10] DEBUG c.r.r.KnowledgeChunkMapper.insert - ==>  Preparing: INSERT INTO knowledge_chunk ( document_id, chunk_id, chunk_index, content, content_length, parent_chunk_id, parent_chunk_index, create_time ) VALUES ( ?, ?, ?, ?, ?, ?, ?, ? )
2026-08-17 17:48:03.035 [http-nio-8002-exec-10] DEBUG c.r.r.KnowledgeChunkMapper.insert - ==> Parameters: 11(Long), doc_11_child_0(String), 0(Integer), # 企业保密与办公行为规范 1. 数据保密规范：公司核心项目代码、业务数据、客户信息、内部制度文档、会议纪要均为涉密资料，严禁私自截图、录屏、外传、转发至外部社交平台。 2. 文档管理规范：内部涉密文档禁止上传至百度网盘、阿里云盘等公共外网存储平台，仅可存储于公司内网服务器及企业专属办公网盘。 3. 软件使用规范：办公电脑、开发设备禁止安装盗版软件、破解工具、外挂程序、非法翻墙软件，一经发现立即整改，情节严重者追究责任。 4. 办公纪律规范：工作时间禁止长时间刷短视频、玩游戏、浏览娱乐网站、处理私人事务，行政部门不定期巡检核查。(String), 267(Integer), doc_11_parent_0(String), 0(Integer), 2026-08-17T17:48:03.034165300(LocalDateTime)
2026-08-17 17:48:03.038 [http-nio-8002-exec-10] DEBUG c.r.r.KnowledgeChunkMapper.insert - <==    Updates: 1
2026-08-17 17:48:03.040 [http-nio-8002-exec-10] DEBUG c.r.r.KnowledgeChunkMapper.insert - ==>  Preparing: INSERT INTO knowledge_chunk ( document_id, chunk_id, chunk_index, content, content_length, parent_chunk_id, parent_chunk_index, create_time ) VALUES ( ?, ?, ?, ?, ?, ?, ?, ? )
2026-08-17 17:48:03.040 [http-nio-8002-exec-10] DEBUG c.r.r.KnowledgeChunkMapper.insert - ==> Parameters: 11(Long), doc_11_child_1(String), 1(Integer), 公纪律规范：工作时间禁止长时间刷短视频、玩游戏、浏览娱乐网站、处理私人事务，行政部门不定期巡检核查。 5. 会议保密规范：内部业务会议、技术复盘会议资料仅限内部参会人员查阅，会议内容禁止对外泄露，会后及时收纳纸质涉密资料。 6. 设备使用规范：公司办公电脑、服务器、打印机等设备仅限工作使用，禁止私自改装、转借他人、用于私人盈利用途。 7. 离职保密规范：员工离职前必须清空个人设备中的公司涉密资料，注销各类业务账号权限，离职后仍需遵守公司保密协议，不得泄露企业内部信息。 配套RAG测试问答对（20组 可直接用于模型评估）(String), 262(Integer), doc_11_parent_0(String), 0(Integer), 2026-08-17T17:48:03.040701500(LocalDateTime)
2026-08-17 17:48:03.045 [http-nio-8002-exec-10] DEBUG c.r.r.KnowledgeChunkMapper.insert - <==    Updates: 1
2026-08-17 17:48:03.046 [http-nio-8002-exec-10] DEBUG c.r.r.KnowledgeChunkMapper.insert - ==>  Preparing: INSERT INTO knowledge_chunk ( document_id, chunk_id, chunk_index, content, content_length, parent_chunk_id, parent_chunk_index, create_time ) VALUES ( ?, ?, ?, ?, ?, ?, ?, ? )
2026-08-17 17:48:03.047 [http-nio-8002-exec-10] DEBUG c.r.r.KnowledgeChunkMapper.insert - ==> Parameters: 11(Long), doc_11_child_2(String), 2(Integer), 职后仍需遵守公司保密协议，不得泄露企业内部信息。 配套RAG测试问答对（20组 可直接用于模型评估）(String), 50(Integer), doc_11_parent_0(String), 0(Integer), 2026-08-17T17:48:03.046010400(LocalDateTime)
2026-08-17 17:48:03.049 [http-nio-8002-exec-10] DEBUG c.r.r.KnowledgeChunkMapper.insert - <==    Updates: 1
2026-08-17 17:48:03.065 [http-nio-8002-exec-10] DEBUG c.r.service.VectorStoreServiceImpl - 批量向量入库成功: collection=rag_knowledge, count=3
2026-08-17 17:48:03.305 [http-nio-8002-exec-10] DEBUG c.r.service.VectorStoreServiceImpl - 批量向量入库成功: collection=rag_knowledge_parent, count=1
2026-08-17 17:48:03.394 [http-nio-8002-exec-10] INFO  c.ragstudy.service.Bm25ServiceImpl - BM25 索引写入完成, 新增 3 条记录
2026-08-17 17:48:03.396 [http-nio-8002-exec-10] DEBUG c.r.r.K.updateById - ==>  Preparing: UPDATE knowledge_document SET file_name=?, file_type=?, file_size=?, department=?, category=?, total_chunks=?, total_parent_chunks=?, status=?, create_time=?, update_time=? WHERE id=? AND deleted=0
2026-08-17 17:48:03.396 [http-nio-8002-exec-10] DEBUG c.r.r.K.updateById - ==> Parameters: 8d98714fe79b_企业保密与办公行为规范.md(String), md(String), 1371(Long), 企业制度(String), 管理规范(String), 3(Integer), 1(Integer), indexed(String), 2026-08-17T17:48:02.720674200(LocalDateTime), 2026-08-17T17:48:03.394826400(LocalDateTime), 11(Long)
2026-08-17 17:48:03.399 [http-nio-8002-exec-10] DEBUG c.r.r.K.updateById - <==    Updates: 1
2026-08-17 17:48:03.399 [http-nio-8002-exec-10] INFO  c.r.service.KnowledgeBaseService - 文档上传完成: id=11, chunks=3, parentChunks=1
2026-08-17 17:48:03.424 [http-nio-8002-exec-1] INFO  c.r.controller.KnowledgeController - 收到文档上传请求: fileName=c922f8554afb_考勤请假管理制度.md, department=企业制度, category=管理规范
2026-08-17 17:48:03.425 [http-nio-8002-exec-1] INFO  c.r.service.KnowledgeBaseService - 开始上传文档: c922f8554afb_考勤请假管理制度.md, department=企业制度, category=管理规范
2026-08-17 17:48:03.451 [http-nio-8002-exec-1] DEBUG c.r.r.KnowledgeDocumentMapper.insert - ==>  Preparing: INSERT INTO knowledge_document ( file_name, file_type, file_size, department, category, status, create_time, update_time ) VALUES ( ?, ?, ?, ?, ?, ?, ?, ? )
2026-08-17 17:48:03.452 [http-nio-8002-exec-1] DEBUG c.r.r.KnowledgeDocumentMapper.insert - ==> Parameters: c922f8554afb_考勤请假管理制度.md(String), md(String), 1080(Long), 企业制度(String), 管理规范(String), processing(String), 2026-08-17T17:48:03.451909600(LocalDateTime), 2026-08-17T17:48:03.451909600(LocalDateTime)
2026-08-17 17:48:03.455 [http-nio-8002-exec-1] DEBUG c.r.r.KnowledgeDocumentMapper.insert - <==    Updates: 1
2026-08-17 17:48:03.455 [http-nio-8002-exec-1] INFO  c.r.service.KnowledgeBaseService - 文档记录已创建: id=12
2026-08-17 17:48:03.455 [http-nio-8002-exec-1] INFO  c.ragstudy.service.DocumentChunker - 开始文档分块: docId=doc_12, childSize=300, parentSize=1000, overlap=50
2026-08-17 17:48:03.455 [http-nio-8002-exec-1] INFO  c.ragstudy.service.DocumentChunker - 文档分块完成: docId=doc_12, childChunks=3, parentChunks=1
2026-08-17 17:48:03.562 [http-nio-8002-exec-1] DEBUG c.r.r.KnowledgeChunkMapper.insert - ==>  Preparing: INSERT INTO knowledge_chunk ( document_id, chunk_id, chunk_index, content, content_length, parent_chunk_id, parent_chunk_index, create_time ) VALUES ( ?, ?, ?, ?, ?, ?, ?, ? )
2026-08-17 17:48:03.562 [http-nio-8002-exec-1] DEBUG c.r.r.KnowledgeChunkMapper.insert - ==> Parameters: 12(Long), doc_12_child_0(String), 0(Integer), # 考勤与请假管理制度 1. 工作时间：工作日 09:00‑12:00，13:30‑18:00，实行周末双休。 2. 迟到早退规则：月度迟到早退累计≤3次且单次≤10分钟，不扣款；超过3次 或 单次大于10分钟，每次扣20元。 3. 事假：需要提前1天OA提交申请；单人每月事假上限3天，全年事假累计最多15天，超出按旷工处理。 4. 病假：可事后补交OA申请，必须提供医院诊断凭证；病假不扣基础工资，扣除当月全勤奖。 5. 旷工：未报备缺岗、请假未审批擅自离岗视为旷工。旷工1天扣除3倍日工资；月累计旷工≥3天按自动离职处理。(String), 264(Integer), doc_12_parent_0(String), 0(Integer), 2026-08-17T17:48:03.561966200(LocalDateTime)
2026-08-17 17:48:03.564 [http-nio-8002-exec-1] DEBUG c.r.r.KnowledgeChunkMapper.insert - <==    Updates: 1
2026-08-17 17:48:03.566 [http-nio-8002-exec-1] DEBUG c.r.r.KnowledgeChunkMapper.insert - ==>  Preparing: INSERT INTO knowledge_chunk ( document_id, chunk_id, chunk_index, content, content_length, parent_chunk_id, parent_chunk_index, create_time ) VALUES ( ?, ?, ?, ?, ?, ?, ?, ? )
2026-08-17 17:48:03.567 [http-nio-8002-exec-1] DEBUG c.r.r.KnowledgeChunkMapper.insert - ==> Parameters: 12(Long), doc_12_child_1(String), 1(Integer), 工：未报备缺岗、请假未审批擅自离岗视为旷工。旷工1天扣除3倍日工资；月累计旷工≥3天按自动离职处理。 6. 年假：入职满1年享有5天年假；满3年7天；满5年10天；年假不可跨年结转，可以拆分使用。 7. 加班：工作日加班超过20点可申领30元晚餐补贴；周末加班优先调休，调休有效期6个月。法定节假日加班按国家三倍薪资核算。 8. 全勤奖：每月200元；当月存在迟到、事假、病假、旷工任意一项，取消当月全勤奖。(String), 204(Integer), doc_12_parent_0(String), 0(Integer), 2026-08-17T17:48:03.566226300(LocalDateTime)
2026-08-17 17:48:03.569 [http-nio-8002-exec-1] DEBUG c.r.r.KnowledgeChunkMapper.insert - <==    Updates: 1
2026-08-17 17:48:03.571 [http-nio-8002-exec-1] DEBUG c.r.r.KnowledgeChunkMapper.insert - ==>  Preparing: INSERT INTO knowledge_chunk ( document_id, chunk_id, chunk_index, content, content_length, parent_chunk_id, parent_chunk_index, create_time ) VALUES ( ?, ?, ?, ?, ?, ?, ?, ? )
2026-08-17 17:48:03.572 [http-nio-8002-exec-1] DEBUG c.r.r.KnowledgeChunkMapper.insert - ==> Parameters: 12(Long), doc_12_child_2(String), 2(Integer), 三倍薪资核算。 8. 全勤奖：每月200元；当月存在迟到、事假、病假、旷工任意一项，取消当月全勤奖。(String), 50(Integer), doc_12_parent_0(String), 0(Integer), 2026-08-17T17:48:03.570636300(LocalDateTime)
2026-08-17 17:48:03.575 [http-nio-8002-exec-1] DEBUG c.r.r.KnowledgeChunkMapper.insert - <==    Updates: 1
2026-08-17 17:48:03.585 [http-nio-8002-exec-1] DEBUG c.r.service.VectorStoreServiceImpl - 批量向量入库成功: collection=rag_knowledge, count=3
2026-08-17 17:48:03.689 [http-nio-8002-exec-1] DEBUG c.r.service.VectorStoreServiceImpl - 批量向量入库成功: collection=rag_knowledge_parent, count=1
2026-08-17 17:48:03.786 [http-nio-8002-exec-1] INFO  c.ragstudy.service.Bm25ServiceImpl - BM25 索引写入完成, 新增 3 条记录
2026-08-17 17:48:03.790 [http-nio-8002-exec-1] DEBUG c.r.r.K.updateById - ==>  Preparing: UPDATE knowledge_document SET file_name=?, file_type=?, file_size=?, department=?, category=?, total_chunks=?, total_parent_chunks=?, status=?, create_time=?, update_time=? WHERE id=? AND deleted=0
2026-08-17 17:48:03.792 [http-nio-8002-exec-1] DEBUG c.r.r.K.updateById - ==> Parameters: c922f8554afb_考勤请假管理制度.md(String), md(String), 1080(Long), 企业制度(String), 管理规范(String), 3(Integer), 1(Integer), indexed(String), 2026-08-17T17:48:03.451909600(LocalDateTime), 2026-08-17T17:48:03.786823800(LocalDateTime), 12(Long)
2026-08-17 17:48:03.795 [http-nio-8002-exec-1] DEBUG c.r.r.K.updateById - <==    Updates: 1
2026-08-17 17:48:03.796 [http-nio-8002-exec-1] INFO  c.r.service.KnowledgeBaseService - 文档上传完成: id=12, chunks=3, parentChunks=1
2026-08-17 17:48:03.820 [http-nio-8002-exec-6] INFO  c.r.controller.KnowledgeController - 收到文档上传请求: fileName=f24593344d6d_人事入职转正离职制度.md, department=企业制度, category=管理规范
2026-08-17 17:48:03.822 [http-nio-8002-exec-6] INFO  c.r.service.KnowledgeBaseService - 开始上传文档: f24593344d6d_人事入职转正离职制度.md, department=企业制度, category=管理规范
2026-08-17 17:48:03.849 [http-nio-8002-exec-6] DEBUG c.r.r.KnowledgeDocumentMapper.insert - ==>  Preparing: INSERT INTO knowledge_document ( file_name, file_type, file_size, department, category, status, create_time, update_time ) VALUES ( ?, ?, ?, ?, ?, ?, ?, ? )
2026-08-17 17:48:03.850 [http-nio-8002-exec-6] DEBUG c.r.r.KnowledgeDocumentMapper.insert - ==> Parameters: f24593344d6d_人事入职转正离职制度.md(String), md(String), 1009(Long), 企业制度(String), 管理规范(String), processing(String), 2026-08-17T17:48:03.848492(LocalDateTime), 2026-08-17T17:48:03.848492(LocalDateTime)
2026-08-17 17:48:03.853 [http-nio-8002-exec-6] DEBUG c.r.r.KnowledgeDocumentMapper.insert - <==    Updates: 1
2026-08-17 17:48:03.854 [http-nio-8002-exec-6] INFO  c.r.service.KnowledgeBaseService - 文档记录已创建: id=13
2026-08-17 17:48:03.854 [http-nio-8002-exec-6] INFO  c.ragstudy.service.DocumentChunker - 开始文档分块: docId=doc_13, childSize=300, parentSize=1000, overlap=50
2026-08-17 17:48:03.854 [http-nio-8002-exec-6] INFO  c.ragstudy.service.DocumentChunker - 文档分块完成: docId=doc_13, childChunks=3, parentChunks=1
2026-08-17 17:48:03.987 [http-nio-8002-exec-6] DEBUG c.r.r.KnowledgeChunkMapper.insert - ==>  Preparing: INSERT INTO knowledge_chunk ( document_id, chunk_id, chunk_index, content, content_length, parent_chunk_id, parent_chunk_index, create_time ) VALUES ( ?, ?, ?, ?, ?, ?, ?, ? )
2026-08-17 17:48:03.991 [http-nio-8002-exec-6] DEBUG c.r.r.KnowledgeChunkMapper.insert - ==> Parameters: 13(Long), doc_13_child_0(String), 0(Integer), # 入职、转正、离职管理规范 1. 入职材料：身份证复印件、学历证明、银行卡信息、一寸照片、上家公司离职证明。人事开通工号、OA、企业微信、开发服务器权限。 2. 试用期：普通岗位3个月；技术开发岗位3‑6个月；试用期薪资为转正薪资80%，不发放全额绩效。 3. 转正条件：试用期无重大违纪；岗位工作任务达标；通过部门负责人转正评审。 4. 主动离职：正式员工提前30天提交书面离职申请；试用期员工提前3天申请；全部工作交接完成方可办理离职。 5. 自动离职：连续旷工3天、不做工作交接擅自离岗视为自离，扣发当月绩效，公司保留追责权利。(String), 268(Integer), doc_13_parent_0(String), 0(Integer), 2026-08-17T17:48:03.987394100(LocalDateTime)
2026-08-17 17:48:03.994 [http-nio-8002-exec-6] DEBUG c.r.r.KnowledgeChunkMapper.insert - <==    Updates: 1
2026-08-17 17:48:03.995 [http-nio-8002-exec-6] DEBUG c.r.r.KnowledgeChunkMapper.insert - ==>  Preparing: INSERT INTO knowledge_chunk ( document_id, chunk_id, chunk_index, content, content_length, parent_chunk_id, parent_chunk_index, create_time ) VALUES ( ?, ?, ?, ?, ?, ?, ?, ? )
2026-08-17 17:48:03.996 [http-nio-8002-exec-6] DEBUG c.r.r.KnowledgeChunkMapper.insert - ==> Parameters: 13(Long), doc_13_child_1(String), 1(Integer), 离职。 5. 自动离职：连续旷工3天、不做工作交接擅自离岗视为自离，扣发当月绩效，公司保留追责权利。 6. 离职交接清单：业务文档、账号密钥、服务器权限、项目代码、客户资料、办公电脑外设。 7. 社保公积金：每月15日前入职当月缴纳社保；15日后入职次月缴纳。离职当月15号前办理，当月停缴社保。(String), 148(Integer), doc_13_parent_0(String), 0(Integer), 2026-08-17T17:48:03.995605500(LocalDateTime)
2026-08-17 17:48:03.998 [http-nio-8002-exec-6] DEBUG c.r.r.KnowledgeChunkMapper.insert - <==    Updates: 1
2026-08-17 17:48:04.000 [http-nio-8002-exec-6] DEBUG c.r.r.KnowledgeChunkMapper.insert - ==>  Preparing: INSERT INTO knowledge_chunk ( document_id, chunk_id, chunk_index, content, content_length, parent_chunk_id, parent_chunk_index, create_time ) VALUES ( ?, ?, ?, ?, ?, ?, ?, ? )
2026-08-17 17:48:04.001 [http-nio-8002-exec-6] DEBUG c.r.r.KnowledgeChunkMapper.insert - ==> Parameters: 13(Long), doc_13_child_2(String), 2(Integer), 社保公积金：每月15日前入职当月缴纳社保；15日后入职次月缴纳。离职当月15号前办理，当月停缴社保。(String), 50(Integer), doc_13_parent_0(String), 0(Integer), 2026-08-17T17:48:04.000124400(LocalDateTime)
2026-08-17 17:48:04.003 [http-nio-8002-exec-6] DEBUG c.r.r.KnowledgeChunkMapper.insert - <==    Updates: 1
2026-08-17 17:48:04.017 [http-nio-8002-exec-6] DEBUG c.r.service.VectorStoreServiceImpl - 批量向量入库成功: collection=rag_knowledge, count=3
2026-08-17 17:48:04.121 [http-nio-8002-exec-6] DEBUG c.r.service.VectorStoreServiceImpl - 批量向量入库成功: collection=rag_knowledge_parent, count=1
2026-08-17 17:48:04.192 [http-nio-8002-exec-6] INFO  c.ragstudy.service.Bm25ServiceImpl - BM25 索引写入完成, 新增 3 条记录
2026-08-17 17:48:04.193 [http-nio-8002-exec-6] DEBUG c.r.r.K.updateById - ==>  Preparing: UPDATE knowledge_document SET file_name=?, file_type=?, file_size=?, department=?, category=?, total_chunks=?, total_parent_chunks=?, status=?, create_time=?, update_time=? WHERE id=? AND deleted=0
2026-08-17 17:48:04.193 [http-nio-8002-exec-6] DEBUG c.r.r.K.updateById - ==> Parameters: f24593344d6d_人事入职转正离职制度.md(String), md(String), 1009(Long), 企业制度(String), 管理规范(String), 3(Integer), 1(Integer), indexed(String), 2026-08-17T17:48:03.848492(LocalDateTime), 2026-08-17T17:48:04.192789400(LocalDateTime), 13(Long)
2026-08-17 17:48:04.197 [http-nio-8002-exec-6] DEBUG c.r.r.K.updateById - <==    Updates: 1
2026-08-17 17:48:04.197 [http-nio-8002-exec-6] INFO  c.r.service.KnowledgeBaseService - 文档上传完成: id=13, chunks=3, parentChunks=1
2026-08-17 17:48:28.057 [http-nio-8002-exec-4] DEBUG c.r.r.K.selectCount - ==>  Preparing: SELECT COUNT( * ) AS total FROM knowledge_document WHERE deleted=0
2026-08-17 17:48:28.057 [http-nio-8002-exec-4] DEBUG c.r.r.K.selectCount - ==> Parameters: 
2026-08-17 17:48:28.058 [http-nio-8002-exec-4] DEBUG c.r.r.K.selectCount - <==      Total: 1
2026-08-17 17:48:28.058 [http-nio-8002-exec-4] DEBUG c.r.r.K.selectCount - ==>  Preparing: SELECT COUNT( * ) AS total FROM knowledge_chunk WHERE deleted=0
2026-08-17 17:48:28.058 [http-nio-8002-exec-4] DEBUG c.r.r.K.selectCount - ==> Parameters: 
2026-08-17 17:48:28.059 [http-nio-8002-exec-4] DEBUG c.r.r.K.selectCount - <==      Total: 1
2026-08-17 17:48:28.060 [http-nio-8002-exec-4] DEBUG c.r.r.K.selectList - ==>  Preparing: SELECT id,file_name,file_type,file_size,department,category,total_chunks,total_parent_chunks,status,summary,create_time,update_time,deleted FROM knowledge_document WHERE deleted=0
2026-08-17 17:48:28.060 [http-nio-8002-exec-4] DEBUG c.r.r.K.selectList - ==> Parameters: 
2026-08-17 17:48:28.064 [http-nio-8002-exec-4] DEBUG c.r.r.K.selectList - <==      Total: 7
2026-08-17 17:48:28.423 [http-nio-8002-exec-2] DEBUG c.r.r.K.selectList - ==>  Preparing: SELECT id,file_name,file_type,file_size,department,category,total_chunks,total_parent_chunks,status,summary,create_time,update_time,deleted FROM knowledge_document WHERE deleted=0 ORDER BY create_time DESC
2026-08-17 17:48:28.423 [http-nio-8002-exec-2] DEBUG c.r.r.K.selectList - ==> Parameters: 
2026-08-17 17:48:28.426 [http-nio-8002-exec-2] DEBUG c.r.r.K.selectList - <==      Total: 7
2026-08-17 17:49:24.776 [http-nio-8002-exec-8] DEBUG c.r.r.K.selectCount - ==>  Preparing: SELECT COUNT( * ) AS total FROM knowledge_document WHERE deleted=0
2026-08-17 17:49:24.777 [http-nio-8002-exec-8] DEBUG c.r.r.K.selectCount - ==> Parameters: 
2026-08-17 17:49:24.778 [http-nio-8002-exec-8] DEBUG c.r.r.K.selectCount - <==      Total: 1
2026-08-17 17:49:24.778 [http-nio-8002-exec-8] DEBUG c.r.r.K.selectCount - ==>  Preparing: SELECT COUNT( * ) AS total FROM knowledge_chunk WHERE deleted=0
2026-08-17 17:49:24.778 [http-nio-8002-exec-8] DEBUG c.r.r.K.selectCount - ==> Parameters: 
2026-08-17 17:49:24.781 [http-nio-8002-exec-8] DEBUG c.r.r.K.selectCount - <==      Total: 1
2026-08-17 17:49:24.781 [http-nio-8002-exec-8] DEBUG c.r.r.K.selectList - ==>  Preparing: SELECT id,file_name,file_type,file_size,department,category,total_chunks,total_parent_chunks,status,summary,create_time,update_time,deleted FROM knowledge_document WHERE deleted=0
2026-08-17 17:49:24.782 [http-nio-8002-exec-8] DEBUG c.r.r.K.selectList - ==> Parameters: 
2026-08-17 17:49:24.785 [http-nio-8002-exec-8] DEBUG c.r.r.K.selectList - <==      Total: 6
2026-08-17 17:49:25.050 [http-nio-8002-exec-10] DEBUG c.r.r.K.selectList - ==>  Preparing: SELECT id,file_name,file_type,file_size,department,category,total_chunks,total_parent_chunks,status,summary,create_time,update_time,deleted FROM knowledge_document WHERE deleted=0 ORDER BY create_time DESC
2026-08-17 17:49:25.051 [http-nio-8002-exec-10] DEBUG c.r.r.K.selectList - ==> Parameters: 
2026-08-17 17:49:25.053 [http-nio-8002-exec-10] DEBUG c.r.r.K.selectList - <==      Total: 6
2026-08-17 17:49:31.257 [http-nio-8002-exec-6] ERROR c.r.common.GlobalExceptionHandler - 系统异常
org.springframework.web.servlet.resource.NoResourceFoundException: No static resource api/internal/knowledge/chunks/13.
	at org.springframework.web.servlet.resource.ResourceHttpRequestHandler.handleRequest(ResourceHttpRequestHandler.java:585)
	at org.springframework.web.servlet.mvc.HttpRequestHandlerAdapter.handle(HttpRequestHandlerAdapter.java:52)
	at org.springframework.web.servlet.DispatcherServlet.doDispatch(DispatcherServlet.java:1089)
	at org.springframework.web.servlet.DispatcherServlet.doService(DispatcherServlet.java:979)
	at org.springframework.web.servlet.FrameworkServlet.processRequest(FrameworkServlet.java:1014)
	at org.springframework.web.servlet.FrameworkServlet.doGet(FrameworkServlet.java:903)
	at jakarta.servlet.http.HttpServlet.service(HttpServlet.java:564)
	at org.springframework.web.servlet.FrameworkServlet.service(FrameworkServlet.java:885)
	at jakarta.servlet.http.HttpServlet.service(HttpServlet.java:658)
	at org.apache.catalina.core.ApplicationFilterChain.internalDoFilter(ApplicationFilterChain.java:195)
	at org.apache.catalina.core.ApplicationFilterChain.doFilter(ApplicationFilterChain.java:140)
	at org.apache.tomcat.websocket.server.WsFilter.doFilter(WsFilter.java:51)
	at org.apache.catalina.core.ApplicationFilterChain.internalDoFilter(ApplicationFilterChain.java:164)
	at org.apache.catalina.core.ApplicationFilterChain.doFilter(ApplicationFilterChain.java:140)
	at org.springframework.web.filter.RequestContextFilter.doFilterInternal(RequestContextFilter.java:100)
	at org.springframework.web.filter.OncePerRequestFilter.doFilter(OncePerRequestFilter.java:116)
	at org.apache.catalina.core.ApplicationFilterChain.internalDoFilter(ApplicationFilterChain.java:164)
	at org.apache.catalina.core.ApplicationFilterChain.doFilter(ApplicationFilterChain.java:140)
	at org.springframework.web.filter.FormContentFilter.doFilterInternal(FormContentFilter.java:93)
	at org.springframework.web.filter.OncePerRequestFilter.doFilter(OncePerRequestFilter.java:116)
	at org.apache.catalina.core.ApplicationFilterChain.internalDoFilter(ApplicationFilterChain.java:164)
	at org.apache.catalina.core.ApplicationFilterChain.doFilter(ApplicationFilterChain.java:140)
	at org.springframework.web.filter.ServerHttpObservationFilter.doFilterInternal(ServerHttpObservationFilter.java:114)
	at org.springframework.web.filter.OncePerRequestFilter.doFilter(OncePerRequestFilter.java:116)
	at org.apache.catalina.core.ApplicationFilterChain.internalDoFilter(ApplicationFilterChain.java:164)
	at org.apache.catalina.core.ApplicationFilterChain.doFilter(ApplicationFilterChain.java:140)
	at org.springframework.web.filter.CharacterEncodingFilter.doFilterInternal(CharacterEncodingFilter.java:201)
	at org.springframework.web.filter.OncePerRequestFilter.doFilter(OncePerRequestFilter.java:116)
	at org.apache.catalina.core.ApplicationFilterChain.internalDoFilter(ApplicationFilterChain.java:164)
	at org.apache.catalina.core.ApplicationFilterChain.doFilter(ApplicationFilterChain.java:140)
	at org.apache.catalina.core.StandardWrapperValve.invoke(StandardWrapperValve.java:167)
	at org.apache.catalina.core.StandardContextValve.invoke(StandardContextValve.java:90)
	at org.apache.catalina.authenticator.AuthenticatorBase.invoke(AuthenticatorBase.java:483)
	at org.apache.catalina.core.StandardHostValve.invoke(StandardHostValve.java:115)
	at org.apache.catalina.valves.ErrorReportValve.invoke(ErrorReportValve.java:93)
	at org.apache.catalina.core.StandardEngineValve.invoke(StandardEngineValve.java:74)
	at org.apache.catalina.connector.CoyoteAdapter.service(CoyoteAdapter.java:344)
	at org.apache.coyote.http11.Http11Processor.service(Http11Processor.java:397)
	at org.apache.coyote.AbstractProcessorLight.process(AbstractProcessorLight.java:63)
	at org.apache.coyote.AbstractProtocol$ConnectionHandler.process(AbstractProtocol.java:905)
	at org.apache.tomcat.util.net.NioEndpoint$SocketProcessor.doRun(NioEndpoint.java:1743)
	at org.apache.tomcat.util.net.SocketProcessorBase.run(SocketProcessorBase.java:52)
	at org.apache.tomcat.util.threads.ThreadPoolExecutor.runWorker(ThreadPoolExecutor.java:1190)
	at org.apache.tomcat.util.threads.ThreadPoolExecutor$Worker.run(ThreadPoolExecutor.java:659)
	at org.apache.tomcat.util.threads.TaskThread$WrappingRunnable.run(TaskThread.java:63)
	at java.base/java.lang.Thread.run(Thread.java:1516)
2026-08-17 17:49:33.729 [http-nio-8002-exec-3] ERROR c.r.common.GlobalExceptionHandler - 系统异常
org.springframework.web.servlet.resource.NoResourceFoundException: No static resource api/internal/knowledge/chunks/11.
	at org.springframework.web.servlet.resource.ResourceHttpRequestHandler.handleRequest(ResourceHttpRequestHandler.java:585)
	at org.springframework.web.servlet.mvc.HttpRequestHandlerAdapter.handle(HttpRequestHandlerAdapter.java:52)
	at org.springframework.web.servlet.DispatcherServlet.doDispatch(DispatcherServlet.java:1089)
	at org.springframework.web.servlet.DispatcherServlet.doService(DispatcherServlet.java:979)
	at org.springframework.web.servlet.FrameworkServlet.processRequest(FrameworkServlet.java:1014)
	at org.springframework.web.servlet.FrameworkServlet.doGet(FrameworkServlet.java:903)
	at jakarta.servlet.http.HttpServlet.service(HttpServlet.java:564)
	at org.springframework.web.servlet.FrameworkServlet.service(FrameworkServlet.java:885)
	at jakarta.servlet.http.HttpServlet.service(HttpServlet.java:658)
	at org.apache.catalina.core.ApplicationFilterChain.internalDoFilter(ApplicationFilterChain.java:195)
	at org.apache.catalina.core.ApplicationFilterChain.doFilter(ApplicationFilterChain.java:140)
	at org.apache.tomcat.websocket.server.WsFilter.doFilter(WsFilter.java:51)
	at org.apache.catalina.core.ApplicationFilterChain.internalDoFilter(ApplicationFilterChain.java:164)
	at org.apache.catalina.core.ApplicationFilterChain.doFilter(ApplicationFilterChain.java:140)
	at org.springframework.web.filter.RequestContextFilter.doFilterInternal(RequestContextFilter.java:100)
	at org.springframework.web.filter.OncePerRequestFilter.doFilter(OncePerRequestFilter.java:116)
	at org.apache.catalina.core.ApplicationFilterChain.internalDoFilter(ApplicationFilterChain.java:164)
	at org.apache.catalina.core.ApplicationFilterChain.doFilter(ApplicationFilterChain.java:140)
	at org.springframework.web.filter.FormContentFilter.doFilterInternal(FormContentFilter.java:93)
	at org.springframework.web.filter.OncePerRequestFilter.doFilter(OncePerRequestFilter.java:116)
	at org.apache.catalina.core.ApplicationFilterChain.internalDoFilter(ApplicationFilterChain.java:164)
	at org.apache.catalina.core.ApplicationFilterChain.doFilter(ApplicationFilterChain.java:140)
	at org.springframework.web.filter.ServerHttpObservationFilter.doFilterInternal(ServerHttpObservationFilter.java:114)
	at org.springframework.web.filter.OncePerRequestFilter.doFilter(OncePerRequestFilter.java:116)
	at org.apache.catalina.core.ApplicationFilterChain.internalDoFilter(ApplicationFilterChain.java:164)
	at org.apache.catalina.core.ApplicationFilterChain.doFilter(ApplicationFilterChain.java:140)
	at org.springframework.web.filter.CharacterEncodingFilter.doFilterInternal(CharacterEncodingFilter.java:201)
	at org.springframework.web.filter.OncePerRequestFilter.doFilter(OncePerRequestFilter.java:116)
	at org.apache.catalina.core.ApplicationFilterChain.internalDoFilter(ApplicationFilterChain.java:164)
	at org.apache.catalina.core.ApplicationFilterChain.doFilter(ApplicationFilterChain.java:140)
	at org.apache.catalina.core.StandardWrapperValve.invoke(StandardWrapperValve.java:167)
	at org.apache.catalina.core.StandardContextValve.invoke(StandardContextValve.java:90)
	at org.apache.catalina.authenticator.AuthenticatorBase.invoke(AuthenticatorBase.java:483)
	at org.apache.catalina.core.StandardHostValve.invoke(StandardHostValve.java:115)
	at org.apache.catalina.valves.ErrorReportValve.invoke(ErrorReportValve.java:93)
	at org.apache.catalina.core.StandardEngineValve.invoke(StandardEngineValve.java:74)
	at org.apache.catalina.connector.CoyoteAdapter.service(CoyoteAdapter.java:344)
	at org.apache.coyote.http11.Http11Processor.service(Http11Processor.java:397)
	at org.apache.coyote.AbstractProcessorLight.process(AbstractProcessorLight.java:63)
	at org.apache.coyote.AbstractProtocol$ConnectionHandler.process(AbstractProtocol.java:905)
	at org.apache.tomcat.util.net.NioEndpoint$SocketProcessor.doRun(NioEndpoint.java:1743)
	at org.apache.tomcat.util.net.SocketProcessorBase.run(SocketProcessorBase.java:52)
	at org.apache.tomcat.util.threads.ThreadPoolExecutor.runWorker(ThreadPoolExecutor.java:1190)
	at org.apache.tomcat.util.threads.ThreadPoolExecutor$Worker.run(ThreadPoolExecutor.java:659)
	at org.apache.tomcat.util.threads.TaskThread$WrappingRunnable.run(TaskThread.java:63)
	at java.base/java.lang.Thread.run(Thread.java:1516)
2026-08-17 17:49:35.662 [http-nio-8002-exec-4] ERROR c.r.common.GlobalExceptionHandler - 系统异常
org.springframework.web.servlet.resource.NoResourceFoundException: No static resource api/internal/knowledge/chunks/12.
	at org.springframework.web.servlet.resource.ResourceHttpRequestHandler.handleRequest(ResourceHttpRequestHandler.java:585)
	at org.springframework.web.servlet.mvc.HttpRequestHandlerAdapter.handle(HttpRequestHandlerAdapter.java:52)
	at org.springframework.web.servlet.DispatcherServlet.doDispatch(DispatcherServlet.java:1089)
	at org.springframework.web.servlet.DispatcherServlet.doService(DispatcherServlet.java:979)
	at org.springframework.web.servlet.FrameworkServlet.processRequest(FrameworkServlet.java:1014)
	at org.springframework.web.servlet.FrameworkServlet.doGet(FrameworkServlet.java:903)
	at jakarta.servlet.http.HttpServlet.service(HttpServlet.java:564)
	at org.springframework.web.servlet.FrameworkServlet.service(FrameworkServlet.java:885)
	at jakarta.servlet.http.HttpServlet.service(HttpServlet.java:658)
	at org.apache.catalina.core.ApplicationFilterChain.internalDoFilter(ApplicationFilterChain.java:195)
	at org.apache.catalina.core.ApplicationFilterChain.doFilter(ApplicationFilterChain.java:140)
	at org.apache.tomcat.websocket.server.WsFilter.doFilter(WsFilter.java:51)
	at org.apache.catalina.core.ApplicationFilterChain.internalDoFilter(ApplicationFilterChain.java:164)
	at org.apache.catalina.core.ApplicationFilterChain.doFilter(ApplicationFilterChain.java:140)
	at org.springframework.web.filter.RequestContextFilter.doFilterInternal(RequestContextFilter.java:100)
	at org.springframework.web.filter.OncePerRequestFilter.doFilter(OncePerRequestFilter.java:116)
	at org.apache.catalina.core.ApplicationFilterChain.internalDoFilter(ApplicationFilterChain.java:164)
	at org.apache.catalina.core.ApplicationFilterChain.doFilter(ApplicationFilterChain.java:140)
	at org.springframework.web.filter.FormContentFilter.doFilterInternal(FormContentFilter.java:93)
	at org.springframework.web.filter.OncePerRequestFilter.doFilter(OncePerRequestFilter.java:116)
	at org.apache.catalina.core.ApplicationFilterChain.internalDoFilter(ApplicationFilterChain.java:164)
	at org.apache.catalina.core.ApplicationFilterChain.doFilter(ApplicationFilterChain.java:140)
	at org.springframework.web.filter.ServerHttpObservationFilter.doFilterInternal(ServerHttpObservationFilter.java:114)
	at org.springframework.web.filter.OncePerRequestFilter.doFilter(OncePerRequestFilter.java:116)
	at org.apache.catalina.core.ApplicationFilterChain.internalDoFilter(ApplicationFilterChain.java:164)
	at org.apache.catalina.core.ApplicationFilterChain.doFilter(ApplicationFilterChain.java:140)
	at org.springframework.web.filter.CharacterEncodingFilter.doFilterInternal(CharacterEncodingFilter.java:201)
	at org.springframework.web.filter.OncePerRequestFilter.doFilter(OncePerRequestFilter.java:116)
	at org.apache.catalina.core.ApplicationFilterChain.internalDoFilter(ApplicationFilterChain.java:164)
	at org.apache.catalina.core.ApplicationFilterChain.doFilter(ApplicationFilterChain.java:140)
	at org.apache.catalina.core.StandardWrapperValve.invoke(StandardWrapperValve.java:167)
	at org.apache.catalina.core.StandardContextValve.invoke(StandardContextValve.java:90)
	at org.apache.catalina.authenticator.AuthenticatorBase.invoke(AuthenticatorBase.java:483)
	at org.apache.catalina.core.StandardHostValve.invoke(StandardHostValve.java:115)
	at org.apache.catalina.valves.ErrorReportValve.invoke(ErrorReportValve.java:93)
	at org.apache.catalina.core.StandardEngineValve.invoke(StandardEngineValve.java:74)
	at org.apache.catalina.connector.CoyoteAdapter.service(CoyoteAdapter.java:344)
	at org.apache.coyote.http11.Http11Processor.service(Http11Processor.java:397)
	at org.apache.coyote.AbstractProcessorLight.process(AbstractProcessorLight.java:63)
	at org.apache.coyote.AbstractProtocol$ConnectionHandler.process(AbstractProtocol.java:905)
	at org.apache.tomcat.util.net.NioEndpoint$SocketProcessor.doRun(NioEndpoint.java:1743)
	at org.apache.tomcat.util.net.SocketProcessorBase.run(SocketProcessorBase.java:52)
	at org.apache.tomcat.util.threads.ThreadPoolExecutor.runWorker(ThreadPoolExecutor.java:1190)
	at org.apache.tomcat.util.threads.ThreadPoolExecutor$Worker.run(ThreadPoolExecutor.java:659)
	at org.apache.tomcat.util.threads.TaskThread$WrappingRunnable.run(TaskThread.java:63)
	at java.base/java.lang.Thread.run(Thread.java:1516)
2026-08-17 17:49:40.645 [http-nio-8002-exec-5] ERROR c.r.common.GlobalExceptionHandler - 系统异常
org.springframework.web.servlet.resource.NoResourceFoundException: No static resource api/internal/knowledge/chunks/8.
	at org.springframework.web.servlet.resource.ResourceHttpRequestHandler.handleRequest(ResourceHttpRequestHandler.java:585)
	at org.springframework.web.servlet.mvc.HttpRequestHandlerAdapter.handle(HttpRequestHandlerAdapter.java:52)
	at org.springframework.web.servlet.DispatcherServlet.doDispatch(DispatcherServlet.java:1089)
	at org.springframework.web.servlet.DispatcherServlet.doService(DispatcherServlet.java:979)
	at org.springframework.web.servlet.FrameworkServlet.processRequest(FrameworkServlet.java:1014)
	at org.springframework.web.servlet.FrameworkServlet.doGet(FrameworkServlet.java:903)
	at jakarta.servlet.http.HttpServlet.service(HttpServlet.java:564)
	at org.springframework.web.servlet.FrameworkServlet.service(FrameworkServlet.java:885)
	at jakarta.servlet.http.HttpServlet.service(HttpServlet.java:658)
	at org.apache.catalina.core.ApplicationFilterChain.internalDoFilter(ApplicationFilterChain.java:195)
	at org.apache.catalina.core.ApplicationFilterChain.doFilter(ApplicationFilterChain.java:140)
	at org.apache.tomcat.websocket.server.WsFilter.doFilter(WsFilter.java:51)
	at org.apache.catalina.core.ApplicationFilterChain.internalDoFilter(ApplicationFilterChain.java:164)
	at org.apache.catalina.core.ApplicationFilterChain.doFilter(ApplicationFilterChain.java:140)
	at org.springframework.web.filter.RequestContextFilter.doFilterInternal(RequestContextFilter.java:100)
	at org.springframework.web.filter.OncePerRequestFilter.doFilter(OncePerRequestFilter.java:116)
	at org.apache.catalina.core.ApplicationFilterChain.internalDoFilter(ApplicationFilterChain.java:164)
	at org.apache.catalina.core.ApplicationFilterChain.doFilter(ApplicationFilterChain.java:140)
	at org.springframework.web.filter.FormContentFilter.doFilterInternal(FormContentFilter.java:93)
	at org.springframework.web.filter.OncePerRequestFilter.doFilter(OncePerRequestFilter.java:116)
	at org.apache.catalina.core.ApplicationFilterChain.internalDoFilter(ApplicationFilterChain.java:164)
	at org.apache.catalina.core.ApplicationFilterChain.doFilter(ApplicationFilterChain.java:140)
	at org.springframework.web.filter.ServerHttpObservationFilter.doFilterInternal(ServerHttpObservationFilter.java:114)
	at org.springframework.web.filter.OncePerRequestFilter.doFilter(OncePerRequestFilter.java:116)
	at org.apache.catalina.core.ApplicationFilterChain.internalDoFilter(ApplicationFilterChain.java:164)
	at org.apache.catalina.core.ApplicationFilterChain.doFilter(ApplicationFilterChain.java:140)
	at org.springframework.web.filter.CharacterEncodingFilter.doFilterInternal(CharacterEncodingFilter.java:201)
	at org.springframework.web.filter.OncePerRequestFilter.doFilter(OncePerRequestFilter.java:116)
	at org.apache.catalina.core.ApplicationFilterChain.internalDoFilter(ApplicationFilterChain.java:164)
	at org.apache.catalina.core.ApplicationFilterChain.doFilter(ApplicationFilterChain.java:140)
	at org.apache.catalina.core.StandardWrapperValve.invoke(StandardWrapperValve.java:167)
	at org.apache.catalina.core.StandardContextValve.invoke(StandardContextValve.java:90)
	at org.apache.catalina.authenticator.AuthenticatorBase.invoke(AuthenticatorBase.java:483)
	at org.apache.catalina.core.StandardHostValve.invoke(StandardHostValve.java:115)
	at org.apache.catalina.valves.ErrorReportValve.invoke(ErrorReportValve.java:93)
	at org.apache.catalina.core.StandardEngineValve.invoke(StandardEngineValve.java:74)
	at org.apache.catalina.connector.CoyoteAdapter.service(CoyoteAdapter.java:344)
	at org.apache.coyote.http11.Http11Processor.service(Http11Processor.java:397)
	at org.apache.coyote.AbstractProcessorLight.process(AbstractProcessorLight.java:63)
	at org.apache.coyote.AbstractProtocol$ConnectionHandler.process(AbstractProtocol.java:905)
	at org.apache.tomcat.util.net.NioEndpoint$SocketProcessor.doRun(NioEndpoint.java:1743)
	at org.apache.tomcat.util.net.SocketProcessorBase.run(SocketProcessorBase.java:52)
	at org.apache.tomcat.util.threads.ThreadPoolExecutor.runWorker(ThreadPoolExecutor.java:1190)
	at org.apache.tomcat.util.threads.ThreadPoolExecutor$Worker.run(ThreadPoolExecutor.java:659)
	at org.apache.tomcat.util.threads.TaskThread$WrappingRunnable.run(TaskThread.java:63)
	at java.base/java.lang.Thread.run(Thread.java:1516)
2026-08-17 17:55:09.087 [http-nio-8002-exec-2] DEBUG c.r.r.K.selectCount - ==>  Preparing: SELECT COUNT( * ) AS total FROM knowledge_document WHERE deleted=0
2026-08-17 17:55:09.087 [http-nio-8002-exec-2] DEBUG c.r.r.K.selectCount - ==> Parameters: 
2026-08-17 17:55:09.087 [http-nio-8002-exec-2] DEBUG c.r.r.K.selectCount - <==      Total: 1
2026-08-17 17:55:09.088 [http-nio-8002-exec-2] DEBUG c.r.r.K.selectCount - ==>  Preparing: SELECT COUNT( * ) AS total FROM knowledge_chunk WHERE deleted=0
2026-08-17 17:55:09.088 [http-nio-8002-exec-2] DEBUG c.r.r.K.selectCount - ==> Parameters: 
2026-08-17 17:55:09.089 [http-nio-8002-exec-2] DEBUG c.r.r.K.selectCount - <==      Total: 1
2026-08-17 17:55:09.089 [http-nio-8002-exec-2] DEBUG c.r.r.K.selectList - ==>  Preparing: SELECT id,file_name,file_type,file_size,department,category,total_chunks,total_parent_chunks,status,summary,create_time,update_time,deleted FROM knowledge_document WHERE deleted=0
2026-08-17 17:55:09.089 [http-nio-8002-exec-2] DEBUG c.r.r.K.selectList - ==> Parameters: 
2026-08-17 17:55:09.093 [http-nio-8002-exec-2] DEBUG c.r.r.K.selectList - <==      Total: 6
2026-08-17 17:55:09.298 [http-nio-8002-exec-8] DEBUG c.r.r.K.selectList - ==>  Preparing: SELECT id,file_name,file_type,file_size,department,category,total_chunks,total_parent_chunks,status,summary,create_time,update_time,deleted FROM knowledge_document WHERE deleted=0 ORDER BY create_time DESC
2026-08-17 17:55:09.298 [http-nio-8002-exec-8] DEBUG c.r.r.K.selectList - ==> Parameters: 
2026-08-17 17:55:09.300 [http-nio-8002-exec-8] DEBUG c.r.r.K.selectList - <==      Total: 6
2026-08-17 17:56:32.848 [background-preinit] INFO  o.h.validator.internal.util.Version - HV000001: Hibernate Validator 8.0.2.Final
2026-08-17 17:56:32.906 [main] INFO  com.ragstudy.RagEngineApplication - Starting RagEngineApplication using Java 26.0.1 with PID 23120 (D:\RAG-study\rag-engine\target\classes started by Lenovo in D:\RAG-study\rag-engine)
2026-08-17 17:56:32.907 [main] DEBUG com.ragstudy.RagEngineApplication - Running with Spring Boot v3.4.4, Spring v6.2.5
2026-08-17 17:56:32.907 [main] INFO  com.ragstudy.RagEngineApplication - The following 1 profile is active: "dev"
2026-08-17 17:56:34.275 [main] INFO  o.s.b.w.e.tomcat.TomcatWebServer - Tomcat initialized with port 8002 (http)
2026-08-17 17:56:34.293 [main] INFO  o.a.coyote.http11.Http11NioProtocol - Initializing ProtocolHandler ["http-nio-8002"]
2026-08-17 17:56:34.295 [main] INFO  o.a.catalina.core.StandardService - Starting service [Tomcat]
2026-08-17 17:56:34.296 [main] INFO  o.a.catalina.core.StandardEngine - Starting Servlet engine: [Apache Tomcat/10.1.39]
2026-08-17 17:56:34.384 [main] INFO  o.a.c.c.C.[Tomcat].[localhost].[/] - Initializing Spring embedded WebApplicationContext
2026-08-17 17:56:34.385 [main] INFO  o.s.b.w.s.c.ServletWebServerApplicationContext - Root WebApplicationContext: initialization completed in 1427 ms
2026-08-17 17:56:34.711 [main] INFO  com.zaxxer.hikari.HikariDataSource - HikariPool-1 - Starting...
2026-08-17 17:56:35.209 [main] INFO  com.zaxxer.hikari.pool.HikariPool - HikariPool-1 - Added connection com.mysql.cj.jdbc.ConnectionImpl@23f5008a
2026-08-17 17:56:35.211 [main] INFO  com.zaxxer.hikari.HikariDataSource - HikariPool-1 - Start completed.
2026-08-17 17:56:35.427 [main] INFO  c.r.service.EmbeddingServiceImpl - 初始化 Embedding 服务...
2026-08-17 17:56:35.427 [main] INFO  c.r.service.EmbeddingServiceImpl - 加载 ONNX 模型: D:\RAG-study\rag-engine\target\classes\models\onnx\model.onnx
2026-08-17 17:56:35.934 [main] INFO  c.r.service.EmbeddingServiceImpl - 加载分词器: D:\RAG-study\rag-engine\target\classes\models\tokenizer.json
2026-08-17 17:56:37.303 [main] INFO  ai.djl.util.Platform - Found matching platform from: jar:file:/D:/Server/apache-maven-3.6.3/MavenRepositories/ai/djl/huggingface/tokenizers/0.31.0/tokenizers-0.31.0.jar!/native/lib/tokenizers.properties
2026-08-17 17:56:37.397 [main] WARN  a.d.h.t.HuggingFaceTokenizer - maxLength is not explicitly specified, use modelMaxLength: 512
2026-08-17 17:56:37.398 [main] INFO  c.r.service.EmbeddingServiceImpl - Embedding 服务初始化完成 - 模型: D:\RAG-study\rag-engine\target\classes\models\onnx\model.onnx, 向量维度: 512
2026-08-17 17:56:37.403 [main] INFO  c.r.service.VectorStoreServiceImpl - 初始化向量数据库服务...
2026-08-17 17:56:38.765 [main] INFO  c.r.service.VectorStoreServiceImpl - Qdrant 连接成功: localhost:6334
2026-08-17 17:56:38.765 [main] INFO  c.r.service.VectorStoreServiceImpl - 向量数据库服务初始化完成
2026-08-17 17:56:38.790 [main] INFO  c.ragstudy.service.Bm25ServiceImpl - 初始化 BM25 索引服务...
2026-08-17 17:56:38.943 [main] WARN  o.a.l.i.v.VectorizationProvider - You are running with Java 23 or later. To make full use of the Vector API, please update Apache Lucene.
2026-08-17 17:56:39.137 [main] INFO  c.ragstudy.service.Bm25ServiceImpl - BM25 索引服务初始化完成, 索引路径: D:\RAG-study\rag-engine\.\data\bm25_index
2026-08-17 17:56:39.713 [main] INFO  o.s.b.a.e.web.EndpointLinksResolver - Exposing 1 endpoint beneath base path '/actuator'
2026-08-17 17:56:39.790 [main] INFO  o.a.coyote.http11.Http11NioProtocol - Starting ProtocolHandler ["http-nio-8002"]
2026-08-17 17:56:39.804 [main] INFO  o.s.b.w.e.tomcat.TomcatWebServer - Tomcat started on port 8002 (http) with context path '/'
2026-08-17 17:56:39.815 [main] INFO  com.ragstudy.RagEngineApplication - Started RagEngineApplication in 7.638 seconds (process running for 8.27)
2026-08-17 17:57:03.989 [http-nio-8002-exec-2] INFO  o.a.c.c.C.[Tomcat].[localhost].[/] - Initializing Spring DispatcherServlet 'dispatcherServlet'
2026-08-17 17:57:03.989 [http-nio-8002-exec-2] INFO  o.s.web.servlet.DispatcherServlet - Initializing Servlet 'dispatcherServlet'
2026-08-17 17:57:03.991 [http-nio-8002-exec-2] INFO  o.s.web.servlet.DispatcherServlet - Completed initialization in 2 ms
2026-08-17 17:57:04.019 [http-nio-8002-exec-2] INFO  c.r.controller.KnowledgeController - 获取文档分块: documentId=8
2026-08-17 17:57:04.033 [http-nio-8002-exec-2] DEBUG c.r.r.K.selectByDocumentId - ==>  Preparing: SELECT * FROM knowledge_chunk WHERE document_id = ? AND deleted = 0 ORDER BY chunk_index
2026-08-17 17:57:04.052 [http-nio-8002-exec-2] DEBUG c.r.r.K.selectByDocumentId - ==> Parameters: 8(Long)
2026-08-17 17:57:04.073 [http-nio-8002-exec-2] DEBUG c.r.r.K.selectByDocumentId - <==      Total: 4
2026-08-17 17:57:14.823 [http-nio-8002-exec-3] INFO  c.r.controller.KnowledgeController - 更新分块: chunkId=doc_8_child_0, contentLength=8
2026-08-17 17:57:14.865 [http-nio-8002-exec-3] DEBUG c.r.r.K.selectList - ==>  Preparing: SELECT id,document_id,chunk_id,chunk_index,content,content_length,parent_chunk_id,parent_chunk_index,create_time,deleted FROM knowledge_chunk WHERE deleted=0 AND (chunk_id = ?)
2026-08-17 17:57:14.865 [http-nio-8002-exec-3] DEBUG c.r.r.K.selectList - ==> Parameters: doc_8_child_0(String)
2026-08-17 17:57:14.868 [http-nio-8002-exec-3] DEBUG c.r.r.K.selectList - <==      Total: 1
2026-08-17 17:57:14.870 [http-nio-8002-exec-3] DEBUG c.r.r.K.selectById - ==>  Preparing: SELECT id,file_name,file_type,file_size,department,category,total_chunks,total_parent_chunks,status,summary,create_time,update_time,deleted FROM knowledge_document WHERE id=? AND deleted=0
2026-08-17 17:57:14.870 [http-nio-8002-exec-3] DEBUG c.r.r.K.selectById - ==> Parameters: 8(Long)
2026-08-17 17:57:14.872 [http-nio-8002-exec-3] DEBUG c.r.r.K.selectById - <==      Total: 1
2026-08-17 17:57:14.875 [http-nio-8002-exec-3] DEBUG c.r.r.K.updateById - ==>  Preparing: UPDATE knowledge_chunk SET document_id=?, chunk_id=?, chunk_index=?, content=?, content_length=?, parent_chunk_id=?, parent_chunk_index=?, create_time=? WHERE id=? AND deleted=0
2026-08-17 17:57:14.876 [http-nio-8002-exec-3] DEBUG c.r.r.K.updateById - ==> Parameters: 8(Long), doc_8_child_0(String), 0(Integer), 更新后的测试内容(String), 8(Integer), doc_8_parent_0(String), 0(Integer), 2026-08-17T17:47:56(LocalDateTime), 19(Long)
2026-08-17 17:57:14.880 [http-nio-8002-exec-3] DEBUG c.r.r.K.updateById - <==    Updates: 1
2026-08-17 17:57:15.005 [http-nio-8002-exec-3] DEBUG c.r.service.VectorStoreServiceImpl - 批量向量入库成功: collection=rag_knowledge, count=1
2026-08-17 17:57:15.028 [http-nio-8002-exec-3] DEBUG c.r.r.K.selectByParentChunkId - ==>  Preparing: SELECT * FROM knowledge_chunk WHERE parent_chunk_id = ? AND deleted = 0
2026-08-17 17:57:15.029 [http-nio-8002-exec-3] DEBUG c.r.r.K.selectByParentChunkId - ==> Parameters: doc_8_parent_0(String)
2026-08-17 17:57:15.031 [http-nio-8002-exec-3] DEBUG c.r.r.K.selectByParentChunkId - <==      Total: 4
2026-08-17 17:57:15.331 [http-nio-8002-exec-3] INFO  c.ragstudy.service.Bm25ServiceImpl - BM25 索引写入完成, 新增 1 条记录
2026-08-17 17:57:15.333 [http-nio-8002-exec-3] INFO  c.r.service.KnowledgeBaseService - 分块已更新: chunkId=doc_8_child_0, documentId=8
2026-08-17 18:04:29.955 [http-nio-8002-exec-5] DEBUG c.r.r.K.selectCount - ==>  Preparing: SELECT COUNT( * ) AS total FROM knowledge_document WHERE deleted=0
2026-08-17 18:04:29.956 [http-nio-8002-exec-5] DEBUG c.r.r.K.selectCount - ==> Parameters: 
2026-08-17 18:04:29.958 [http-nio-8002-exec-5] DEBUG c.r.r.K.selectCount - <==      Total: 1
2026-08-17 18:04:29.958 [http-nio-8002-exec-5] DEBUG c.r.r.K.selectCount - ==>  Preparing: SELECT COUNT( * ) AS total FROM knowledge_chunk WHERE deleted=0
2026-08-17 18:04:29.958 [http-nio-8002-exec-5] DEBUG c.r.r.K.selectCount - ==> Parameters: 
2026-08-17 18:04:29.961 [http-nio-8002-exec-5] DEBUG c.r.r.K.selectCount - <==      Total: 1
2026-08-17 18:04:29.962 [http-nio-8002-exec-5] DEBUG c.r.r.K.selectList - ==>  Preparing: SELECT id,file_name,file_type,file_size,department,category,total_chunks,total_parent_chunks,status,summary,create_time,update_time,deleted FROM knowledge_document WHERE deleted=0
2026-08-17 18:04:29.962 [http-nio-8002-exec-5] DEBUG c.r.r.K.selectList - ==> Parameters: 
2026-08-17 18:04:29.964 [http-nio-8002-exec-5] DEBUG c.r.r.K.selectList - <==      Total: 6
2026-08-17 18:04:30.178 [http-nio-8002-exec-7] DEBUG c.r.r.K.selectList - ==>  Preparing: SELECT id,file_name,file_type,file_size,department,category,total_chunks,total_parent_chunks,status,summary,create_time,update_time,deleted FROM knowledge_document WHERE deleted=0 ORDER BY create_time DESC
2026-08-17 18:04:30.178 [http-nio-8002-exec-7] DEBUG c.r.r.K.selectList - ==> Parameters: 
2026-08-17 18:04:30.180 [http-nio-8002-exec-7] DEBUG c.r.r.K.selectList - <==      Total: 6
2026-08-17 18:04:32.242 [http-nio-8002-exec-4] INFO  c.r.controller.KnowledgeController - 获取文档分块: documentId=8
2026-08-17 18:04:32.243 [http-nio-8002-exec-4] DEBUG c.r.r.K.selectByDocumentId - ==>  Preparing: SELECT * FROM knowledge_chunk WHERE document_id = ? AND deleted = 0 ORDER BY chunk_index
2026-08-17 18:04:32.244 [http-nio-8002-exec-4] DEBUG c.r.r.K.selectByDocumentId - ==> Parameters: 8(Long)
2026-08-17 18:04:32.247 [http-nio-8002-exec-4] DEBUG c.r.r.K.selectByDocumentId - <==      Total: 4
2026-08-17 18:04:40.925 [http-nio-8002-exec-2] INFO  c.r.controller.KnowledgeController - 获取文档分块: documentId=12
2026-08-17 18:04:40.925 [http-nio-8002-exec-2] DEBUG c.r.r.K.selectByDocumentId - ==>  Preparing: SELECT * FROM knowledge_chunk WHERE document_id = ? AND deleted = 0 ORDER BY chunk_index
2026-08-17 18:04:40.926 [http-nio-8002-exec-2] DEBUG c.r.r.K.selectByDocumentId - ==> Parameters: 12(Long)
2026-08-17 18:04:40.928 [http-nio-8002-exec-2] DEBUG c.r.r.K.selectByDocumentId - <==      Total: 3
2026-08-17 18:05:06.639 [http-nio-8002-exec-3] DEBUG c.r.r.K.selectCount - ==>  Preparing: SELECT COUNT( * ) AS total FROM knowledge_document WHERE deleted=0
2026-08-17 18:05:06.639 [http-nio-8002-exec-3] DEBUG c.r.r.K.selectCount - ==> Parameters: 
2026-08-17 18:05:06.641 [http-nio-8002-exec-3] DEBUG c.r.r.K.selectCount - <==      Total: 1
2026-08-17 18:05:06.641 [http-nio-8002-exec-3] DEBUG c.r.r.K.selectCount - ==>  Preparing: SELECT COUNT( * ) AS total FROM knowledge_chunk WHERE deleted=0
2026-08-17 18:05:06.641 [http-nio-8002-exec-3] DEBUG c.r.r.K.selectCount - ==> Parameters: 
2026-08-17 18:05:06.642 [http-nio-8002-exec-3] DEBUG c.r.r.K.selectCount - <==      Total: 1
2026-08-17 18:05:06.643 [http-nio-8002-exec-3] DEBUG c.r.r.K.selectList - ==>  Preparing: SELECT id,file_name,file_type,file_size,department,category,total_chunks,total_parent_chunks,status,summary,create_time,update_time,deleted FROM knowledge_document WHERE deleted=0
2026-08-17 18:05:06.643 [http-nio-8002-exec-3] DEBUG c.r.r.K.selectList - ==> Parameters: 
2026-08-17 18:05:06.646 [http-nio-8002-exec-3] DEBUG c.r.r.K.selectList - <==      Total: 6
2026-08-17 18:05:06.834 [http-nio-8002-exec-5] DEBUG c.r.r.K.selectList - ==>  Preparing: SELECT id,file_name,file_type,file_size,department,category,total_chunks,total_parent_chunks,status,summary,create_time,update_time,deleted FROM knowledge_document WHERE deleted=0 ORDER BY create_time DESC
2026-08-17 18:05:06.834 [http-nio-8002-exec-5] DEBUG c.r.r.K.selectList - ==> Parameters: 
2026-08-17 18:05:06.837 [http-nio-8002-exec-5] DEBUG c.r.r.K.selectList - <==      Total: 6
2026-08-17 18:11:44.685 [http-nio-8002-exec-7] INFO  c.r.controller.KnowledgeController - 获取文档分块: documentId=12
2026-08-17 18:11:44.686 [http-nio-8002-exec-7] DEBUG c.r.r.K.selectByDocumentId - ==>  Preparing: SELECT * FROM knowledge_chunk WHERE document_id = ? AND deleted = 0 ORDER BY chunk_index
2026-08-17 18:11:44.687 [http-nio-8002-exec-7] DEBUG c.r.r.K.selectByDocumentId - ==> Parameters: 12(Long)
2026-08-17 18:11:44.688 [http-nio-8002-exec-7] DEBUG c.r.r.K.selectByDocumentId - <==      Total: 3
2026-08-17 18:14:30.565 [http-nio-8002-exec-4] DEBUG c.r.r.K.selectCount - ==>  Preparing: SELECT COUNT( * ) AS total FROM knowledge_document WHERE deleted=0
2026-08-17 18:14:30.567 [http-nio-8002-exec-4] DEBUG c.r.r.K.selectCount - ==> Parameters: 
2026-08-17 18:14:30.568 [http-nio-8002-exec-4] DEBUG c.r.r.K.selectCount - <==      Total: 1
2026-08-17 18:14:30.569 [http-nio-8002-exec-4] DEBUG c.r.r.K.selectCount - ==>  Preparing: SELECT COUNT( * ) AS total FROM knowledge_chunk WHERE deleted=0
2026-08-17 18:14:30.569 [http-nio-8002-exec-4] DEBUG c.r.r.K.selectCount - ==> Parameters: 
2026-08-17 18:14:30.570 [http-nio-8002-exec-4] DEBUG c.r.r.K.selectCount - <==      Total: 1
2026-08-17 18:14:30.573 [http-nio-8002-exec-4] DEBUG c.r.r.K.selectList - ==>  Preparing: SELECT id,file_name,file_type,file_size,department,category,total_chunks,total_parent_chunks,status,summary,create_time,update_time,deleted FROM knowledge_document WHERE deleted=0
2026-08-17 18:14:30.574 [http-nio-8002-exec-4] DEBUG c.r.r.K.selectList - ==> Parameters: 
2026-08-17 18:14:30.580 [http-nio-8002-exec-4] DEBUG c.r.r.K.selectList - <==      Total: 6
2026-08-17 18:14:30.882 [http-nio-8002-exec-2] DEBUG c.r.r.K.selectList - ==>  Preparing: SELECT id,file_name,file_type,file_size,department,category,total_chunks,total_parent_chunks,status,summary,create_time,update_time,deleted FROM knowledge_document WHERE deleted=0 ORDER BY create_time DESC
2026-08-17 18:14:30.882 [http-nio-8002-exec-2] DEBUG c.r.r.K.selectList - ==> Parameters: 
2026-08-17 18:14:30.885 [http-nio-8002-exec-2] DEBUG c.r.r.K.selectList - <==      Total: 6
2026-08-17 18:24:30.609 [http-nio-8002-exec-3] DEBUG c.r.r.K.selectCount - ==>  Preparing: SELECT COUNT( * ) AS total FROM knowledge_document WHERE deleted=0
2026-08-17 18:24:30.610 [http-nio-8002-exec-3] DEBUG c.r.r.K.selectCount - ==> Parameters: 
2026-08-17 18:24:30.616 [http-nio-8002-exec-3] DEBUG c.r.r.K.selectCount - <==      Total: 1
2026-08-17 18:24:30.619 [http-nio-8002-exec-3] DEBUG c.r.r.K.selectCount - ==>  Preparing: SELECT COUNT( * ) AS total FROM knowledge_chunk WHERE deleted=0
2026-08-17 18:24:30.619 [http-nio-8002-exec-3] DEBUG c.r.r.K.selectCount - ==> Parameters: 
2026-08-17 18:24:30.620 [http-nio-8002-exec-3] DEBUG c.r.r.K.selectCount - <==      Total: 1
2026-08-17 18:24:30.620 [http-nio-8002-exec-3] DEBUG c.r.r.K.selectList - ==>  Preparing: SELECT id,file_name,file_type,file_size,department,category,total_chunks,total_parent_chunks,status,summary,create_time,update_time,deleted FROM knowledge_document WHERE deleted=0
2026-08-17 18:24:30.621 [http-nio-8002-exec-3] DEBUG c.r.r.K.selectList - ==> Parameters: 
2026-08-17 18:24:30.623 [http-nio-8002-exec-3] DEBUG c.r.r.K.selectList - <==      Total: 6
2026-08-17 18:24:31.004 [http-nio-8002-exec-5] DEBUG c.r.r.K.selectList - ==>  Preparing: SELECT id,file_name,file_type,file_size,department,category,total_chunks,total_parent_chunks,status,summary,create_time,update_time,deleted FROM knowledge_document WHERE deleted=0 ORDER BY create_time DESC
2026-08-17 18:24:31.004 [http-nio-8002-exec-5] DEBUG c.r.r.K.selectList - ==> Parameters: 
2026-08-17 18:24:31.007 [http-nio-8002-exec-5] DEBUG c.r.r.K.selectList - <==      Total: 6
2026-08-17 18:34:30.620 [http-nio-8002-exec-7] DEBUG c.r.r.K.selectCount - ==>  Preparing: SELECT COUNT( * ) AS total FROM knowledge_document WHERE deleted=0
2026-08-17 18:34:30.623 [http-nio-8002-exec-7] DEBUG c.r.r.K.selectCount - ==> Parameters: 
2026-08-17 18:34:30.624 [http-nio-8002-exec-7] DEBUG c.r.r.K.selectCount - <==      Total: 1
2026-08-17 18:34:30.626 [http-nio-8002-exec-7] DEBUG c.r.r.K.selectCount - ==>  Preparing: SELECT COUNT( * ) AS total FROM knowledge_chunk WHERE deleted=0
2026-08-17 18:34:30.626 [http-nio-8002-exec-7] DEBUG c.r.r.K.selectCount - ==> Parameters: 
2026-08-17 18:34:30.628 [http-nio-8002-exec-7] DEBUG c.r.r.K.selectCount - <==      Total: 1
2026-08-17 18:34:30.629 [http-nio-8002-exec-7] DEBUG c.r.r.K.selectList - ==>  Preparing: SELECT id,file_name,file_type,file_size,department,category,total_chunks,total_parent_chunks,status,summary,create_time,update_time,deleted FROM knowledge_document WHERE deleted=0
2026-08-17 18:34:30.629 [http-nio-8002-exec-7] DEBUG c.r.r.K.selectList - ==> Parameters: 
2026-08-17 18:34:30.632 [http-nio-8002-exec-7] DEBUG c.r.r.K.selectList - <==      Total: 6
2026-08-17 18:34:31.008 [http-nio-8002-exec-4] DEBUG c.r.r.K.selectList - ==>  Preparing: SELECT id,file_name,file_type,file_size,department,category,total_chunks,total_parent_chunks,status,summary,create_time,update_time,deleted FROM knowledge_document WHERE deleted=0 ORDER BY create_time DESC
2026-08-17 18:34:31.009 [http-nio-8002-exec-4] DEBUG c.r.r.K.selectList - ==> Parameters: 
2026-08-17 18:34:31.011 [http-nio-8002-exec-4] DEBUG c.r.r.K.selectList - <==      Total: 6
2026-08-17 18:44:30.649 [http-nio-8002-exec-2] DEBUG c.r.r.K.selectCount - ==>  Preparing: SELECT COUNT( * ) AS total FROM knowledge_document WHERE deleted=0
2026-08-17 18:44:30.650 [http-nio-8002-exec-2] DEBUG c.r.r.K.selectCount - ==> Parameters: 
2026-08-17 18:44:30.652 [http-nio-8002-exec-2] DEBUG c.r.r.K.selectCount - <==      Total: 1
2026-08-17 18:44:30.653 [http-nio-8002-exec-2] DEBUG c.r.r.K.selectCount - ==>  Preparing: SELECT COUNT( * ) AS total FROM knowledge_chunk WHERE deleted=0
2026-08-17 18:44:30.655 [http-nio-8002-exec-2] DEBUG c.r.r.K.selectCount - ==> Parameters: 
2026-08-17 18:44:30.661 [http-nio-8002-exec-2] DEBUG c.r.r.K.selectCount - <==      Total: 1
2026-08-17 18:44:30.662 [http-nio-8002-exec-2] DEBUG c.r.r.K.selectList - ==>  Preparing: SELECT id,file_name,file_type,file_size,department,category,total_chunks,total_parent_chunks,status,summary,create_time,update_time,deleted FROM knowledge_document WHERE deleted=0
2026-08-17 18:44:30.664 [http-nio-8002-exec-2] DEBUG c.r.r.K.selectList - ==> Parameters: 
2026-08-17 18:44:30.667 [http-nio-8002-exec-2] DEBUG c.r.r.K.selectList - <==      Total: 6
2026-08-17 18:44:31.144 [http-nio-8002-exec-3] DEBUG c.r.r.K.selectList - ==>  Preparing: SELECT id,file_name,file_type,file_size,department,category,total_chunks,total_parent_chunks,status,summary,create_time,update_time,deleted FROM knowledge_document WHERE deleted=0 ORDER BY create_time DESC
2026-08-17 18:44:31.145 [http-nio-8002-exec-3] DEBUG c.r.r.K.selectList - ==> Parameters: 
2026-08-17 18:44:31.149 [http-nio-8002-exec-3] DEBUG c.r.r.K.selectList - <==      Total: 6
2026-08-17 18:49:22.537 [http-nio-8002-exec-5] DEBUG c.r.r.K.selectCount - ==>  Preparing: SELECT COUNT( * ) AS total FROM knowledge_document WHERE deleted=0
2026-08-17 18:49:22.537 [http-nio-8002-exec-5] DEBUG c.r.r.K.selectCount - ==> Parameters: 
2026-08-17 18:49:22.539 [http-nio-8002-exec-5] DEBUG c.r.r.K.selectCount - <==      Total: 1
2026-08-17 18:49:22.541 [http-nio-8002-exec-5] DEBUG c.r.r.K.selectCount - ==>  Preparing: SELECT COUNT( * ) AS total FROM knowledge_chunk WHERE deleted=0
2026-08-17 18:49:22.541 [http-nio-8002-exec-5] DEBUG c.r.r.K.selectCount - ==> Parameters: 
2026-08-17 18:49:22.542 [http-nio-8002-exec-5] DEBUG c.r.r.K.selectCount - <==      Total: 1
2026-08-17 18:49:22.543 [http-nio-8002-exec-5] DEBUG c.r.r.K.selectList - ==>  Preparing: SELECT id,file_name,file_type,file_size,department,category,total_chunks,total_parent_chunks,status,summary,create_time,update_time,deleted FROM knowledge_document WHERE deleted=0
2026-08-17 18:49:22.544 [http-nio-8002-exec-5] DEBUG c.r.r.K.selectList - ==> Parameters: 
2026-08-17 18:49:22.548 [http-nio-8002-exec-5] DEBUG c.r.r.K.selectList - <==      Total: 6
2026-08-17 18:49:22.966 [http-nio-8002-exec-7] DEBUG c.r.r.K.selectList - ==>  Preparing: SELECT id,file_name,file_type,file_size,department,category,total_chunks,total_parent_chunks,status,summary,create_time,update_time,deleted FROM knowledge_document WHERE deleted=0 ORDER BY create_time DESC
2026-08-17 18:49:22.968 [http-nio-8002-exec-7] DEBUG c.r.r.K.selectList - ==> Parameters: 
2026-08-17 18:49:22.973 [http-nio-8002-exec-7] DEBUG c.r.r.K.selectList - <==      Total: 6
2026-08-17 18:49:26.025 [http-nio-8002-exec-4] DEBUG c.r.r.K.selectCount - ==>  Preparing: SELECT COUNT( * ) AS total FROM knowledge_document WHERE deleted=0
2026-08-17 18:49:26.026 [http-nio-8002-exec-4] DEBUG c.r.r.K.selectCount - ==> Parameters: 
2026-08-17 18:49:26.027 [http-nio-8002-exec-4] DEBUG c.r.r.K.selectCount - <==      Total: 1
2026-08-17 18:49:26.028 [http-nio-8002-exec-4] DEBUG c.r.r.K.selectCount - ==>  Preparing: SELECT COUNT( * ) AS total FROM knowledge_chunk WHERE deleted=0
2026-08-17 18:49:26.028 [http-nio-8002-exec-4] DEBUG c.r.r.K.selectCount - ==> Parameters: 
2026-08-17 18:49:26.029 [http-nio-8002-exec-4] DEBUG c.r.r.K.selectCount - <==      Total: 1
2026-08-17 18:49:26.030 [http-nio-8002-exec-4] DEBUG c.r.r.K.selectList - ==>  Preparing: SELECT id,file_name,file_type,file_size,department,category,total_chunks,total_parent_chunks,status,summary,create_time,update_time,deleted FROM knowledge_document WHERE deleted=0
2026-08-17 18:49:26.031 [http-nio-8002-exec-4] DEBUG c.r.r.K.selectList - ==> Parameters: 
2026-08-17 18:49:26.035 [http-nio-8002-exec-4] DEBUG c.r.r.K.selectList - <==      Total: 6
2026-08-17 18:49:26.318 [http-nio-8002-exec-2] DEBUG c.r.r.K.selectList - ==>  Preparing: SELECT id,file_name,file_type,file_size,department,category,total_chunks,total_parent_chunks,status,summary,create_time,update_time,deleted FROM knowledge_document WHERE deleted=0 ORDER BY create_time DESC
2026-08-17 18:49:26.319 [http-nio-8002-exec-2] DEBUG c.r.r.K.selectList - ==> Parameters: 
2026-08-17 18:49:26.321 [http-nio-8002-exec-2] DEBUG c.r.r.K.selectList - <==      Total: 6
2026-08-17 18:59:26.586 [http-nio-8002-exec-3] DEBUG c.r.r.K.selectCount - ==>  Preparing: SELECT COUNT( * ) AS total FROM knowledge_document WHERE deleted=0
2026-08-17 18:59:26.586 [http-nio-8002-exec-3] DEBUG c.r.r.K.selectCount - ==> Parameters: 
2026-08-17 18:59:26.591 [http-nio-8002-exec-3] DEBUG c.r.r.K.selectCount - <==      Total: 1
2026-08-17 18:59:26.591 [http-nio-8002-exec-3] DEBUG c.r.r.K.selectCount - ==>  Preparing: SELECT COUNT( * ) AS total FROM knowledge_chunk WHERE deleted=0
2026-08-17 18:59:26.592 [http-nio-8002-exec-3] DEBUG c.r.r.K.selectCount - ==> Parameters: 
2026-08-17 18:59:26.593 [http-nio-8002-exec-3] DEBUG c.r.r.K.selectCount - <==      Total: 1
2026-08-17 18:59:26.593 [http-nio-8002-exec-3] DEBUG c.r.r.K.selectList - ==>  Preparing: SELECT id,file_name,file_type,file_size,department,category,total_chunks,total_parent_chunks,status,summary,create_time,update_time,deleted FROM knowledge_document WHERE deleted=0
2026-08-17 18:59:26.594 [http-nio-8002-exec-3] DEBUG c.r.r.K.selectList - ==> Parameters: 
2026-08-17 18:59:26.596 [http-nio-8002-exec-3] DEBUG c.r.r.K.selectList - <==      Total: 6
2026-08-17 18:59:26.797 [http-nio-8002-exec-5] DEBUG c.r.r.K.selectList - ==>  Preparing: SELECT id,file_name,file_type,file_size,department,category,total_chunks,total_parent_chunks,status,summary,create_time,update_time,deleted FROM knowledge_document WHERE deleted=0 ORDER BY create_time DESC
2026-08-17 18:59:26.797 [http-nio-8002-exec-5] DEBUG c.r.r.K.selectList - ==> Parameters: 
2026-08-17 18:59:26.799 [http-nio-8002-exec-5] DEBUG c.r.r.K.selectList - <==      Total: 6
2026-08-17 19:09:26.532 [http-nio-8002-exec-7] DEBUG c.r.r.K.selectCount - ==>  Preparing: SELECT COUNT( * ) AS total FROM knowledge_document WHERE deleted=0
2026-08-17 19:09:26.532 [http-nio-8002-exec-7] DEBUG c.r.r.K.selectCount - ==> Parameters: 
2026-08-17 19:09:26.533 [http-nio-8002-exec-7] DEBUG c.r.r.K.selectCount - <==      Total: 1
2026-08-17 19:09:26.534 [http-nio-8002-exec-7] DEBUG c.r.r.K.selectCount - ==>  Preparing: SELECT COUNT( * ) AS total FROM knowledge_chunk WHERE deleted=0
2026-08-17 19:09:26.534 [http-nio-8002-exec-7] DEBUG c.r.r.K.selectCount - ==> Parameters: 
2026-08-17 19:09:26.535 [http-nio-8002-exec-7] DEBUG c.r.r.K.selectCount - <==      Total: 1
2026-08-17 19:09:26.535 [http-nio-8002-exec-7] DEBUG c.r.r.K.selectList - ==>  Preparing: SELECT id,file_name,file_type,file_size,department,category,total_chunks,total_parent_chunks,status,summary,create_time,update_time,deleted FROM knowledge_document WHERE deleted=0
2026-08-17 19:09:26.535 [http-nio-8002-exec-7] DEBUG c.r.r.K.selectList - ==> Parameters: 
2026-08-17 19:09:26.537 [http-nio-8002-exec-7] DEBUG c.r.r.K.selectList - <==      Total: 6
2026-08-17 19:09:26.730 [http-nio-8002-exec-4] DEBUG c.r.r.K.selectList - ==>  Preparing: SELECT id,file_name,file_type,file_size,department,category,total_chunks,total_parent_chunks,status,summary,create_time,update_time,deleted FROM knowledge_document WHERE deleted=0 ORDER BY create_time DESC
2026-08-17 19:09:26.730 [http-nio-8002-exec-4] DEBUG c.r.r.K.selectList - ==> Parameters: 
2026-08-17 19:09:26.731 [http-nio-8002-exec-4] DEBUG c.r.r.K.selectList - <==      Total: 6
2026-08-17 19:19:26.536 [http-nio-8002-exec-2] DEBUG c.r.r.K.selectCount - ==>  Preparing: SELECT COUNT( * ) AS total FROM knowledge_document WHERE deleted=0
2026-08-17 19:19:26.536 [http-nio-8002-exec-2] DEBUG c.r.r.K.selectCount - ==> Parameters: 
2026-08-17 19:19:26.537 [http-nio-8002-exec-2] DEBUG c.r.r.K.selectCount - <==      Total: 1
2026-08-17 19:19:26.538 [http-nio-8002-exec-2] DEBUG c.r.r.K.selectCount - ==>  Preparing: SELECT COUNT( * ) AS total FROM knowledge_chunk WHERE deleted=0
2026-08-17 19:19:26.538 [http-nio-8002-exec-2] DEBUG c.r.r.K.selectCount - ==> Parameters: 
2026-08-17 19:19:26.538 [http-nio-8002-exec-2] DEBUG c.r.r.K.selectCount - <==      Total: 1
2026-08-17 19:19:26.539 [http-nio-8002-exec-2] DEBUG c.r.r.K.selectList - ==>  Preparing: SELECT id,file_name,file_type,file_size,department,category,total_chunks,total_parent_chunks,status,summary,create_time,update_time,deleted FROM knowledge_document WHERE deleted=0
2026-08-17 19:19:26.539 [http-nio-8002-exec-2] DEBUG c.r.r.K.selectList - ==> Parameters: 
2026-08-17 19:19:26.541 [http-nio-8002-exec-2] DEBUG c.r.r.K.selectList - <==      Total: 6
2026-08-17 19:19:26.745 [http-nio-8002-exec-3] DEBUG c.r.r.K.selectList - ==>  Preparing: SELECT id,file_name,file_type,file_size,department,category,total_chunks,total_parent_chunks,status,summary,create_time,update_time,deleted FROM knowledge_document WHERE deleted=0 ORDER BY create_time DESC
2026-08-17 19:19:26.746 [http-nio-8002-exec-3] DEBUG c.r.r.K.selectList - ==> Parameters: 
2026-08-17 19:19:26.750 [http-nio-8002-exec-3] DEBUG c.r.r.K.selectList - <==      Total: 6
2026-08-17 19:29:26.583 [http-nio-8002-exec-5] DEBUG c.r.r.K.selectCount - ==>  Preparing: SELECT COUNT( * ) AS total FROM knowledge_document WHERE deleted=0
2026-08-17 19:29:26.583 [http-nio-8002-exec-5] DEBUG c.r.r.K.selectCount - ==> Parameters: 
2026-08-17 19:29:26.584 [http-nio-8002-exec-5] DEBUG c.r.r.K.selectCount - <==      Total: 1
2026-08-17 19:29:26.585 [http-nio-8002-exec-5] DEBUG c.r.r.K.selectCount - ==>  Preparing: SELECT COUNT( * ) AS total FROM knowledge_chunk WHERE deleted=0
2026-08-17 19:29:26.585 [http-nio-8002-exec-5] DEBUG c.r.r.K.selectCount - ==> Parameters: 
2026-08-17 19:29:26.586 [http-nio-8002-exec-5] DEBUG c.r.r.K.selectCount - <==      Total: 1
2026-08-17 19:29:26.587 [http-nio-8002-exec-5] DEBUG c.r.r.K.selectList - ==>  Preparing: SELECT id,file_name,file_type,file_size,department,category,total_chunks,total_parent_chunks,status,summary,create_time,update_time,deleted FROM knowledge_document WHERE deleted=0
2026-08-17 19:29:26.587 [http-nio-8002-exec-5] DEBUG c.r.r.K.selectList - ==> Parameters: 
2026-08-17 19:29:26.588 [http-nio-8002-exec-5] DEBUG c.r.r.K.selectList - <==      Total: 6
2026-08-17 19:29:26.792 [http-nio-8002-exec-7] DEBUG c.r.r.K.selectList - ==>  Preparing: SELECT id,file_name,file_type,file_size,department,category,total_chunks,total_parent_chunks,status,summary,create_time,update_time,deleted FROM knowledge_document WHERE deleted=0 ORDER BY create_time DESC
2026-08-17 19:29:26.793 [http-nio-8002-exec-7] DEBUG c.r.r.K.selectList - ==> Parameters: 
2026-08-17 19:29:26.794 [http-nio-8002-exec-7] DEBUG c.r.r.K.selectList - <==      Total: 6
2026-08-17 19:39:26.538 [http-nio-8002-exec-4] DEBUG c.r.r.K.selectCount - ==>  Preparing: SELECT COUNT( * ) AS total FROM knowledge_document WHERE deleted=0
2026-08-17 19:39:26.538 [http-nio-8002-exec-4] DEBUG c.r.r.K.selectCount - ==> Parameters: 
2026-08-17 19:39:26.540 [http-nio-8002-exec-4] DEBUG c.r.r.K.selectCount - <==      Total: 1
2026-08-17 19:39:26.540 [http-nio-8002-exec-4] DEBUG c.r.r.K.selectCount - ==>  Preparing: SELECT COUNT( * ) AS total FROM knowledge_chunk WHERE deleted=0
2026-08-17 19:39:26.540 [http-nio-8002-exec-4] DEBUG c.r.r.K.selectCount - ==> Parameters: 
2026-08-17 19:39:26.541 [http-nio-8002-exec-4] DEBUG c.r.r.K.selectCount - <==      Total: 1
2026-08-17 19:39:26.541 [http-nio-8002-exec-4] DEBUG c.r.r.K.selectList - ==>  Preparing: SELECT id,file_name,file_type,file_size,department,category,total_chunks,total_parent_chunks,status,summary,create_time,update_time,deleted FROM knowledge_document WHERE deleted=0
2026-08-17 19:39:26.541 [http-nio-8002-exec-4] DEBUG c.r.r.K.selectList - ==> Parameters: 
2026-08-17 19:39:26.543 [http-nio-8002-exec-4] DEBUG c.r.r.K.selectList - <==      Total: 6
2026-08-17 19:39:26.749 [http-nio-8002-exec-2] DEBUG c.r.r.K.selectList - ==>  Preparing: SELECT id,file_name,file_type,file_size,department,category,total_chunks,total_parent_chunks,status,summary,create_time,update_time,deleted FROM knowledge_document WHERE deleted=0 ORDER BY create_time DESC
2026-08-17 19:39:26.750 [http-nio-8002-exec-2] DEBUG c.r.r.K.selectList - ==> Parameters: 
2026-08-17 19:39:26.752 [http-nio-8002-exec-2] DEBUG c.r.r.K.selectList - <==      Total: 6
2026-08-17 19:49:26.543 [http-nio-8002-exec-3] DEBUG c.r.r.K.selectCount - ==>  Preparing: SELECT COUNT( * ) AS total FROM knowledge_document WHERE deleted=0
2026-08-17 19:49:26.543 [http-nio-8002-exec-3] DEBUG c.r.r.K.selectCount - ==> Parameters: 
2026-08-17 19:49:26.544 [http-nio-8002-exec-3] DEBUG c.r.r.K.selectCount - <==      Total: 1
2026-08-17 19:49:26.544 [http-nio-8002-exec-3] DEBUG c.r.r.K.selectCount - ==>  Preparing: SELECT COUNT( * ) AS total FROM knowledge_chunk WHERE deleted=0
2026-08-17 19:49:26.544 [http-nio-8002-exec-3] DEBUG c.r.r.K.selectCount - ==> Parameters: 
2026-08-17 19:49:26.545 [http-nio-8002-exec-3] DEBUG c.r.r.K.selectCount - <==      Total: 1
2026-08-17 19:49:26.545 [http-nio-8002-exec-3] DEBUG c.r.r.K.selectList - ==>  Preparing: SELECT id,file_name,file_type,file_size,department,category,total_chunks,total_parent_chunks,status,summary,create_time,update_time,deleted FROM knowledge_document WHERE deleted=0
2026-08-17 19:49:26.545 [http-nio-8002-exec-3] DEBUG c.r.r.K.selectList - ==> Parameters: 
2026-08-17 19:49:26.547 [http-nio-8002-exec-3] DEBUG c.r.r.K.selectList - <==      Total: 6
2026-08-17 19:49:26.729 [http-nio-8002-exec-5] DEBUG c.r.r.K.selectList - ==>  Preparing: SELECT id,file_name,file_type,file_size,department,category,total_chunks,total_parent_chunks,status,summary,create_time,update_time,deleted FROM knowledge_document WHERE deleted=0 ORDER BY create_time DESC
2026-08-17 19:49:26.729 [http-nio-8002-exec-5] DEBUG c.r.r.K.selectList - ==> Parameters: 
2026-08-17 19:49:26.730 [http-nio-8002-exec-5] DEBUG c.r.r.K.selectList - <==      Total: 6
2026-08-17 19:58:41.018 [SpringApplicationShutdownHook] INFO  o.s.b.w.e.tomcat.GracefulShutdown - Commencing graceful shutdown. Waiting for active requests to complete
2026-08-17 19:58:41.025 [tomcat-shutdown] INFO  o.s.b.w.e.tomcat.GracefulShutdown - Graceful shutdown complete
2026-08-17 19:58:41.044 [SpringApplicationShutdownHook] INFO  c.ragstudy.service.Bm25ServiceImpl - BM25 索引服务已关闭
2026-08-17 19:58:41.049 [SpringApplicationShutdownHook] INFO  c.r.service.VectorStoreServiceImpl - Qdrant 客户端已关闭
2026-08-17 19:58:41.059 [SpringApplicationShutdownHook] INFO  c.r.service.EmbeddingServiceImpl - Embedding 服务已关闭
2026-08-17 19:58:41.060 [SpringApplicationShutdownHook] INFO  com.zaxxer.hikari.HikariDataSource - HikariPool-1 - Shutdown initiated...
2026-08-17 19:58:41.065 [SpringApplicationShutdownHook] INFO  com.zaxxer.hikari.HikariDataSource - HikariPool-1 - Shutdown completed.
